xml_filename,image_filename,class_name,xmin,ymin,xmax,ymax,width,height,area,aspect_ratio
crazing_1.xml,crazing_1.jpg,crazing,2.0,2.0,193.0,194.0,191.0,192.0,36672.0,0.9947916666666666
crazing_10.xml,crazing_10.jpg,crazing,60.0,20.0,194.0,69.0,134.0,49.0,6566.0,2.7346938775510203
crazing_10.xml,crazing_10.jpg,crazing,9.0,84.0,197.0,198.0,188.0,114.0,21432.0,1.6491228070175439
crazing_100.xml,crazing_100.jpg,crazing,1.0,10.0,108.0,121.0,107.0,111.0,11877.0,0.963963963963964
crazing_100.xml,crazing_100.jpg,crazing,35.0,1.0,200.0,83.0,165.0,82.0,13530.0,2.0121951219512195
crazing_100.xml,crazing_100.jpg,crazing,120.0,109.0,196.0,198.0,76.0,89.0,6764.0,0.8539325842696629
crazing_100.xml,crazing_100.jpg,crazing,8.0,112.0,164.0,190.0,156.0,78.0,12168.0,2.0
crazing_101.xml,crazing_101.jpg,crazing,40.0,12.0,187.0,152.0,147.0,140.0,20580.0,1.05
crazing_102.xml,crazing_102.jpg,crazing,2.0,2.0,144.0,153.0,142.0,151.0,21442.0,0.9403973509933775
crazing_102.xml,crazing_102.jpg,crazing,150.0,85.0,199.0,178.0,49.0,93.0,4557.0,0.5268817204301075
crazing_103.xml,crazing_103.jpg,crazing,1.0,18.0,130.0,99.0,129.0,81.0,10449.0,1.5925925925925926
crazing_103.xml,crazing_103.jpg,crazing,126.0,29.0,198.0,130.0,72.0,101.0,7272.0,0.7128712871287128
crazing_103.xml,crazing_103.jpg,crazing,1.0,107.0,86.0,191.0,85.0,84.0,7140.0,1.0119047619047619
crazing_104.xml,crazing_104.jpg,crazing,4.0,4.0,110.0,136.0,106.0,132.0,13992.0,0.803030303030303
crazing_104.xml,crazing_104.jpg,crazing,142.0,10.0,197.0,56.0,55.0,46.0,2530.0,1.1956521739130435
crazing_104.xml,crazing_104.jpg,crazing,137.0,42.0,199.0,116.0,62.0,74.0,4588.0,0.8378378378378378
crazing_104.xml,crazing_104.jpg,patches,78.0,169.0,118.0,200.0,40.0,31.0,1240.0,1.2903225806451613
crazing_105.xml,crazing_105.jpg,crazing,4.0,3.0,113.0,134.0,109.0,131.0,14279.0,0.8320610687022901
crazing_105.xml,crazing_105.jpg,crazing,133.0,1.0,197.0,149.0,64.0,148.0,9472.0,0.43243243243243246
crazing_105.xml,crazing_105.jpg,crazing,59.0,1.0,197.0,45.0,138.0,44.0,6072.0,3.1363636363636362
crazing_105.xml,crazing_105.jpg,inclusion,5.0,91.0,121.0,125.0,116.0,34.0,3944.0,3.411764705882353
crazing_106.xml,crazing_106.jpg,crazing,1.0,24.0,127.0,101.0,126.0,77.0,9702.0,1.6363636363636365
crazing_106.xml,crazing_106.jpg,crazing,16.0,120.0,189.0,156.0,173.0,36.0,6228.0,4.805555555555555
crazing_106.xml,crazing_106.jpg,crazing,113.0,152.0,177.0,188.0,64.0,36.0,2304.0,1.7777777777777777
crazing_107.xml,crazing_107.jpg,crazing,112.0,46.0,199.0,138.0,87.0,92.0,8004.0,0.9456521739130435
crazing_107.xml,crazing_107.jpg,crazing,2.0,1.0,105.0,79.0,103.0,78.0,8034.0,1.3205128205128205
crazing_107.xml,crazing_107.jpg,crazing,11.0,146.0,127.0,199.0,116.0,53.0,6148.0,2.188679245283019
crazing_108.xml,crazing_108.jpg,crazing,3.0,21.0,69.0,149.0,66.0,128.0,8448.0,0.515625
crazing_108.xml,crazing_108.jpg,crazing,90.0,115.0,198.0,193.0,108.0,78.0,8424.0,1.3846153846153846
crazing_109.xml,crazing_109.jpg,crazing,77.0,1.0,199.0,42.0,122.0,41.0,5002.0,2.975609756097561
crazing_109.xml,crazing_109.jpg,crazing,39.0,38.0,198.0,87.0,159.0,49.0,7791.0,3.2448979591836733
crazing_109.xml,crazing_109.jpg,crazing,32.0,88.0,145.0,131.0,113.0,43.0,4859.0,2.627906976744186
crazing_11.xml,crazing_11.jpg,crazing,20.0,68.0,112.0,111.0,92.0,43.0,3956.0,2.13953488372093
crazing_11.xml,crazing_11.jpg,crazing,85.0,12.0,193.0,70.0,108.0,58.0,6264.0,1.8620689655172413
crazing_11.xml,crazing_11.jpg,crazing,62.0,134.0,142.0,184.0,80.0,50.0,4000.0,1.6
crazing_110.xml,crazing_110.jpg,crazing,105.0,18.0,193.0,75.0,88.0,57.0,5016.0,1.543859649122807
crazing_110.xml,crazing_110.jpg,crazing,1.0,16.0,89.0,79.0,88.0,63.0,5544.0,1.3968253968253967
crazing_111.xml,crazing_111.jpg,crazing,37.0,28.0,167.0,109.0,130.0,81.0,10530.0,1.6049382716049383
crazing_111.xml,crazing_111.jpg,crazing,119.0,12.0,199.0,126.0,80.0,114.0,9120.0,0.7017543859649122
crazing_112.xml,crazing_112.jpg,crazing,14.0,44.0,123.0,106.0,109.0,62.0,6758.0,1.7580645161290323
crazing_112.xml,crazing_112.jpg,crazing,3.0,119.0,138.0,182.0,135.0,63.0,8505.0,2.142857142857143
crazing_112.xml,crazing_112.jpg,patches,124.0,34.0,165.0,112.0,41.0,78.0,3198.0,0.5256410256410257
crazing_113.xml,crazing_113.jpg,crazing,23.0,134.0,123.0,186.0,100.0,52.0,5200.0,1.9230769230769231
crazing_113.xml,crazing_113.jpg,crazing,1.0,48.0,162.0,116.0,161.0,68.0,10948.0,2.3676470588235294
crazing_114.xml,crazing_114.jpg,crazing,41.0,139.0,169.0,188.0,128.0,49.0,6272.0,2.6122448979591835
crazing_114.xml,crazing_114.jpg,crazing,5.0,52.0,46.0,198.0,41.0,146.0,5986.0,0.2808219178082192
crazing_114.xml,crazing_114.jpg,crazing,2.0,16.0,94.0,91.0,92.0,75.0,6900.0,1.2266666666666666
crazing_115.xml,crazing_115.jpg,crazing,9.0,25.0,187.0,74.0,178.0,49.0,8722.0,3.63265306122449
crazing_115.xml,crazing_115.jpg,crazing,24.0,79.0,109.0,135.0,85.0,56.0,4760.0,1.5178571428571428
crazing_115.xml,crazing_115.jpg,crazing,97.0,45.0,192.0,141.0,95.0,96.0,9120.0,0.9895833333333334
crazing_116.xml,crazing_116.jpg,crazing,121.0,13.0,174.0,69.0,53.0,56.0,2968.0,0.9464285714285714
crazing_116.xml,crazing_116.jpg,crazing,19.0,113.0,134.0,186.0,115.0,73.0,8395.0,1.5753424657534247
crazing_117.xml,crazing_117.jpg,crazing,12.0,39.0,154.0,144.0,142.0,105.0,14910.0,1.3523809523809525
crazing_117.xml,crazing_117.jpg,crazing,66.0,138.0,169.0,189.0,103.0,51.0,5253.0,2.019607843137255
crazing_118.xml,crazing_118.jpg,crazing,7.0,144.0,79.0,188.0,72.0,44.0,3168.0,1.6363636363636365
crazing_118.xml,crazing_118.jpg,crazing,1.0,65.0,75.0,138.0,74.0,73.0,5402.0,1.0136986301369864
crazing_118.xml,crazing_118.jpg,crazing,44.0,120.0,178.0,173.0,134.0,53.0,7102.0,2.5283018867924527
crazing_118.xml,crazing_118.jpg,crazing,58.0,82.0,195.0,133.0,137.0,51.0,6987.0,2.6862745098039214
crazing_119.xml,crazing_119.jpg,crazing,72.0,63.0,193.0,147.0,121.0,84.0,10164.0,1.4404761904761905
crazing_119.xml,crazing_119.jpg,crazing,1.0,112.0,136.0,157.0,135.0,45.0,6075.0,3.0
crazing_119.xml,crazing_119.jpg,crazing,64.0,14.0,171.0,58.0,107.0,44.0,4708.0,2.4318181818181817
crazing_119.xml,crazing_119.jpg,crazing,5.0,18.0,137.0,98.0,132.0,80.0,10560.0,1.65
crazing_12.xml,crazing_12.jpg,crazing,1.0,1.0,141.0,50.0,140.0,49.0,6860.0,2.857142857142857
crazing_12.xml,crazing_12.jpg,crazing,1.0,107.0,119.0,162.0,118.0,55.0,6490.0,2.1454545454545455
crazing_120.xml,crazing_120.jpg,crazing,83.0,6.0,178.0,57.0,95.0,51.0,4845.0,1.8627450980392157
crazing_120.xml,crazing_120.jpg,crazing,106.0,68.0,200.0,108.0,94.0,40.0,3760.0,2.35
crazing_120.xml,crazing_120.jpg,crazing,1.0,81.0,117.0,146.0,116.0,65.0,7540.0,1.7846153846153847
crazing_120.xml,crazing_120.jpg,crazing,1.0,81.0,117.0,146.0,116.0,65.0,7540.0,1.7846153846153847
crazing_120.xml,crazing_120.jpg,crazing,91.0,110.0,199.0,152.0,108.0,42.0,4536.0,2.5714285714285716
crazing_121.xml,crazing_121.jpg,crazing,72.0,114.0,173.0,171.0,101.0,57.0,5757.0,1.7719298245614035
crazing_121.xml,crazing_121.jpg,crazing,23.0,21.0,156.0,72.0,133.0,51.0,6783.0,2.607843137254902
crazing_122.xml,crazing_122.jpg,crazing,82.0,136.0,195.0,166.0,113.0,30.0,3390.0,3.7666666666666666
crazing_122.xml,crazing_122.jpg,crazing,44.0,73.0,109.0,133.0,65.0,60.0,3900.0,1.0833333333333333
crazing_123.xml,crazing_123.jpg,crazing,78.0,121.0,194.0,167.0,116.0,46.0,5336.0,2.5217391304347827
crazing_124.xml,crazing_124.jpg,crazing,42.0,24.0,185.0,71.0,143.0,47.0,6721.0,3.0425531914893615
crazing_124.xml,crazing_124.jpg,crazing,1.0,12.0,39.0,160.0,38.0,148.0,5624.0,0.25675675675675674
crazing_125.xml,crazing_125.jpg,crazing,71.0,80.0,193.0,127.0,122.0,47.0,5734.0,2.595744680851064
crazing_125.xml,crazing_125.jpg,crazing,64.0,23.0,196.0,93.0,132.0,70.0,9240.0,1.8857142857142857
crazing_125.xml,crazing_125.jpg,crazing,114.0,66.0,200.0,177.0,86.0,111.0,9546.0,0.7747747747747747
crazing_126.xml,crazing_126.jpg,crazing,1.0,63.0,108.0,124.0,107.0,61.0,6527.0,1.7540983606557377
crazing_126.xml,crazing_126.jpg,crazing,90.0,23.0,198.0,74.0,108.0,51.0,5508.0,2.1176470588235294
crazing_127.xml,crazing_127.jpg,crazing,13.0,132.0,119.0,191.0,106.0,59.0,6254.0,1.7966101694915255
crazing_127.xml,crazing_127.jpg,crazing,58.0,24.0,145.0,115.0,87.0,91.0,7917.0,0.9560439560439561
crazing_128.xml,crazing_128.jpg,crazing,1.0,34.0,60.0,95.0,59.0,61.0,3599.0,0.9672131147540983
crazing_128.xml,crazing_128.jpg,crazing,89.0,79.0,156.0,137.0,67.0,58.0,3886.0,1.1551724137931034
crazing_128.xml,crazing_128.jpg,crazing,90.0,28.0,174.0,75.0,84.0,47.0,3948.0,1.7872340425531914
crazing_129.xml,crazing_129.jpg,crazing,1.0,76.0,94.0,123.0,93.0,47.0,4371.0,1.9787234042553192
crazing_129.xml,crazing_129.jpg,crazing,98.0,58.0,169.0,134.0,71.0,76.0,5396.0,0.9342105263157895
crazing_13.xml,crazing_13.jpg,crazing,71.0,21.0,140.0,114.0,69.0,93.0,6417.0,0.7419354838709677
crazing_13.xml,crazing_13.jpg,crazing,1.0,126.0,89.0,176.0,88.0,50.0,4400.0,1.76
crazing_13.xml,crazing_13.jpg,crazing,124.0,117.0,199.0,173.0,75.0,56.0,4200.0,1.3392857142857142
crazing_130.xml,crazing_130.jpg,crazing,2.0,134.0,155.0,179.0,153.0,45.0,6885.0,3.4
crazing_130.xml,crazing_130.jpg,crazing,2.0,6.0,84.0,99.0,82.0,93.0,7626.0,0.8817204301075269
crazing_130.xml,crazing_130.jpg,crazing,77.0,104.0,199.0,158.0,122.0,54.0,6588.0,2.259259259259259
crazing_131.xml,crazing_131.jpg,crazing,1.0,21.0,153.0,76.0,152.0,55.0,8360.0,2.7636363636363637
crazing_131.xml,crazing_131.jpg,crazing,18.0,130.0,122.0,186.0,104.0,56.0,5824.0,1.8571428571428572
crazing_131.xml,crazing_131.jpg,crazing,131.0,17.0,194.0,106.0,63.0,89.0,5607.0,0.7078651685393258
crazing_132.xml,crazing_132.jpg,crazing,45.0,29.0,148.0,83.0,103.0,54.0,5562.0,1.9074074074074074
crazing_132.xml,crazing_132.jpg,crazing,37.0,89.0,152.0,149.0,115.0,60.0,6900.0,1.9166666666666667
crazing_133.xml,crazing_133.jpg,crazing,57.0,137.0,162.0,194.0,105.0,57.0,5985.0,1.8421052631578947
crazing_133.xml,crazing_133.jpg,crazing,47.0,94.0,169.0,161.0,122.0,67.0,8174.0,1.8208955223880596
crazing_134.xml,crazing_134.jpg,crazing,33.0,26.0,133.0,80.0,100.0,54.0,5400.0,1.8518518518518519
crazing_134.xml,crazing_134.jpg,crazing,40.0,89.0,141.0,148.0,101.0,59.0,5959.0,1.7118644067796611
crazing_135.xml,crazing_135.jpg,crazing,13.0,23.0,158.0,106.0,145.0,83.0,12035.0,1.7469879518072289
crazing_135.xml,crazing_135.jpg,crazing,50.0,117.0,178.0,191.0,128.0,74.0,9472.0,1.7297297297297298
crazing_136.xml,crazing_136.jpg,crazing,1.0,88.0,88.0,144.0,87.0,56.0,4872.0,1.5535714285714286
crazing_136.xml,crazing_136.jpg,crazing,126.0,111.0,191.0,184.0,65.0,73.0,4745.0,0.8904109589041096
crazing_137.xml,crazing_137.jpg,crazing,32.0,78.0,164.0,136.0,132.0,58.0,7656.0,2.2758620689655173
crazing_137.xml,crazing_137.jpg,crazing,38.0,140.0,95.0,192.0,57.0,52.0,2964.0,1.0961538461538463
crazing_137.xml,crazing_137.jpg,crazing,38.0,10.0,88.0,67.0,50.0,57.0,2850.0,0.8771929824561403
crazing_138.xml,crazing_138.jpg,crazing,26.0,63.0,141.0,142.0,115.0,79.0,9085.0,1.4556962025316456
crazing_138.xml,crazing_138.jpg,crazing,56.0,19.0,115.0,66.0,59.0,47.0,2773.0,1.2553191489361701
crazing_139.xml,crazing_139.jpg,crazing,1.0,5.0,99.0,70.0,98.0,65.0,6370.0,1.5076923076923077
crazing_139.xml,crazing_139.jpg,crazing,7.0,83.0,97.0,136.0,90.0,53.0,4770.0,1.6981132075471699
crazing_14.xml,crazing_14.jpg,crazing,22.0,116.0,108.0,170.0,86.0,54.0,4644.0,1.5925925925925926
crazing_140.xml,crazing_140.jpg,crazing,27.0,115.0,145.0,185.0,118.0,70.0,8260.0,1.6857142857142857
crazing_140.xml,crazing_140.jpg,crazing,146.0,3.0,194.0,164.0,48.0,161.0,7728.0,0.2981366459627329
crazing_141.xml,crazing_141.jpg,crazing,4.0,34.0,58.0,134.0,54.0,100.0,5400.0,0.54
crazing_141.xml,crazing_141.jpg,crazing,73.0,117.0,198.0,157.0,125.0,40.0,5000.0,3.125
crazing_142.xml,crazing_142.jpg,crazing,2.0,143.0,100.0,178.0,98.0,35.0,3430.0,2.8
crazing_142.xml,crazing_142.jpg,crazing,121.0,109.0,185.0,164.0,64.0,55.0,3520.0,1.1636363636363636
crazing_142.xml,crazing_142.jpg,crazing,2.0,83.0,84.0,135.0,82.0,52.0,4264.0,1.5769230769230769
crazing_143.xml,crazing_143.jpg,crazing,12.0,104.0,95.0,186.0,83.0,82.0,6806.0,1.0121951219512195
crazing_143.xml,crazing_143.jpg,crazing,9.0,31.0,137.0,100.0,128.0,69.0,8832.0,1.855072463768116
crazing_144.xml,crazing_144.jpg,crazing,42.0,24.0,189.0,71.0,147.0,47.0,6909.0,3.127659574468085
crazing_144.xml,crazing_144.jpg,crazing,50.0,91.0,127.0,157.0,77.0,66.0,5082.0,1.1666666666666667
crazing_145.xml,crazing_145.jpg,crazing,20.0,9.0,95.0,83.0,75.0,74.0,5550.0,1.0135135135135136
crazing_145.xml,crazing_145.jpg,crazing,27.0,91.0,164.0,176.0,137.0,85.0,11645.0,1.611764705882353
crazing_146.xml,crazing_146.jpg,crazing,43.0,109.0,95.0,193.0,52.0,84.0,4368.0,0.6190476190476191
crazing_147.xml,crazing_147.jpg,crazing,90.0,117.0,164.0,159.0,74.0,42.0,3108.0,1.7619047619047619
crazing_147.xml,crazing_147.jpg,crazing,3.0,42.0,72.0,93.0,69.0,51.0,3519.0,1.3529411764705883
crazing_148.xml,crazing_148.jpg,crazing,4.0,39.0,85.0,97.0,81.0,58.0,4698.0,1.396551724137931
crazing_149.xml,crazing_149.jpg,crazing,33.0,5.0,149.0,69.0,116.0,64.0,7424.0,1.8125
crazing_149.xml,crazing_149.jpg,crazing,26.0,108.0,154.0,179.0,128.0,71.0,9088.0,1.8028169014084507
crazing_15.xml,crazing_15.jpg,crazing,27.0,46.0,149.0,101.0,122.0,55.0,6710.0,2.2181818181818183
crazing_15.xml,crazing_15.jpg,crazing,27.0,16.0,167.0,65.0,140.0,49.0,6860.0,2.857142857142857
crazing_150.xml,crazing_150.jpg,crazing,52.0,148.0,186.0,196.0,134.0,48.0,6432.0,2.7916666666666665
crazing_152.xml,crazing_152.jpg,crazing,48.0,98.0,146.0,135.0,98.0,37.0,3626.0,2.6486486486486487
crazing_152.xml,crazing_152.jpg,crazing,2.0,137.0,135.0,191.0,133.0,54.0,7182.0,2.462962962962963
crazing_152.xml,crazing_152.jpg,patches,156.0,136.0,191.0,168.0,35.0,32.0,1120.0,1.09375
crazing_154.xml,crazing_154.jpg,crazing,1.0,24.0,90.0,99.0,89.0,75.0,6675.0,1.1866666666666668
crazing_154.xml,crazing_154.jpg,crazing,97.0,45.0,172.0,117.0,75.0,72.0,5400.0,1.0416666666666667
crazing_154.xml,crazing_154.jpg,crazing,98.0,128.0,182.0,173.0,84.0,45.0,3780.0,1.8666666666666667
crazing_155.xml,crazing_155.jpg,crazing,15.0,9.0,107.0,82.0,92.0,73.0,6716.0,1.2602739726027397
crazing_155.xml,crazing_155.jpg,crazing,111.0,55.0,191.0,168.0,80.0,113.0,9040.0,0.7079646017699115
crazing_155.xml,crazing_155.jpg,crazing,2.0,91.0,108.0,149.0,106.0,58.0,6148.0,1.8275862068965518
crazing_156.xml,crazing_156.jpg,crazing,1.0,25.0,92.0,94.0,91.0,69.0,6279.0,1.318840579710145
crazing_156.xml,crazing_156.jpg,crazing,103.0,24.0,193.0,113.0,90.0,89.0,8010.0,1.0112359550561798
crazing_156.xml,crazing_156.jpg,crazing,43.0,98.0,132.0,156.0,89.0,58.0,5162.0,1.5344827586206897
crazing_157.xml,crazing_157.jpg,crazing,64.0,3.0,161.0,80.0,97.0,77.0,7469.0,1.2597402597402598
crazing_157.xml,crazing_157.jpg,crazing,48.0,87.0,166.0,157.0,118.0,70.0,8260.0,1.6857142857142857
crazing_158.xml,crazing_158.jpg,crazing,51.0,57.0,125.0,135.0,74.0,78.0,5772.0,0.9487179487179487
crazing_159.xml,crazing_159.jpg,crazing,35.0,4.0,124.0,63.0,89.0,59.0,5251.0,1.5084745762711864
crazing_159.xml,crazing_159.jpg,crazing,35.0,118.0,197.0,183.0,162.0,65.0,10530.0,2.4923076923076923
crazing_16.xml,crazing_16.jpg,crazing,105.0,124.0,178.0,175.0,73.0,51.0,3723.0,1.4313725490196079
crazing_16.xml,crazing_16.jpg,crazing,11.0,102.0,75.0,157.0,64.0,55.0,3520.0,1.1636363636363636
crazing_160.xml,crazing_160.jpg,crazing,18.0,20.0,154.0,77.0,136.0,57.0,7752.0,2.3859649122807016
crazing_160.xml,crazing_160.jpg,crazing,13.0,108.0,136.0,190.0,123.0,82.0,10086.0,1.5
crazing_161.xml,crazing_161.jpg,crazing,77.0,9.0,152.0,138.0,75.0,129.0,9675.0,0.5813953488372093
crazing_162.xml,crazing_162.jpg,crazing,58.0,12.0,130.0,149.0,72.0,137.0,9864.0,0.5255474452554745
crazing_163.xml,crazing_163.jpg,crazing,1.0,86.0,69.0,185.0,68.0,99.0,6732.0,0.6868686868686869
crazing_163.xml,crazing_163.jpg,crazing,86.0,135.0,191.0,198.0,105.0,63.0,6615.0,1.6666666666666667
crazing_163.xml,crazing_163.jpg,crazing,72.0,28.0,189.0,87.0,117.0,59.0,6903.0,1.9830508474576272
crazing_164.xml,crazing_164.jpg,crazing,12.0,61.0,91.0,176.0,79.0,115.0,9085.0,0.6869565217391305
crazing_165.xml,crazing_165.jpg,crazing,50.0,105.0,138.0,170.0,88.0,65.0,5720.0,1.353846153846154
crazing_165.xml,crazing_165.jpg,crazing,51.0,1.0,127.0,65.0,76.0,64.0,4864.0,1.1875
crazing_167.xml,crazing_167.jpg,crazing,90.0,10.0,179.0,101.0,89.0,91.0,8099.0,0.978021978021978
crazing_167.xml,crazing_167.jpg,crazing,59.0,133.0,198.0,186.0,139.0,53.0,7367.0,2.6226415094339623
crazing_168.xml,crazing_168.jpg,crazing,1.0,47.0,136.0,101.0,135.0,54.0,7290.0,2.5
crazing_168.xml,crazing_168.jpg,crazing,1.0,106.0,129.0,188.0,128.0,82.0,10496.0,1.5609756097560976
crazing_169.xml,crazing_169.jpg,crazing,4.0,47.0,147.0,112.0,143.0,65.0,9295.0,2.2
crazing_169.xml,crazing_169.jpg,crazing,27.0,117.0,180.0,152.0,153.0,35.0,5355.0,4.371428571428571
crazing_169.xml,crazing_169.jpg,crazing,19.0,10.0,139.0,62.0,120.0,52.0,6240.0,2.3076923076923075
crazing_17.xml,crazing_17.jpg,crazing,111.0,66.0,188.0,174.0,77.0,108.0,8316.0,0.7129629629629629
crazing_17.xml,crazing_17.jpg,crazing,124.0,6.0,195.0,102.0,71.0,96.0,6816.0,0.7395833333333334
crazing_170.xml,crazing_170.jpg,crazing,48.0,11.0,135.0,77.0,87.0,66.0,5742.0,1.3181818181818181
crazing_170.xml,crazing_170.jpg,crazing,23.0,133.0,104.0,180.0,81.0,47.0,3807.0,1.7234042553191489
crazing_171.xml,crazing_171.jpg,crazing,96.0,9.0,192.0,89.0,96.0,80.0,7680.0,1.2
crazing_172.xml,crazing_172.jpg,crazing,4.0,15.0,163.0,87.0,159.0,72.0,11448.0,2.2083333333333335
crazing_172.xml,crazing_172.jpg,crazing,61.0,97.0,180.0,176.0,119.0,79.0,9401.0,1.5063291139240507
crazing_173.xml,crazing_173.jpg,crazing,62.0,97.0,175.0,153.0,113.0,56.0,6328.0,2.017857142857143
crazing_173.xml,crazing_173.jpg,crazing,62.0,165.0,198.0,198.0,136.0,33.0,4488.0,4.121212121212121
crazing_173.xml,crazing_173.jpg,crazing,32.0,27.0,151.0,76.0,119.0,49.0,5831.0,2.4285714285714284
crazing_174.xml,crazing_174.jpg,crazing,1.0,82.0,116.0,129.0,115.0,47.0,5405.0,2.4468085106382977
crazing_174.xml,crazing_174.jpg,crazing,1.0,134.0,174.0,181.0,173.0,47.0,8131.0,3.6808510638297873
crazing_175.xml,crazing_175.jpg,crazing,1.0,141.0,94.0,194.0,93.0,53.0,4929.0,1.7547169811320755
crazing_175.xml,crazing_175.jpg,crazing,74.0,92.0,151.0,143.0,77.0,51.0,3927.0,1.5098039215686274
crazing_176.xml,crazing_176.jpg,crazing,20.0,50.0,194.0,102.0,174.0,52.0,9048.0,3.3461538461538463
crazing_176.xml,crazing_176.jpg,crazing,106.0,109.0,195.0,188.0,89.0,79.0,7031.0,1.1265822784810127
crazing_177.xml,crazing_177.jpg,crazing,8.0,140.0,149.0,199.0,141.0,59.0,8319.0,2.389830508474576
crazing_177.xml,crazing_177.jpg,crazing,101.0,42.0,183.0,110.0,82.0,68.0,5576.0,1.2058823529411764
crazing_177.xml,crazing_177.jpg,crazing,6.0,99.0,123.0,161.0,117.0,62.0,7254.0,1.8870967741935485
crazing_178.xml,crazing_178.jpg,crazing,3.0,117.0,145.0,184.0,142.0,67.0,9514.0,2.1194029850746268
crazing_178.xml,crazing_178.jpg,crazing,13.0,38.0,93.0,114.0,80.0,76.0,6080.0,1.0526315789473684
crazing_179.xml,crazing_179.jpg,crazing,1.0,7.0,110.0,79.0,109.0,72.0,7848.0,1.5138888888888888
crazing_179.xml,crazing_179.jpg,crazing,1.0,72.0,80.0,151.0,79.0,79.0,6241.0,1.0
crazing_18.xml,crazing_18.jpg,crazing,112.0,89.0,198.0,143.0,86.0,54.0,4644.0,1.5925925925925926
crazing_18.xml,crazing_18.jpg,crazing,10.0,100.0,85.0,188.0,75.0,88.0,6600.0,0.8522727272727273
crazing_180.xml,crazing_180.jpg,crazing,2.0,96.0,198.0,168.0,196.0,72.0,14112.0,2.7222222222222223
crazing_180.xml,crazing_180.jpg,crazing,15.0,51.0,136.0,115.0,121.0,64.0,7744.0,1.890625
crazing_180.xml,crazing_180.jpg,crazing,115.0,6.0,199.0,116.0,84.0,110.0,9240.0,0.7636363636363637
crazing_180.xml,crazing_180.jpg,crazing,27.0,148.0,178.0,200.0,151.0,52.0,7852.0,2.9038461538461537
crazing_181.xml,crazing_181.jpg,crazing,25.0,48.0,116.0,112.0,91.0,64.0,5824.0,1.421875
crazing_181.xml,crazing_181.jpg,crazing,27.0,124.0,103.0,199.0,76.0,75.0,5700.0,1.0133333333333334
crazing_182.xml,crazing_182.jpg,crazing,30.0,121.0,80.0,198.0,50.0,77.0,3850.0,0.6493506493506493
crazing_182.xml,crazing_182.jpg,crazing,142.0,135.0,183.0,194.0,41.0,59.0,2419.0,0.6949152542372882
crazing_182.xml,crazing_182.jpg,crazing,143.0,25.0,188.0,82.0,45.0,57.0,2565.0,0.7894736842105263
crazing_183.xml,crazing_183.jpg,crazing,47.0,107.0,190.0,183.0,143.0,76.0,10868.0,1.881578947368421
crazing_183.xml,crazing_183.jpg,crazing,109.0,66.0,200.0,146.0,91.0,80.0,7280.0,1.1375
crazing_183.xml,crazing_183.jpg,crazing,7.0,34.0,111.0,124.0,104.0,90.0,9360.0,1.1555555555555554
crazing_184.xml,crazing_184.jpg,crazing,2.0,64.0,101.0,127.0,99.0,63.0,6237.0,1.5714285714285714
crazing_184.xml,crazing_184.jpg,crazing,58.0,133.0,133.0,191.0,75.0,58.0,4350.0,1.293103448275862
crazing_184.xml,crazing_184.jpg,crazing,110.0,79.0,199.0,123.0,89.0,44.0,3916.0,2.022727272727273
crazing_185.xml,crazing_185.jpg,crazing,1.0,81.0,184.0,160.0,183.0,79.0,14457.0,2.3164556962025316
crazing_186.xml,crazing_186.jpg,crazing,54.0,91.0,178.0,169.0,124.0,78.0,9672.0,1.5897435897435896
crazing_186.xml,crazing_186.jpg,crazing,1.0,4.0,103.0,177.0,102.0,173.0,17646.0,0.5895953757225434
crazing_186.xml,crazing_186.jpg,crazing,41.0,15.0,184.0,94.0,143.0,79.0,11297.0,1.8101265822784811
crazing_187.xml,crazing_187.jpg,crazing,2.0,27.0,171.0,138.0,169.0,111.0,18759.0,1.5225225225225225
crazing_188.xml,crazing_188.jpg,crazing,96.0,75.0,198.0,157.0,102.0,82.0,8364.0,1.2439024390243902
crazing_188.xml,crazing_188.jpg,crazing,2.0,3.0,189.0,71.0,187.0,68.0,12716.0,2.75
crazing_188.xml,crazing_188.jpg,crazing,1.0,75.0,124.0,180.0,123.0,105.0,12915.0,1.1714285714285715
crazing_189.xml,crazing_189.jpg,crazing,4.0,94.0,177.0,152.0,173.0,58.0,10034.0,2.9827586206896552
crazing_189.xml,crazing_189.jpg,crazing,3.0,16.0,133.0,77.0,130.0,61.0,7930.0,2.1311475409836067
crazing_19.xml,crazing_19.jpg,crazing,92.0,5.0,135.0,116.0,43.0,111.0,4773.0,0.38738738738738737
crazing_190.xml,crazing_190.jpg,crazing,1.0,45.0,127.0,147.0,126.0,102.0,12852.0,1.2352941176470589
crazing_190.xml,crazing_190.jpg,crazing,18.0,95.0,182.0,157.0,164.0,62.0,10168.0,2.6451612903225805
crazing_190.xml,crazing_190.jpg,crazing,1.0,6.0,147.0,65.0,146.0,59.0,8614.0,2.4745762711864407
crazing_190.xml,crazing_190.jpg,crazing,54.0,1.0,177.0,37.0,123.0,36.0,4428.0,3.4166666666666665
crazing_191.xml,crazing_191.jpg,crazing,8.0,22.0,169.0,62.0,161.0,40.0,6440.0,4.025
crazing_191.xml,crazing_191.jpg,crazing,26.0,76.0,198.0,133.0,172.0,57.0,9804.0,3.017543859649123
crazing_191.xml,crazing_191.jpg,crazing,29.0,135.0,106.0,195.0,77.0,60.0,4620.0,1.2833333333333334
crazing_192.xml,crazing_192.jpg,crazing,137.0,90.0,198.0,198.0,61.0,108.0,6588.0,0.5648148148148148
crazing_192.xml,crazing_192.jpg,crazing,17.0,120.0,129.0,191.0,112.0,71.0,7952.0,1.5774647887323943
crazing_192.xml,crazing_192.jpg,crazing,54.0,18.0,199.0,64.0,145.0,46.0,6670.0,3.152173913043478
crazing_193.xml,crazing_193.jpg,crazing,15.0,34.0,156.0,144.0,141.0,110.0,15510.0,1.2818181818181817
crazing_194.xml,crazing_194.jpg,crazing,17.0,58.0,177.0,161.0,160.0,103.0,16480.0,1.5533980582524272
crazing_195.xml,crazing_195.jpg,crazing,9.0,89.0,149.0,157.0,140.0,68.0,9520.0,2.0588235294117645
crazing_196.xml,crazing_196.jpg,crazing,15.0,42.0,197.0,87.0,182.0,45.0,8190.0,4.044444444444444
crazing_196.xml,crazing_196.jpg,crazing,68.0,2.0,197.0,46.0,129.0,44.0,5676.0,2.9318181818181817
crazing_196.xml,crazing_196.jpg,crazing,3.0,140.0,150.0,199.0,147.0,59.0,8673.0,2.4915254237288136
crazing_197.xml,crazing_197.jpg,crazing,15.0,97.0,198.0,181.0,183.0,84.0,15372.0,2.1785714285714284
crazing_197.xml,crazing_197.jpg,crazing,12.0,8.0,167.0,91.0,155.0,83.0,12865.0,1.8674698795180722
crazing_198.xml,crazing_198.jpg,crazing,47.0,99.0,191.0,189.0,144.0,90.0,12960.0,1.6
crazing_198.xml,crazing_198.jpg,crazing,1.0,48.0,85.0,145.0,84.0,97.0,8148.0,0.865979381443299
crazing_198.xml,crazing_198.jpg,crazing,71.0,1.0,200.0,42.0,129.0,41.0,5289.0,3.1463414634146343
crazing_199.xml,crazing_199.jpg,crazing,7.0,19.0,198.0,88.0,191.0,69.0,13179.0,2.7681159420289854
crazing_199.xml,crazing_199.jpg,crazing,1.0,89.0,72.0,159.0,71.0,70.0,4970.0,1.0142857142857142
crazing_2.xml,crazing_2.jpg,crazing,99.0,120.0,200.0,174.0,101.0,54.0,5454.0,1.8703703703703705
crazing_2.xml,crazing_2.jpg,crazing,8.0,16.0,200.0,111.0,192.0,95.0,18240.0,2.0210526315789474
crazing_20.xml,crazing_20.jpg,crazing,1.0,109.0,131.0,193.0,130.0,84.0,10920.0,1.5476190476190477
crazing_20.xml,crazing_20.jpg,crazing,86.0,60.0,142.0,100.0,56.0,40.0,2240.0,1.4
crazing_20.xml,crazing_20.jpg,patches,140.0,29.0,178.0,65.0,38.0,36.0,1368.0,1.0555555555555556
crazing_200.xml,crazing_200.jpg,crazing,42.0,7.0,176.0,84.0,134.0,77.0,10318.0,1.7402597402597402
crazing_200.xml,crazing_200.jpg,crazing,7.0,97.0,161.0,146.0,154.0,49.0,7546.0,3.142857142857143
crazing_200.xml,crazing_200.jpg,crazing,4.0,154.0,92.0,196.0,88.0,42.0,3696.0,2.0952380952380953
crazing_201.xml,crazing_201.jpg,crazing,16.0,79.0,143.0,193.0,127.0,114.0,14478.0,1.1140350877192982
crazing_201.xml,crazing_201.jpg,crazing,31.0,35.0,160.0,88.0,129.0,53.0,6837.0,2.4339622641509435
crazing_202.xml,crazing_202.jpg,crazing,21.0,6.0,174.0,105.0,153.0,99.0,15147.0,1.5454545454545454
crazing_203.xml,crazing_203.jpg,crazing,19.0,79.0,148.0,168.0,129.0,89.0,11481.0,1.449438202247191
crazing_203.xml,crazing_203.jpg,crazing,44.0,10.0,170.0,76.0,126.0,66.0,8316.0,1.9090909090909092
crazing_204.xml,crazing_204.jpg,crazing,7.0,132.0,165.0,184.0,158.0,52.0,8216.0,3.0384615384615383
crazing_205.xml,crazing_205.jpg,crazing,26.0,144.0,83.0,198.0,57.0,54.0,3078.0,1.0555555555555556
crazing_206.xml,crazing_206.jpg,crazing,19.0,53.0,123.0,171.0,104.0,118.0,12272.0,0.8813559322033898
crazing_206.xml,crazing_206.jpg,crazing,126.0,29.0,189.0,137.0,63.0,108.0,6804.0,0.5833333333333334
crazing_207.xml,crazing_207.jpg,crazing,2.0,43.0,170.0,125.0,168.0,82.0,13776.0,2.048780487804878
crazing_208.xml,crazing_208.jpg,crazing,1.0,20.0,152.0,76.0,151.0,56.0,8456.0,2.6964285714285716
crazing_208.xml,crazing_208.jpg,crazing,1.0,105.0,198.0,194.0,197.0,89.0,17533.0,2.2134831460674156
crazing_209.xml,crazing_209.jpg,crazing,11.0,50.0,162.0,175.0,151.0,125.0,18875.0,1.208
crazing_209.xml,crazing_209.jpg,crazing,3.0,3.0,148.0,56.0,145.0,53.0,7685.0,2.7358490566037736
crazing_21.xml,crazing_21.jpg,crazing,27.0,27.0,198.0,76.0,171.0,49.0,8379.0,3.489795918367347
crazing_21.xml,crazing_21.jpg,crazing,20.0,85.0,197.0,120.0,177.0,35.0,6195.0,5.057142857142857
crazing_21.xml,crazing_21.jpg,crazing,24.0,123.0,198.0,187.0,174.0,64.0,11136.0,2.71875
crazing_210.xml,crazing_210.jpg,crazing,4.0,41.0,81.0,141.0,77.0,100.0,7700.0,0.77
crazing_211.xml,crazing_211.jpg,crazing,8.0,110.0,160.0,184.0,152.0,74.0,11248.0,2.054054054054054
crazing_211.xml,crazing_211.jpg,crazing,102.0,1.0,185.0,173.0,83.0,172.0,14276.0,0.48255813953488375
crazing_211.xml,crazing_211.jpg,crazing,1.0,31.0,144.0,95.0,143.0,64.0,9152.0,2.234375
crazing_212.xml,crazing_212.jpg,crazing,1.0,140.0,185.0,199.0,184.0,59.0,10856.0,3.1186440677966103
crazing_212.xml,crazing_212.jpg,crazing,10.0,15.0,172.0,109.0,162.0,94.0,15228.0,1.7234042553191489
crazing_213.xml,crazing_213.jpg,crazing,26.0,124.0,151.0,198.0,125.0,74.0,9250.0,1.6891891891891893
crazing_213.xml,crazing_213.jpg,crazing,33.0,7.0,157.0,56.0,124.0,49.0,6076.0,2.5306122448979593
crazing_214.xml,crazing_214.jpg,crazing,9.0,72.0,200.0,149.0,191.0,77.0,14707.0,2.4805194805194803
crazing_214.xml,crazing_214.jpg,crazing,31.0,111.0,163.0,192.0,132.0,81.0,10692.0,1.6296296296296295
crazing_214.xml,crazing_214.jpg,crazing,48.0,1.0,199.0,61.0,151.0,60.0,9060.0,2.5166666666666666
crazing_215.xml,crazing_215.jpg,crazing,1.0,1.0,186.0,54.0,185.0,53.0,9805.0,3.490566037735849
crazing_215.xml,crazing_215.jpg,crazing,11.0,35.0,197.0,109.0,186.0,74.0,13764.0,2.5135135135135136
crazing_215.xml,crazing_215.jpg,crazing,4.0,98.0,184.0,184.0,180.0,86.0,15480.0,2.0930232558139537
crazing_216.xml,crazing_216.jpg,crazing,1.0,97.0,53.0,197.0,52.0,100.0,5200.0,0.52
crazing_216.xml,crazing_216.jpg,crazing,23.0,1.0,180.0,93.0,157.0,92.0,14444.0,1.7065217391304348
crazing_216.xml,crazing_216.jpg,crazing,55.0,86.0,197.0,190.0,142.0,104.0,14768.0,1.3653846153846154
crazing_217.xml,crazing_217.jpg,crazing,25.0,52.0,199.0,92.0,174.0,40.0,6960.0,4.35
crazing_217.xml,crazing_217.jpg,crazing,110.0,99.0,195.0,190.0,85.0,91.0,7735.0,0.9340659340659341
crazing_218.xml,crazing_218.jpg,crazing,18.0,58.0,150.0,115.0,132.0,57.0,7524.0,2.3157894736842106
crazing_218.xml,crazing_218.jpg,crazing,91.0,16.0,198.0,56.0,107.0,40.0,4280.0,2.675
crazing_218.xml,crazing_218.jpg,crazing,36.0,143.0,175.0,181.0,139.0,38.0,5282.0,3.6578947368421053
crazing_219.xml,crazing_219.jpg,crazing,46.0,9.0,116.0,123.0,70.0,114.0,7980.0,0.6140350877192983
crazing_22.xml,crazing_22.jpg,crazing,92.0,17.0,198.0,94.0,106.0,77.0,8162.0,1.3766233766233766
crazing_22.xml,crazing_22.jpg,crazing,95.0,104.0,200.0,182.0,105.0,78.0,8190.0,1.3461538461538463
crazing_220.xml,crazing_220.jpg,crazing,3.0,117.0,146.0,194.0,143.0,77.0,11011.0,1.8571428571428572
crazing_220.xml,crazing_220.jpg,crazing,78.0,19.0,178.0,131.0,100.0,112.0,11200.0,0.8928571428571429
crazing_221.xml,crazing_221.jpg,crazing,157.0,1.0,200.0,187.0,43.0,186.0,7998.0,0.23118279569892472
crazing_221.xml,crazing_221.jpg,crazing,1.0,87.0,136.0,162.0,135.0,75.0,10125.0,1.8
crazing_221.xml,crazing_221.jpg,crazing,79.0,36.0,198.0,90.0,119.0,54.0,6426.0,2.2037037037037037
crazing_222.xml,crazing_222.jpg,crazing,1.0,20.0,146.0,103.0,145.0,83.0,12035.0,1.7469879518072289
crazing_222.xml,crazing_222.jpg,crazing,155.0,6.0,196.0,133.0,41.0,127.0,5207.0,0.3228346456692913
crazing_223.xml,crazing_223.jpg,crazing,113.0,123.0,197.0,197.0,84.0,74.0,6216.0,1.135135135135135
crazing_223.xml,crazing_223.jpg,crazing,80.0,11.0,173.0,98.0,93.0,87.0,8091.0,1.0689655172413792
crazing_224.xml,crazing_224.jpg,crazing,1.0,97.0,122.0,188.0,121.0,91.0,11011.0,1.3296703296703296
crazing_224.xml,crazing_224.jpg,crazing,117.0,107.0,199.0,172.0,82.0,65.0,5330.0,1.2615384615384615
crazing_224.xml,crazing_224.jpg,crazing,49.0,7.0,199.0,103.0,150.0,96.0,14400.0,1.5625
crazing_225.xml,crazing_225.jpg,crazing,4.0,119.0,173.0,200.0,169.0,81.0,13689.0,2.0864197530864197
crazing_225.xml,crazing_225.jpg,crazing,1.0,9.0,165.0,125.0,164.0,116.0,19024.0,1.4137931034482758
crazing_226.xml,crazing_226.jpg,crazing,2.0,143.0,172.0,196.0,170.0,53.0,9010.0,3.207547169811321
crazing_226.xml,crazing_226.jpg,crazing,1.0,19.0,174.0,145.0,173.0,126.0,21798.0,1.373015873015873
crazing_227.xml,crazing_227.jpg,crazing,12.0,26.0,199.0,96.0,187.0,70.0,13090.0,2.6714285714285713
crazing_227.xml,crazing_227.jpg,crazing,130.0,1.0,200.0,125.0,70.0,124.0,8680.0,0.5645161290322581
crazing_227.xml,crazing_227.jpg,crazing,34.0,33.0,168.0,159.0,134.0,126.0,16884.0,1.0634920634920635
crazing_228.xml,crazing_228.jpg,crazing,18.0,124.0,187.0,192.0,169.0,68.0,11492.0,2.485294117647059
crazing_228.xml,crazing_228.jpg,crazing,3.0,59.0,161.0,120.0,158.0,61.0,9638.0,2.5901639344262297
crazing_228.xml,crazing_228.jpg,crazing,56.0,22.0,199.0,102.0,143.0,80.0,11440.0,1.7875
crazing_229.xml,crazing_229.jpg,crazing,1.0,58.0,174.0,128.0,173.0,70.0,12110.0,2.4714285714285715
crazing_229.xml,crazing_229.jpg,crazing,1.0,6.0,149.0,72.0,148.0,66.0,9768.0,2.242424242424242
crazing_229.xml,crazing_229.jpg,crazing,1.0,123.0,187.0,198.0,186.0,75.0,13950.0,2.48
crazing_23.xml,crazing_23.jpg,crazing,1.0,6.0,171.0,112.0,170.0,106.0,18020.0,1.6037735849056605
crazing_23.xml,crazing_23.jpg,crazing,1.0,122.0,180.0,200.0,179.0,78.0,13962.0,2.2948717948717947
crazing_230.xml,crazing_230.jpg,crazing,36.0,28.0,181.0,107.0,145.0,79.0,11455.0,1.8354430379746836
crazing_230.xml,crazing_230.jpg,crazing,1.0,104.0,112.0,182.0,111.0,78.0,8658.0,1.4230769230769231
crazing_231.xml,crazing_231.jpg,crazing,9.0,98.0,200.0,187.0,191.0,89.0,16999.0,2.146067415730337
crazing_231.xml,crazing_231.jpg,crazing,85.0,8.0,200.0,88.0,115.0,80.0,9200.0,1.4375
crazing_231.xml,crazing_231.jpg,crazing,1.0,12.0,137.0,67.0,136.0,55.0,7480.0,2.4727272727272727
crazing_232.xml,crazing_232.jpg,crazing,82.0,9.0,200.0,60.0,118.0,51.0,6018.0,2.3137254901960786
crazing_232.xml,crazing_232.jpg,crazing,1.0,80.0,134.0,156.0,133.0,76.0,10108.0,1.75
crazing_232.xml,crazing_232.jpg,crazing,1.0,26.0,132.0,88.0,131.0,62.0,8122.0,2.1129032258064515
crazing_232.xml,crazing_232.jpg,crazing,1.0,137.0,179.0,182.0,178.0,45.0,8010.0,3.9555555555555557
crazing_233.xml,crazing_233.jpg,crazing,6.0,147.0,182.0,191.0,176.0,44.0,7744.0,4.0
crazing_233.xml,crazing_233.jpg,crazing,1.0,21.0,198.0,121.0,197.0,100.0,19700.0,1.97
crazing_234.xml,crazing_234.jpg,crazing,57.0,5.0,199.0,73.0,142.0,68.0,9656.0,2.088235294117647
crazing_234.xml,crazing_234.jpg,crazing,8.0,76.0,200.0,166.0,192.0,90.0,17280.0,2.1333333333333333
crazing_235.xml,crazing_235.jpg,crazing,37.0,1.0,163.0,51.0,126.0,50.0,6300.0,2.52
crazing_235.xml,crazing_235.jpg,crazing,3.0,65.0,179.0,122.0,176.0,57.0,10032.0,3.087719298245614
crazing_235.xml,crazing_235.jpg,crazing,47.0,145.0,183.0,199.0,136.0,54.0,7344.0,2.5185185185185186
crazing_235.xml,crazing_235.jpg,crazing,2.0,3.0,53.0,62.0,51.0,59.0,3009.0,0.864406779661017
crazing_236.xml,crazing_236.jpg,crazing,5.0,1.0,198.0,70.0,193.0,69.0,13317.0,2.7971014492753623
crazing_236.xml,crazing_236.jpg,crazing,1.0,65.0,101.0,136.0,100.0,71.0,7100.0,1.408450704225352
crazing_236.xml,crazing_236.jpg,crazing,107.0,32.0,200.0,126.0,93.0,94.0,8742.0,0.9893617021276596
crazing_236.xml,crazing_236.jpg,crazing,76.0,111.0,200.0,181.0,124.0,70.0,8680.0,1.7714285714285714
crazing_237.xml,crazing_237.jpg,crazing,23.0,4.0,166.0,87.0,143.0,83.0,11869.0,1.7228915662650603
crazing_237.xml,crazing_237.jpg,crazing,1.0,119.0,171.0,195.0,170.0,76.0,12920.0,2.236842105263158
crazing_237.xml,crazing_237.jpg,crazing,69.0,7.0,143.0,189.0,74.0,182.0,13468.0,0.4065934065934066
crazing_238.xml,crazing_238.jpg,crazing,1.0,91.0,106.0,186.0,105.0,95.0,9975.0,1.105263157894737
crazing_238.xml,crazing_238.jpg,crazing,1.0,10.0,178.0,74.0,177.0,64.0,11328.0,2.765625
crazing_239.xml,crazing_239.jpg,crazing,29.0,120.0,166.0,176.0,137.0,56.0,7672.0,2.4464285714285716
crazing_239.xml,crazing_239.jpg,crazing,53.0,1.0,200.0,82.0,147.0,81.0,11907.0,1.8148148148148149
crazing_239.xml,crazing_239.jpg,crazing,33.0,36.0,181.0,100.0,148.0,64.0,9472.0,2.3125
crazing_239.xml,crazing_239.jpg,crazing,1.0,72.0,194.0,132.0,193.0,60.0,11580.0,3.216666666666667
crazing_24.xml,crazing_24.jpg,crazing,1.0,1.0,196.0,63.0,195.0,62.0,12090.0,3.1451612903225805
crazing_24.xml,crazing_24.jpg,crazing,2.0,105.0,153.0,157.0,151.0,52.0,7852.0,2.9038461538461537
crazing_242.xml,crazing_242.jpg,crazing,36.0,4.0,184.0,55.0,148.0,51.0,7548.0,2.9019607843137254
crazing_242.xml,crazing_242.jpg,crazing,64.0,76.0,181.0,168.0,117.0,92.0,10764.0,1.2717391304347827
crazing_242.xml,crazing_242.jpg,crazing,17.0,128.0,196.0,199.0,179.0,71.0,12709.0,2.5211267605633805
crazing_243.xml,crazing_243.jpg,crazing,9.0,143.0,115.0,198.0,106.0,55.0,5830.0,1.9272727272727272
crazing_243.xml,crazing_243.jpg,crazing,1.0,38.0,93.0,127.0,92.0,89.0,8188.0,1.0337078651685394
crazing_243.xml,crazing_243.jpg,crazing,112.0,47.0,187.0,142.0,75.0,95.0,7125.0,0.7894736842105263
crazing_243.xml,crazing_243.jpg,crazing,42.0,1.0,162.0,42.0,120.0,41.0,4920.0,2.926829268292683
crazing_244.xml,crazing_244.jpg,crazing,1.0,57.0,192.0,122.0,191.0,65.0,12415.0,2.9384615384615387
crazing_244.xml,crazing_244.jpg,crazing,36.0,6.0,195.0,89.0,159.0,83.0,13197.0,1.9156626506024097
crazing_244.xml,crazing_244.jpg,crazing,8.0,127.0,198.0,192.0,190.0,65.0,12350.0,2.923076923076923
crazing_245.xml,crazing_245.jpg,crazing,63.0,1.0,178.0,81.0,115.0,80.0,9200.0,1.4375
crazing_245.xml,crazing_245.jpg,crazing,82.0,121.0,200.0,164.0,118.0,43.0,5074.0,2.744186046511628
crazing_246.xml,crazing_246.jpg,crazing,4.0,1.0,200.0,60.0,196.0,59.0,11564.0,3.3220338983050848
crazing_246.xml,crazing_246.jpg,crazing,41.0,109.0,199.0,173.0,158.0,64.0,10112.0,2.46875
crazing_246.xml,crazing_246.jpg,crazing,1.0,73.0,169.0,124.0,168.0,51.0,8568.0,3.2941176470588234
crazing_246.xml,crazing_246.jpg,crazing,23.0,19.0,179.0,90.0,156.0,71.0,11076.0,2.1971830985915495
crazing_247.xml,crazing_247.jpg,crazing,1.0,1.0,129.0,68.0,128.0,67.0,8576.0,1.9104477611940298
crazing_247.xml,crazing_247.jpg,crazing,1.0,134.0,88.0,190.0,87.0,56.0,4872.0,1.5535714285714286
crazing_247.xml,crazing_247.jpg,crazing,1.0,48.0,148.0,134.0,147.0,86.0,12642.0,1.7093023255813953
crazing_248.xml,crazing_248.jpg,crazing,2.0,52.0,179.0,152.0,177.0,100.0,17700.0,1.77
crazing_248.xml,crazing_248.jpg,crazing,77.0,23.0,200.0,83.0,123.0,60.0,7380.0,2.05
crazing_248.xml,crazing_248.jpg,crazing,18.0,127.0,197.0,192.0,179.0,65.0,11635.0,2.753846153846154
crazing_249.xml,crazing_249.jpg,crazing,9.0,10.0,131.0,52.0,122.0,42.0,5124.0,2.9047619047619047
crazing_249.xml,crazing_249.jpg,crazing,1.0,62.0,119.0,174.0,118.0,112.0,13216.0,1.0535714285714286
crazing_249.xml,crazing_249.jpg,crazing,66.0,111.0,200.0,191.0,134.0,80.0,10720.0,1.675
crazing_25.xml,crazing_25.jpg,crazing,1.0,1.0,118.0,45.0,117.0,44.0,5148.0,2.659090909090909
crazing_25.xml,crazing_25.jpg,crazing,18.0,80.0,159.0,144.0,141.0,64.0,9024.0,2.203125
crazing_250.xml,crazing_250.jpg,crazing,7.0,2.0,168.0,46.0,161.0,44.0,7084.0,3.659090909090909
crazing_250.xml,crazing_250.jpg,crazing,38.0,18.0,191.0,111.0,153.0,93.0,14229.0,1.6451612903225807
crazing_250.xml,crazing_250.jpg,crazing,28.0,121.0,200.0,180.0,172.0,59.0,10148.0,2.9152542372881354
crazing_251.xml,crazing_251.jpg,crazing,4.0,80.0,95.0,192.0,91.0,112.0,10192.0,0.8125
crazing_251.xml,crazing_251.jpg,crazing,42.0,7.0,200.0,65.0,158.0,58.0,9164.0,2.7241379310344827
crazing_251.xml,crazing_251.jpg,crazing,138.0,48.0,192.0,173.0,54.0,125.0,6750.0,0.432
crazing_252.xml,crazing_252.jpg,crazing,1.0,6.0,104.0,59.0,103.0,53.0,5459.0,1.9433962264150944
crazing_252.xml,crazing_252.jpg,crazing,1.0,82.0,199.0,157.0,198.0,75.0,14850.0,2.64
crazing_252.xml,crazing_252.jpg,crazing,108.0,1.0,191.0,78.0,83.0,77.0,6391.0,1.077922077922078
crazing_253.xml,crazing_253.jpg,crazing,31.0,14.0,183.0,134.0,152.0,120.0,18240.0,1.2666666666666666
crazing_253.xml,crazing_253.jpg,crazing,131.0,2.0,193.0,70.0,62.0,68.0,4216.0,0.9117647058823529
crazing_253.xml,crazing_253.jpg,crazing,87.0,101.0,196.0,197.0,109.0,96.0,10464.0,1.1354166666666667
crazing_254.xml,crazing_254.jpg,crazing,46.0,26.0,183.0,162.0,137.0,136.0,18632.0,1.0073529411764706
crazing_255.xml,crazing_255.jpg,crazing,40.0,102.0,189.0,166.0,149.0,64.0,9536.0,2.328125
crazing_255.xml,crazing_255.jpg,crazing,4.0,2.0,200.0,57.0,196.0,55.0,10780.0,3.5636363636363635
crazing_255.xml,crazing_255.jpg,crazing,19.0,36.0,189.0,95.0,170.0,59.0,10030.0,2.8813559322033897
crazing_256.xml,crazing_256.jpg,crazing,24.0,125.0,196.0,187.0,172.0,62.0,10664.0,2.774193548387097
crazing_256.xml,crazing_256.jpg,crazing,31.0,48.0,175.0,119.0,144.0,71.0,10224.0,2.028169014084507
crazing_256.xml,crazing_256.jpg,crazing,57.0,1.0,164.0,50.0,107.0,49.0,5243.0,2.183673469387755
crazing_257.xml,crazing_257.jpg,crazing,1.0,27.0,101.0,90.0,100.0,63.0,6300.0,1.5873015873015872
crazing_257.xml,crazing_257.jpg,crazing,12.0,1.0,160.0,30.0,148.0,29.0,4292.0,5.103448275862069
crazing_257.xml,crazing_257.jpg,crazing,9.0,149.0,186.0,198.0,177.0,49.0,8673.0,3.6122448979591835
crazing_258.xml,crazing_258.jpg,crazing,50.0,36.0,178.0,124.0,128.0,88.0,11264.0,1.4545454545454546
crazing_258.xml,crazing_258.jpg,crazing,65.0,126.0,164.0,199.0,99.0,73.0,7227.0,1.356164383561644
crazing_259.xml,crazing_259.jpg,crazing,24.0,1.0,156.0,86.0,132.0,85.0,11220.0,1.5529411764705883
crazing_259.xml,crazing_259.jpg,crazing,9.0,81.0,160.0,135.0,151.0,54.0,8154.0,2.7962962962962963
crazing_259.xml,crazing_259.jpg,crazing,1.0,130.0,153.0,198.0,152.0,68.0,10336.0,2.235294117647059
crazing_26.xml,crazing_26.jpg,crazing,25.0,1.0,185.0,50.0,160.0,49.0,7840.0,3.2653061224489797
crazing_26.xml,crazing_26.jpg,crazing,79.0,82.0,199.0,174.0,120.0,92.0,11040.0,1.3043478260869565
crazing_260.xml,crazing_260.jpg,crazing,1.0,94.0,179.0,198.0,178.0,104.0,18512.0,1.7115384615384615
crazing_260.xml,crazing_260.jpg,crazing,3.0,19.0,198.0,99.0,195.0,80.0,15600.0,2.4375
crazing_261.xml,crazing_261.jpg,crazing,34.0,1.0,199.0,67.0,165.0,66.0,10890.0,2.5
crazing_261.xml,crazing_261.jpg,crazing,3.0,64.0,119.0,158.0,116.0,94.0,10904.0,1.2340425531914894
crazing_261.xml,crazing_261.jpg,crazing,25.0,145.0,180.0,200.0,155.0,55.0,8525.0,2.8181818181818183
crazing_262.xml,crazing_262.jpg,crazing,22.0,29.0,188.0,135.0,166.0,106.0,17596.0,1.5660377358490567
crazing_262.xml,crazing_262.jpg,crazing,57.0,138.0,186.0,197.0,129.0,59.0,7611.0,2.1864406779661016
crazing_262.xml,crazing_262.jpg,crazing,1.0,89.0,62.0,151.0,61.0,62.0,3782.0,0.9838709677419355
crazing_263.xml,crazing_263.jpg,crazing,1.0,16.0,170.0,108.0,169.0,92.0,15548.0,1.8369565217391304
crazing_263.xml,crazing_263.jpg,crazing,1.0,120.0,168.0,189.0,167.0,69.0,11523.0,2.420289855072464
crazing_264.xml,crazing_264.jpg,crazing,1.0,23.0,106.0,78.0,105.0,55.0,5775.0,1.9090909090909092
crazing_264.xml,crazing_264.jpg,crazing,2.0,77.0,200.0,165.0,198.0,88.0,17424.0,2.25
crazing_265.xml,crazing_265.jpg,crazing,1.0,13.0,198.0,110.0,197.0,97.0,19109.0,2.0309278350515463
crazing_265.xml,crazing_265.jpg,crazing,4.0,119.0,133.0,186.0,129.0,67.0,8643.0,1.9253731343283582
crazing_266.xml,crazing_266.jpg,crazing,3.0,6.0,193.0,101.0,190.0,95.0,18050.0,2.0
crazing_266.xml,crazing_266.jpg,crazing,1.0,130.0,138.0,199.0,137.0,69.0,9453.0,1.9855072463768115
crazing_267.xml,crazing_267.jpg,crazing,12.0,5.0,177.0,56.0,165.0,51.0,8415.0,3.235294117647059
crazing_267.xml,crazing_267.jpg,crazing,1.0,48.0,131.0,94.0,130.0,46.0,5980.0,2.8260869565217392
crazing_267.xml,crazing_267.jpg,crazing,3.0,95.0,88.0,182.0,85.0,87.0,7395.0,0.9770114942528736
crazing_268.xml,crazing_268.jpg,crazing,27.0,31.0,195.0,138.0,168.0,107.0,17976.0,1.5700934579439252
crazing_268.xml,crazing_268.jpg,crazing,86.0,10.0,197.0,76.0,111.0,66.0,7326.0,1.6818181818181819
crazing_268.xml,crazing_268.jpg,crazing,1.0,120.0,155.0,189.0,154.0,69.0,10626.0,2.2318840579710146
crazing_269.xml,crazing_269.jpg,crazing,67.0,14.0,175.0,93.0,108.0,79.0,8532.0,1.3670886075949367
crazing_269.xml,crazing_269.jpg,crazing,1.0,122.0,160.0,187.0,159.0,65.0,10335.0,2.4461538461538463
crazing_269.xml,crazing_269.jpg,crazing,97.0,54.0,172.0,120.0,75.0,66.0,4950.0,1.1363636363636365
crazing_27.xml,crazing_27.jpg,crazing,75.0,18.0,199.0,72.0,124.0,54.0,6696.0,2.2962962962962963
crazing_27.xml,crazing_27.jpg,crazing,6.0,74.0,116.0,190.0,110.0,116.0,12760.0,0.9482758620689655
crazing_270.xml,crazing_270.jpg,crazing,22.0,84.0,198.0,164.0,176.0,80.0,14080.0,2.2
crazing_270.xml,crazing_270.jpg,crazing,59.0,1.0,197.0,94.0,138.0,93.0,12834.0,1.4838709677419355
crazing_270.xml,crazing_270.jpg,crazing,1.0,123.0,78.0,191.0,77.0,68.0,5236.0,1.1323529411764706
crazing_271.xml,crazing_271.jpg,crazing,38.0,19.0,193.0,67.0,155.0,48.0,7440.0,3.2291666666666665
crazing_271.xml,crazing_271.jpg,crazing,2.0,70.0,70.0,186.0,68.0,116.0,7888.0,0.5862068965517241
crazing_271.xml,crazing_271.jpg,crazing,7.0,125.0,191.0,184.0,184.0,59.0,10856.0,3.1186440677966103
crazing_271.xml,crazing_271.jpg,crazing,96.0,42.0,190.0,134.0,94.0,92.0,8648.0,1.0217391304347827
crazing_272.xml,crazing_272.jpg,crazing,2.0,52.0,125.0,120.0,123.0,68.0,8364.0,1.8088235294117647
crazing_272.xml,crazing_272.jpg,crazing,45.0,1.0,200.0,67.0,155.0,66.0,10230.0,2.3484848484848486
crazing_272.xml,crazing_272.jpg,crazing,2.0,118.0,185.0,191.0,183.0,73.0,13359.0,2.506849315068493
crazing_273.xml,crazing_273.jpg,crazing,70.0,2.0,196.0,123.0,126.0,121.0,15246.0,1.0413223140495869
crazing_273.xml,crazing_273.jpg,crazing,4.0,1.0,151.0,37.0,147.0,36.0,5292.0,4.083333333333333
crazing_273.xml,crazing_273.jpg,crazing,5.0,75.0,116.0,134.0,111.0,59.0,6549.0,1.88135593220339
crazing_274.xml,crazing_274.jpg,crazing,1.0,60.0,158.0,131.0,157.0,71.0,11147.0,2.211267605633803
crazing_274.xml,crazing_274.jpg,crazing,12.0,1.0,194.0,56.0,182.0,55.0,10010.0,3.309090909090909
crazing_274.xml,crazing_274.jpg,crazing,32.0,138.0,147.0,185.0,115.0,47.0,5405.0,2.4468085106382977
crazing_274.xml,crazing_274.jpg,crazing,130.0,105.0,192.0,156.0,62.0,51.0,3162.0,1.2156862745098038
crazing_275.xml,crazing_275.jpg,crazing,10.0,26.0,99.0,141.0,89.0,115.0,10235.0,0.7739130434782608
crazing_275.xml,crazing_275.jpg,crazing,3.0,142.0,183.0,197.0,180.0,55.0,9900.0,3.272727272727273
crazing_275.xml,crazing_275.jpg,crazing,58.0,53.0,200.0,169.0,142.0,116.0,16472.0,1.2241379310344827
crazing_276.xml,crazing_276.jpg,crazing,8.0,27.0,172.0,110.0,164.0,83.0,13612.0,1.9759036144578312
crazing_276.xml,crazing_276.jpg,crazing,50.0,115.0,147.0,199.0,97.0,84.0,8148.0,1.1547619047619047
crazing_277.xml,crazing_277.jpg,crazing,49.0,3.0,200.0,71.0,151.0,68.0,10268.0,2.2205882352941178
crazing_277.xml,crazing_277.jpg,crazing,2.0,95.0,87.0,187.0,85.0,92.0,7820.0,0.9239130434782609
crazing_278.xml,crazing_278.jpg,crazing,1.0,27.0,131.0,72.0,130.0,45.0,5850.0,2.888888888888889
crazing_278.xml,crazing_278.jpg,crazing,36.0,68.0,193.0,150.0,157.0,82.0,12874.0,1.9146341463414633
crazing_278.xml,crazing_278.jpg,crazing,20.0,123.0,199.0,179.0,179.0,56.0,10024.0,3.1964285714285716
crazing_278.xml,crazing_278.jpg,crazing,1.0,1.0,91.0,34.0,90.0,33.0,2970.0,2.727272727272727
crazing_279.xml,crazing_279.jpg,crazing,41.0,24.0,176.0,121.0,135.0,97.0,13095.0,1.3917525773195876
crazing_279.xml,crazing_279.jpg,crazing,13.0,142.0,200.0,199.0,187.0,57.0,10659.0,3.280701754385965
crazing_28.xml,crazing_28.jpg,crazing,1.0,40.0,197.0,148.0,196.0,108.0,21168.0,1.8148148148148149
crazing_28.xml,crazing_28.jpg,crazing,104.0,1.0,200.0,33.0,96.0,32.0,3072.0,3.0
crazing_280.xml,crazing_280.jpg,crazing,4.0,108.0,106.0,185.0,102.0,77.0,7854.0,1.3246753246753247
crazing_281.xml,crazing_281.jpg,crazing,59.0,121.0,188.0,185.0,129.0,64.0,8256.0,2.015625
crazing_281.xml,crazing_281.jpg,crazing,10.0,26.0,152.0,100.0,142.0,74.0,10508.0,1.9189189189189189
crazing_282.xml,crazing_282.jpg,crazing,37.0,31.0,181.0,100.0,144.0,69.0,9936.0,2.0869565217391304
crazing_282.xml,crazing_282.jpg,crazing,1.0,132.0,92.0,195.0,91.0,63.0,5733.0,1.4444444444444444
crazing_283.xml,crazing_283.jpg,crazing,48.0,2.0,177.0,46.0,129.0,44.0,5676.0,2.9318181818181817
crazing_283.xml,crazing_283.jpg,crazing,3.0,44.0,86.0,105.0,83.0,61.0,5063.0,1.360655737704918
crazing_283.xml,crazing_283.jpg,crazing,60.0,57.0,200.0,119.0,140.0,62.0,8680.0,2.2580645161290325
crazing_283.xml,crazing_283.jpg,crazing,3.0,106.0,75.0,192.0,72.0,86.0,6192.0,0.8372093023255814
crazing_284.xml,crazing_284.jpg,crazing,78.0,83.0,184.0,170.0,106.0,87.0,9222.0,1.2183908045977012
crazing_284.xml,crazing_284.jpg,crazing,17.0,16.0,129.0,102.0,112.0,86.0,9632.0,1.302325581395349
crazing_285.xml,crazing_285.jpg,crazing,108.0,18.0,198.0,120.0,90.0,102.0,9180.0,0.8823529411764706
crazing_285.xml,crazing_285.jpg,crazing,1.0,11.0,83.0,65.0,82.0,54.0,4428.0,1.5185185185185186
crazing_285.xml,crazing_285.jpg,crazing,86.0,118.0,197.0,196.0,111.0,78.0,8658.0,1.4230769230769231
crazing_286.xml,crazing_286.jpg,crazing,1.0,9.0,181.0,38.0,180.0,29.0,5220.0,6.206896551724138
crazing_286.xml,crazing_286.jpg,crazing,17.0,120.0,195.0,154.0,178.0,34.0,6052.0,5.235294117647059
crazing_286.xml,crazing_286.jpg,crazing,6.0,54.0,125.0,111.0,119.0,57.0,6783.0,2.087719298245614
crazing_287.xml,crazing_287.jpg,crazing,6.0,31.0,89.0,124.0,83.0,93.0,7719.0,0.8924731182795699
crazing_287.xml,crazing_287.jpg,crazing,1.0,116.0,131.0,191.0,130.0,75.0,9750.0,1.7333333333333334
crazing_288.xml,crazing_288.jpg,crazing,1.0,3.0,95.0,85.0,94.0,82.0,7708.0,1.146341463414634
crazing_288.xml,crazing_288.jpg,crazing,16.0,126.0,165.0,188.0,149.0,62.0,9238.0,2.403225806451613
crazing_289.xml,crazing_289.jpg,crazing,44.0,26.0,183.0,191.0,139.0,165.0,22935.0,0.8424242424242424
crazing_29.xml,crazing_29.jpg,crazing,3.0,30.0,145.0,167.0,142.0,137.0,19454.0,1.0364963503649636
crazing_290.xml,crazing_290.jpg,crazing,1.0,104.0,159.0,172.0,158.0,68.0,10744.0,2.323529411764706
crazing_290.xml,crazing_290.jpg,crazing,12.0,25.0,145.0,92.0,133.0,67.0,8911.0,1.9850746268656716
crazing_290.xml,crazing_290.jpg,crazing,124.0,1.0,189.0,44.0,65.0,43.0,2795.0,1.5116279069767442
crazing_291.xml,crazing_291.jpg,crazing,7.0,1.0,194.0,57.0,187.0,56.0,10472.0,3.3392857142857144
crazing_291.xml,crazing_291.jpg,crazing,1.0,48.0,160.0,120.0,159.0,72.0,11448.0,2.2083333333333335
crazing_291.xml,crazing_291.jpg,crazing,1.0,81.0,181.0,151.0,180.0,70.0,12600.0,2.5714285714285716
crazing_292.xml,crazing_292.jpg,crazing,2.0,129.0,192.0,194.0,190.0,65.0,12350.0,2.923076923076923
crazing_292.xml,crazing_292.jpg,crazing,2.0,1.0,121.0,58.0,119.0,57.0,6783.0,2.087719298245614
crazing_292.xml,crazing_292.jpg,crazing,101.0,62.0,199.0,106.0,98.0,44.0,4312.0,2.227272727272727
crazing_293.xml,crazing_293.jpg,crazing,36.0,1.0,196.0,105.0,160.0,104.0,16640.0,1.5384615384615385
crazing_293.xml,crazing_293.jpg,crazing,8.0,49.0,134.0,129.0,126.0,80.0,10080.0,1.575
crazing_293.xml,crazing_293.jpg,crazing,29.0,121.0,172.0,188.0,143.0,67.0,9581.0,2.1343283582089554
crazing_294.xml,crazing_294.jpg,crazing,45.0,1.0,158.0,86.0,113.0,85.0,9605.0,1.3294117647058823
crazing_294.xml,crazing_294.jpg,crazing,1.0,82.0,166.0,200.0,165.0,118.0,19470.0,1.3983050847457628
crazing_295.xml,crazing_295.jpg,crazing,10.0,4.0,162.0,76.0,152.0,72.0,10944.0,2.111111111111111
crazing_295.xml,crazing_295.jpg,crazing,6.0,72.0,167.0,157.0,161.0,85.0,13685.0,1.8941176470588235
crazing_296.xml,crazing_296.jpg,crazing,2.0,31.0,176.0,111.0,174.0,80.0,13920.0,2.175
crazing_296.xml,crazing_296.jpg,crazing,36.0,99.0,173.0,165.0,137.0,66.0,9042.0,2.0757575757575757
crazing_297.xml,crazing_297.jpg,crazing,1.0,19.0,111.0,96.0,110.0,77.0,8470.0,1.4285714285714286
crazing_297.xml,crazing_297.jpg,crazing,116.0,1.0,192.0,77.0,76.0,76.0,5776.0,1.0
crazing_297.xml,crazing_297.jpg,crazing,8.0,110.0,193.0,169.0,185.0,59.0,10915.0,3.135593220338983
crazing_298.xml,crazing_298.jpg,crazing,3.0,35.0,174.0,101.0,171.0,66.0,11286.0,2.590909090909091
crazing_298.xml,crazing_298.jpg,crazing,4.0,112.0,195.0,199.0,191.0,87.0,16617.0,2.1954022988505746
crazing_299.xml,crazing_299.jpg,crazing,3.0,1.0,200.0,42.0,197.0,41.0,8077.0,4.804878048780488
crazing_299.xml,crazing_299.jpg,crazing,2.0,45.0,182.0,126.0,180.0,81.0,14580.0,2.2222222222222223
crazing_299.xml,crazing_299.jpg,crazing,126.0,23.0,194.0,75.0,68.0,52.0,3536.0,1.3076923076923077
crazing_299.xml,crazing_299.jpg,crazing,85.0,155.0,190.0,196.0,105.0,41.0,4305.0,2.5609756097560976
crazing_3.xml,crazing_3.jpg,crazing,10.0,97.0,200.0,181.0,190.0,84.0,15960.0,2.261904761904762
crazing_30.xml,crazing_30.jpg,crazing,1.0,94.0,120.0,174.0,119.0,80.0,9520.0,1.4875
crazing_30.xml,crazing_30.jpg,crazing,131.0,32.0,200.0,165.0,69.0,133.0,9177.0,0.518796992481203
crazing_30.xml,crazing_30.jpg,crazing,1.0,10.0,134.0,62.0,133.0,52.0,6916.0,2.5576923076923075
crazing_300.xml,crazing_300.jpg,crazing,2.0,1.0,169.0,66.0,167.0,65.0,10855.0,2.5692307692307694
crazing_300.xml,crazing_300.jpg,crazing,1.0,69.0,186.0,145.0,185.0,76.0,14060.0,2.4342105263157894
crazing_300.xml,crazing_300.jpg,crazing,98.0,90.0,192.0,197.0,94.0,107.0,10058.0,0.8785046728971962
crazing_31.xml,crazing_31.jpg,crazing,3.0,106.0,166.0,197.0,163.0,91.0,14833.0,1.7912087912087913
crazing_31.xml,crazing_31.jpg,crazing,30.0,3.0,200.0,104.0,170.0,101.0,17170.0,1.683168316831683
crazing_32.xml,crazing_32.jpg,crazing,1.0,91.0,150.0,163.0,149.0,72.0,10728.0,2.0694444444444446
crazing_32.xml,crazing_32.jpg,crazing,1.0,2.0,158.0,79.0,157.0,77.0,12089.0,2.038961038961039
crazing_33.xml,crazing_33.jpg,crazing,35.0,1.0,132.0,85.0,97.0,84.0,8148.0,1.1547619047619047
crazing_34.xml,crazing_34.jpg,crazing,27.0,1.0,158.0,84.0,131.0,83.0,10873.0,1.5783132530120483
crazing_34.xml,crazing_34.jpg,crazing,2.0,88.0,88.0,168.0,86.0,80.0,6880.0,1.075
crazing_34.xml,crazing_34.jpg,crazing,85.0,143.0,200.0,200.0,115.0,57.0,6555.0,2.017543859649123
crazing_35.xml,crazing_35.jpg,crazing,1.0,47.0,200.0,99.0,199.0,52.0,10348.0,3.826923076923077
crazing_35.xml,crazing_35.jpg,crazing,87.0,101.0,200.0,169.0,113.0,68.0,7684.0,1.661764705882353
crazing_35.xml,crazing_35.jpg,crazing,102.0,1.0,200.0,44.0,98.0,43.0,4214.0,2.2790697674418605
crazing_36.xml,crazing_36.jpg,crazing,74.0,93.0,200.0,171.0,126.0,78.0,9828.0,1.6153846153846154
crazing_37.xml,crazing_37.jpg,crazing,74.0,51.0,200.0,154.0,126.0,103.0,12978.0,1.2233009708737863
crazing_38.xml,crazing_38.jpg,crazing,107.0,82.0,200.0,199.0,93.0,117.0,10881.0,0.7948717948717948
crazing_38.xml,crazing_38.jpg,crazing,66.0,1.0,200.0,87.0,134.0,86.0,11524.0,1.558139534883721
crazing_39.xml,crazing_39.jpg,crazing,5.0,95.0,200.0,191.0,195.0,96.0,18720.0,2.03125
crazing_39.xml,crazing_39.jpg,crazing,74.0,3.0,200.0,99.0,126.0,96.0,12096.0,1.3125
crazing_4.xml,crazing_4.jpg,crazing,10.0,3.0,197.0,108.0,187.0,105.0,19635.0,1.7809523809523808
crazing_4.xml,crazing_4.jpg,crazing,15.0,110.0,197.0,198.0,182.0,88.0,16016.0,2.0681818181818183
crazing_40.xml,crazing_40.jpg,crazing,5.0,120.0,172.0,194.0,167.0,74.0,12358.0,2.2567567567567566
crazing_40.xml,crazing_40.jpg,crazing,169.0,49.0,200.0,199.0,31.0,150.0,4650.0,0.20666666666666667
crazing_41.xml,crazing_41.jpg,crazing,12.0,45.0,111.0,198.0,99.0,153.0,15147.0,0.6470588235294118
crazing_41.xml,crazing_41.jpg,crazing,10.0,1.0,197.0,52.0,187.0,51.0,9537.0,3.6666666666666665
crazing_42.xml,crazing_42.jpg,crazing,11.0,15.0,178.0,85.0,167.0,70.0,11690.0,2.3857142857142857
crazing_43.xml,crazing_43.jpg,crazing,1.0,115.0,104.0,184.0,103.0,69.0,7107.0,1.4927536231884058
crazing_43.xml,crazing_43.jpg,crazing,4.0,3.0,186.0,51.0,182.0,48.0,8736.0,3.7916666666666665
crazing_43.xml,crazing_43.jpg,crazing,162.0,48.0,200.0,186.0,38.0,138.0,5244.0,0.2753623188405797
crazing_44.xml,crazing_44.jpg,crazing,146.0,19.0,199.0,177.0,53.0,158.0,8374.0,0.33544303797468356
crazing_44.xml,crazing_44.jpg,crazing,8.0,3.0,120.0,180.0,112.0,177.0,19824.0,0.632768361581921
crazing_45.xml,crazing_45.jpg,crazing,2.0,54.0,119.0,172.0,117.0,118.0,13806.0,0.9915254237288136
crazing_46.xml,crazing_46.jpg,crazing,11.0,33.0,100.0,103.0,89.0,70.0,6230.0,1.2714285714285714
crazing_47.xml,crazing_47.jpg,crazing,4.0,1.0,105.0,149.0,101.0,148.0,14948.0,0.6824324324324325
crazing_47.xml,crazing_47.jpg,crazing,1.0,151.0,72.0,199.0,71.0,48.0,3408.0,1.4791666666666667
crazing_48.xml,crazing_48.jpg,crazing,7.0,91.0,192.0,183.0,185.0,92.0,17020.0,2.010869565217391
crazing_48.xml,crazing_48.jpg,crazing,5.0,5.0,195.0,89.0,190.0,84.0,15960.0,2.261904761904762
crazing_49.xml,crazing_49.jpg,crazing,14.0,42.0,200.0,126.0,186.0,84.0,15624.0,2.2142857142857144
crazing_49.xml,crazing_49.jpg,crazing,1.0,136.0,74.0,199.0,73.0,63.0,4599.0,1.1587301587301588
crazing_5.xml,crazing_5.jpg,crazing,1.0,113.0,199.0,176.0,198.0,63.0,12474.0,3.142857142857143
crazing_5.xml,crazing_5.jpg,crazing,15.0,4.0,199.0,102.0,184.0,98.0,18032.0,1.8775510204081634
crazing_50.xml,crazing_50.jpg,crazing,2.0,52.0,196.0,137.0,194.0,85.0,16490.0,2.2823529411764705
crazing_50.xml,crazing_50.jpg,crazing,5.0,139.0,200.0,199.0,195.0,60.0,11700.0,3.25
crazing_51.xml,crazing_51.jpg,crazing,53.0,120.0,200.0,160.0,147.0,40.0,5880.0,3.675
crazing_51.xml,crazing_51.jpg,crazing,70.0,1.0,177.0,55.0,107.0,54.0,5778.0,1.9814814814814814
crazing_52.xml,crazing_52.jpg,crazing,68.0,130.0,200.0,194.0,132.0,64.0,8448.0,2.0625
crazing_52.xml,crazing_52.jpg,crazing,56.0,3.0,173.0,66.0,117.0,63.0,7371.0,1.8571428571428572
crazing_53.xml,crazing_53.jpg,crazing,1.0,121.0,123.0,198.0,122.0,77.0,9394.0,1.5844155844155845
crazing_53.xml,crazing_53.jpg,crazing,1.0,33.0,112.0,116.0,111.0,83.0,9213.0,1.3373493975903614
crazing_54.xml,crazing_54.jpg,crazing,28.0,76.0,129.0,157.0,101.0,81.0,8181.0,1.2469135802469136
crazing_54.xml,crazing_54.jpg,crazing,31.0,26.0,196.0,71.0,165.0,45.0,7425.0,3.6666666666666665
crazing_55.xml,crazing_55.jpg,crazing,4.0,74.0,192.0,166.0,188.0,92.0,17296.0,2.0434782608695654
crazing_55.xml,crazing_55.jpg,crazing,7.0,9.0,148.0,58.0,141.0,49.0,6909.0,2.877551020408163
crazing_56.xml,crazing_56.jpg,crazing,1.0,84.0,77.0,156.0,76.0,72.0,5472.0,1.0555555555555556
crazing_56.xml,crazing_56.jpg,crazing,1.0,38.0,149.0,103.0,148.0,65.0,9620.0,2.276923076923077
crazing_56.xml,crazing_56.jpg,crazing,149.0,7.0,199.0,145.0,50.0,138.0,6900.0,0.36231884057971014
crazing_57.xml,crazing_57.jpg,crazing,133.0,1.0,200.0,146.0,67.0,145.0,9715.0,0.46206896551724136
crazing_57.xml,crazing_57.jpg,crazing,1.0,35.0,114.0,111.0,113.0,76.0,8588.0,1.486842105263158
crazing_58.xml,crazing_58.jpg,crazing,3.0,134.0,189.0,198.0,186.0,64.0,11904.0,2.90625
crazing_58.xml,crazing_58.jpg,crazing,1.0,34.0,196.0,126.0,195.0,92.0,17940.0,2.119565217391304
crazing_59.xml,crazing_59.jpg,crazing,67.0,72.0,200.0,136.0,133.0,64.0,8512.0,2.078125
crazing_6.xml,crazing_6.jpg,crazing,27.0,3.0,196.0,45.0,169.0,42.0,7098.0,4.023809523809524
crazing_6.xml,crazing_6.jpg,crazing,11.0,89.0,119.0,199.0,108.0,110.0,11880.0,0.9818181818181818
crazing_60.xml,crazing_60.jpg,crazing,110.0,134.0,200.0,199.0,90.0,65.0,5850.0,1.3846153846153846
crazing_60.xml,crazing_60.jpg,crazing,30.0,43.0,200.0,131.0,170.0,88.0,14960.0,1.9318181818181819
crazing_61.xml,crazing_61.jpg,crazing,74.0,103.0,198.0,166.0,124.0,63.0,7812.0,1.9682539682539681
crazing_61.xml,crazing_61.jpg,crazing,28.0,30.0,179.0,95.0,151.0,65.0,9815.0,2.3230769230769233
crazing_62.xml,crazing_62.jpg,crazing,142.0,128.0,200.0,174.0,58.0,46.0,2668.0,1.2608695652173914
crazing_62.xml,crazing_62.jpg,crazing,1.0,13.0,89.0,83.0,88.0,70.0,6160.0,1.2571428571428571
crazing_63.xml,crazing_63.jpg,crazing,40.0,114.0,200.0,197.0,160.0,83.0,13280.0,1.927710843373494
crazing_63.xml,crazing_63.jpg,crazing,35.0,17.0,171.0,107.0,136.0,90.0,12240.0,1.511111111111111
crazing_64.xml,crazing_64.jpg,crazing,12.0,71.0,136.0,194.0,124.0,123.0,15252.0,1.008130081300813
crazing_64.xml,crazing_64.jpg,crazing,3.0,19.0,200.0,88.0,197.0,69.0,13593.0,2.8550724637681157
crazing_65.xml,crazing_65.jpg,crazing,3.0,2.0,96.0,62.0,93.0,60.0,5580.0,1.55
crazing_65.xml,crazing_65.jpg,crazing,5.0,78.0,103.0,199.0,98.0,121.0,11858.0,0.8099173553719008
crazing_65.xml,crazing_65.jpg,crazing,124.0,3.0,199.0,162.0,75.0,159.0,11925.0,0.4716981132075472
crazing_66.xml,crazing_66.jpg,crazing,69.0,68.0,148.0,164.0,79.0,96.0,7584.0,0.8229166666666666
crazing_66.xml,crazing_66.jpg,crazing,27.0,13.0,149.0,59.0,122.0,46.0,5612.0,2.652173913043478
crazing_67.xml,crazing_67.jpg,crazing,7.0,40.0,157.0,145.0,150.0,105.0,15750.0,1.4285714285714286
crazing_68.xml,crazing_68.jpg,crazing,78.0,48.0,196.0,142.0,118.0,94.0,11092.0,1.2553191489361701
crazing_68.xml,crazing_68.jpg,crazing,36.0,136.0,189.0,194.0,153.0,58.0,8874.0,2.6379310344827585
crazing_69.xml,crazing_69.jpg,crazing,1.0,112.0,84.0,187.0,83.0,75.0,6225.0,1.1066666666666667
crazing_69.xml,crazing_69.jpg,crazing,9.0,20.0,189.0,97.0,180.0,77.0,13860.0,2.3376623376623376
crazing_7.xml,crazing_7.jpg,crazing,1.0,68.0,187.0,163.0,186.0,95.0,17670.0,1.9578947368421054
crazing_7.xml,crazing_7.jpg,crazing,1.0,2.0,200.0,65.0,199.0,63.0,12537.0,3.1587301587301586
crazing_70.xml,crazing_70.jpg,crazing,34.0,2.0,174.0,80.0,140.0,78.0,10920.0,1.794871794871795
crazing_70.xml,crazing_70.jpg,crazing,33.0,93.0,108.0,200.0,75.0,107.0,8025.0,0.7009345794392523
crazing_71.xml,crazing_71.jpg,crazing,123.0,87.0,199.0,200.0,76.0,113.0,8588.0,0.672566371681416
crazing_71.xml,crazing_71.jpg,crazing,83.0,2.0,198.0,69.0,115.0,67.0,7705.0,1.7164179104477613
crazing_71.xml,crazing_71.jpg,crazing,1.0,5.0,88.0,131.0,87.0,126.0,10962.0,0.6904761904761905
crazing_72.xml,crazing_72.jpg,crazing,6.0,48.0,200.0,128.0,194.0,80.0,15520.0,2.425
crazing_72.xml,crazing_72.jpg,crazing,37.0,146.0,182.0,197.0,145.0,51.0,7395.0,2.843137254901961
crazing_73.xml,crazing_73.jpg,crazing,26.0,70.0,165.0,189.0,139.0,119.0,16541.0,1.1680672268907564
crazing_73.xml,crazing_73.jpg,crazing,53.0,41.0,157.0,108.0,104.0,67.0,6968.0,1.5522388059701493
crazing_74.xml,crazing_74.jpg,crazing,2.0,43.0,105.0,158.0,103.0,115.0,11845.0,0.8956521739130435
crazing_74.xml,crazing_74.jpg,crazing,130.0,52.0,190.0,167.0,60.0,115.0,6900.0,0.5217391304347826
crazing_75.xml,crazing_75.jpg,crazing,4.0,54.0,147.0,161.0,143.0,107.0,15301.0,1.3364485981308412
crazing_75.xml,crazing_75.jpg,crazing,158.0,24.0,200.0,173.0,42.0,149.0,6258.0,0.28187919463087246
crazing_76.xml,crazing_76.jpg,crazing,1.0,107.0,198.0,189.0,197.0,82.0,16154.0,2.402439024390244
crazing_76.xml,crazing_76.jpg,crazing,73.0,19.0,180.0,81.0,107.0,62.0,6634.0,1.7258064516129032
crazing_77.xml,crazing_77.jpg,crazing,25.0,27.0,183.0,163.0,158.0,136.0,21488.0,1.161764705882353
crazing_78.xml,crazing_78.jpg,crazing,1.0,56.0,197.0,130.0,196.0,74.0,14504.0,2.6486486486486487
crazing_78.xml,crazing_78.jpg,crazing,2.0,1.0,60.0,51.0,58.0,50.0,2900.0,1.16
crazing_78.xml,crazing_78.jpg,crazing,130.0,1.0,198.0,43.0,68.0,42.0,2856.0,1.619047619047619
crazing_79.xml,crazing_79.jpg,crazing,7.0,88.0,113.0,175.0,106.0,87.0,9222.0,1.2183908045977012
crazing_79.xml,crazing_79.jpg,crazing,132.0,55.0,200.0,133.0,68.0,78.0,5304.0,0.8717948717948718
crazing_8.xml,crazing_8.jpg,crazing,1.0,26.0,179.0,118.0,178.0,92.0,16376.0,1.934782608695652
crazing_8.xml,crazing_8.jpg,crazing,1.0,121.0,176.0,200.0,175.0,79.0,13825.0,2.2151898734177213
crazing_80.xml,crazing_80.jpg,crazing,112.0,69.0,198.0,150.0,86.0,81.0,6966.0,1.0617283950617284
crazing_81.xml,crazing_81.jpg,crazing,2.0,84.0,177.0,182.0,175.0,98.0,17150.0,1.7857142857142858
crazing_82.xml,crazing_82.jpg,crazing,122.0,41.0,200.0,199.0,78.0,158.0,12324.0,0.4936708860759494
crazing_82.xml,crazing_82.jpg,crazing,4.0,83.0,107.0,198.0,103.0,115.0,11845.0,0.8956521739130435
crazing_83.xml,crazing_83.jpg,crazing,1.0,29.0,87.0,127.0,86.0,98.0,8428.0,0.8775510204081632
crazing_83.xml,crazing_83.jpg,crazing,95.0,1.0,192.0,198.0,97.0,197.0,19109.0,0.49238578680203043
crazing_83.xml,crazing_83.jpg,crazing,2.0,1.0,197.0,65.0,195.0,64.0,12480.0,3.046875
crazing_84.xml,crazing_84.jpg,crazing,31.0,90.0,182.0,198.0,151.0,108.0,16308.0,1.3981481481481481
crazing_85.xml,crazing_85.jpg,crazing,9.0,63.0,135.0,183.0,126.0,120.0,15120.0,1.05
crazing_85.xml,crazing_85.jpg,crazing,152.0,41.0,200.0,200.0,48.0,159.0,7632.0,0.3018867924528302
crazing_85.xml,crazing_85.jpg,crazing,88.0,5.0,199.0,55.0,111.0,50.0,5550.0,2.22
crazing_86.xml,crazing_86.jpg,crazing,1.0,43.0,154.0,112.0,153.0,69.0,10557.0,2.217391304347826
crazing_86.xml,crazing_86.jpg,crazing,1.0,97.0,156.0,174.0,155.0,77.0,11935.0,2.012987012987013
crazing_86.xml,crazing_86.jpg,crazing,127.0,118.0,200.0,163.0,73.0,45.0,3285.0,1.6222222222222222
crazing_86.xml,crazing_86.jpg,crazing,1.0,4.0,182.0,72.0,181.0,68.0,12308.0,2.661764705882353
crazing_87.xml,crazing_87.jpg,crazing,18.0,9.0,146.0,74.0,128.0,65.0,8320.0,1.9692307692307693
crazing_87.xml,crazing_87.jpg,crazing,27.0,32.0,176.0,157.0,149.0,125.0,18625.0,1.192
crazing_87.xml,crazing_87.jpg,crazing,22.0,152.0,200.0,196.0,178.0,44.0,7832.0,4.045454545454546
crazing_88.xml,crazing_88.jpg,crazing,18.0,34.0,200.0,88.0,182.0,54.0,9828.0,3.3703703703703702
crazing_88.xml,crazing_88.jpg,crazing,19.0,99.0,200.0,172.0,181.0,73.0,13213.0,2.4794520547945207
crazing_89.xml,crazing_89.jpg,crazing,3.0,128.0,110.0,187.0,107.0,59.0,6313.0,1.8135593220338984
crazing_89.xml,crazing_89.jpg,crazing,49.0,20.0,192.0,52.0,143.0,32.0,4576.0,4.46875
crazing_9.xml,crazing_9.jpg,crazing,1.0,24.0,121.0,74.0,120.0,50.0,6000.0,2.4
crazing_9.xml,crazing_9.jpg,crazing,130.0,1.0,200.0,83.0,70.0,82.0,5740.0,0.8536585365853658
crazing_90.xml,crazing_90.jpg,crazing,58.0,5.0,155.0,105.0,97.0,100.0,9700.0,0.97
crazing_91.xml,crazing_91.jpg,crazing,32.0,128.0,180.0,182.0,148.0,54.0,7992.0,2.740740740740741
crazing_91.xml,crazing_91.jpg,crazing,10.0,53.0,198.0,98.0,188.0,45.0,8460.0,4.177777777777778
crazing_91.xml,crazing_91.jpg,crazing,12.0,10.0,153.0,48.0,141.0,38.0,5358.0,3.710526315789474
crazing_92.xml,crazing_92.jpg,crazing,8.0,38.0,180.0,105.0,172.0,67.0,11524.0,2.5671641791044775
crazing_92.xml,crazing_92.jpg,crazing,9.0,109.0,191.0,197.0,182.0,88.0,16016.0,2.0681818181818183
crazing_93.xml,crazing_93.jpg,crazing,2.0,24.0,127.0,122.0,125.0,98.0,12250.0,1.2755102040816326
crazing_93.xml,crazing_93.jpg,crazing,5.0,141.0,168.0,198.0,163.0,57.0,9291.0,2.8596491228070176
crazing_94.xml,crazing_94.jpg,crazing,9.0,105.0,200.0,167.0,191.0,62.0,11842.0,3.0806451612903225
crazing_94.xml,crazing_94.jpg,crazing,1.0,34.0,194.0,75.0,193.0,41.0,7913.0,4.7073170731707314
crazing_95.xml,crazing_95.jpg,crazing,5.0,98.0,200.0,181.0,195.0,83.0,16185.0,2.3493975903614457
crazing_95.xml,crazing_95.jpg,crazing,1.0,11.0,156.0,83.0,155.0,72.0,11160.0,2.1527777777777777
crazing_96.xml,crazing_96.jpg,crazing,1.0,9.0,135.0,106.0,134.0,97.0,12998.0,1.3814432989690721
crazing_96.xml,crazing_96.jpg,crazing,1.0,145.0,88.0,200.0,87.0,55.0,4785.0,1.5818181818181818
crazing_96.xml,crazing_96.jpg,crazing,74.0,119.0,198.0,170.0,124.0,51.0,6324.0,2.4313725490196076
crazing_97.xml,crazing_97.jpg,crazing,3.0,26.0,126.0,95.0,123.0,69.0,8487.0,1.7826086956521738
crazing_97.xml,crazing_97.jpg,crazing,132.0,3.0,200.0,89.0,68.0,86.0,5848.0,0.7906976744186046
crazing_97.xml,crazing_97.jpg,crazing,47.0,102.0,152.0,188.0,105.0,86.0,9030.0,1.2209302325581395
crazing_98.xml,crazing_98.jpg,crazing,1.0,3.0,164.0,44.0,163.0,41.0,6683.0,3.975609756097561
crazing_98.xml,crazing_98.jpg,crazing,1.0,51.0,159.0,108.0,158.0,57.0,9006.0,2.7719298245614037
crazing_98.xml,crazing_98.jpg,crazing,1.0,134.0,198.0,194.0,197.0,60.0,11820.0,3.283333333333333
crazing_98.xml,crazing_98.jpg,crazing,60.0,76.0,170.0,162.0,110.0,86.0,9460.0,1.2790697674418605
crazing_99.xml,crazing_99.jpg,crazing,4.0,110.0,89.0,200.0,85.0,90.0,7650.0,0.9444444444444444
crazing_99.xml,crazing_99.jpg,crazing,126.0,49.0,200.0,198.0,74.0,149.0,11026.0,0.4966442953020134
crazing_99.xml,crazing_99.jpg,crazing,3.0,2.0,105.0,96.0,102.0,94.0,9588.0,1.0851063829787233
inclusion_1.xml,inclusion_1.jpg,inclusion,33.0,5.0,46.0,36.0,13.0,31.0,403.0,0.41935483870967744
inclusion_1.xml,inclusion_1.jpg,inclusion,120.0,34.0,130.0,60.0,10.0,26.0,260.0,0.38461538461538464
inclusion_1.xml,inclusion_1.jpg,inclusion,116.0,115.0,135.0,198.0,19.0,83.0,1577.0,0.2289156626506024
inclusion_1.xml,inclusion_1.jpg,inclusion,115.0,72.0,140.0,116.0,25.0,44.0,1100.0,0.5681818181818182
inclusion_10.xml,inclusion_10.jpg,inclusion,58.0,1.0,81.0,88.0,23.0,87.0,2001.0,0.26436781609195403
inclusion_10.xml,inclusion_10.jpg,inclusion,65.0,100.0,78.0,131.0,13.0,31.0,403.0,0.41935483870967744
inclusion_10.xml,inclusion_10.jpg,inclusion,149.0,129.0,163.0,158.0,14.0,29.0,406.0,0.4827586206896552
inclusion_100.xml,inclusion_100.jpg,inclusion,64.0,1.0,126.0,197.0,62.0,196.0,12152.0,0.3163265306122449
inclusion_101.xml,inclusion_101.jpg,inclusion,110.0,1.0,165.0,198.0,55.0,197.0,10835.0,0.27918781725888325
inclusion_102.xml,inclusion_102.jpg,inclusion,28.0,1.0,73.0,198.0,45.0,197.0,8865.0,0.22842639593908629
inclusion_102.xml,inclusion_102.jpg,inclusion,132.0,70.0,147.0,130.0,15.0,60.0,900.0,0.25
inclusion_103.xml,inclusion_103.jpg,inclusion,128.0,1.0,179.0,198.0,51.0,197.0,10047.0,0.25888324873096447
inclusion_104.xml,inclusion_104.jpg,inclusion,15.0,1.0,62.0,198.0,47.0,197.0,9259.0,0.23857868020304568
inclusion_104.xml,inclusion_104.jpg,inclusion,50.0,1.0,73.0,82.0,23.0,81.0,1863.0,0.2839506172839506
inclusion_104.xml,inclusion_104.jpg,inclusion,117.0,106.0,134.0,163.0,17.0,57.0,969.0,0.2982456140350877
inclusion_105.xml,inclusion_105.jpg,inclusion,55.0,73.0,126.0,198.0,71.0,125.0,8875.0,0.568
inclusion_105.xml,inclusion_105.jpg,inclusion,144.0,55.0,162.0,106.0,18.0,51.0,918.0,0.35294117647058826
inclusion_105.xml,inclusion_105.jpg,inclusion,52.0,1.0,88.0,80.0,36.0,79.0,2844.0,0.45569620253164556
inclusion_105.xml,inclusion_105.jpg,inclusion,90.0,1.0,116.0,96.0,26.0,95.0,2470.0,0.2736842105263158
inclusion_106.xml,inclusion_106.jpg,inclusion,75.0,10.0,126.0,198.0,51.0,188.0,9588.0,0.2712765957446808
inclusion_107.xml,inclusion_107.jpg,inclusion,43.0,17.0,56.0,74.0,13.0,57.0,741.0,0.22807017543859648
inclusion_107.xml,inclusion_107.jpg,inclusion,35.0,94.0,50.0,164.0,15.0,70.0,1050.0,0.21428571428571427
inclusion_107.xml,inclusion_107.jpg,inclusion,64.0,106.0,85.0,127.0,21.0,21.0,441.0,1.0
inclusion_107.xml,inclusion_107.jpg,inclusion,100.0,125.0,116.0,168.0,16.0,43.0,688.0,0.37209302325581395
inclusion_108.xml,inclusion_108.jpg,inclusion,96.0,45.0,124.0,142.0,28.0,97.0,2716.0,0.28865979381443296
inclusion_108.xml,inclusion_108.jpg,inclusion,143.0,1.0,177.0,198.0,34.0,197.0,6698.0,0.17258883248730963
inclusion_109.xml,inclusion_109.jpg,inclusion,132.0,1.0,167.0,187.0,35.0,186.0,6510.0,0.1881720430107527
inclusion_109.xml,inclusion_109.jpg,inclusion,39.0,1.0,74.0,198.0,35.0,197.0,6895.0,0.17766497461928935
inclusion_109.xml,inclusion_109.jpg,inclusion,1.0,35.0,28.0,145.0,27.0,110.0,2970.0,0.24545454545454545
inclusion_11.xml,inclusion_11.jpg,inclusion,30.0,23.0,78.0,198.0,48.0,175.0,8400.0,0.2742857142857143
inclusion_110.xml,inclusion_110.jpg,inclusion,98.0,1.0,127.0,77.0,29.0,76.0,2204.0,0.3815789473684211
inclusion_110.xml,inclusion_110.jpg,inclusion,95.0,120.0,138.0,198.0,43.0,78.0,3354.0,0.5512820512820513
inclusion_110.xml,inclusion_110.jpg,inclusion,144.0,1.0,178.0,198.0,34.0,197.0,6698.0,0.17258883248730963
inclusion_111.xml,inclusion_111.jpg,inclusion,92.0,150.0,120.0,198.0,28.0,48.0,1344.0,0.5833333333333334
inclusion_111.xml,inclusion_111.jpg,inclusion,131.0,152.0,153.0,198.0,22.0,46.0,1012.0,0.4782608695652174
inclusion_111.xml,inclusion_111.jpg,inclusion,123.0,1.0,150.0,102.0,27.0,101.0,2727.0,0.26732673267326734
inclusion_111.xml,inclusion_111.jpg,inclusion,3.0,1.0,63.0,198.0,60.0,197.0,11820.0,0.30456852791878175
inclusion_112.xml,inclusion_112.jpg,inclusion,56.0,1.0,87.0,138.0,31.0,137.0,4247.0,0.22627737226277372
inclusion_112.xml,inclusion_112.jpg,inclusion,182.0,8.0,198.0,62.0,16.0,54.0,864.0,0.2962962962962963
inclusion_112.xml,inclusion_112.jpg,inclusion,94.0,1.0,111.0,49.0,17.0,48.0,816.0,0.3541666666666667
inclusion_113.xml,inclusion_113.jpg,inclusion,6.0,3.0,49.0,198.0,43.0,195.0,8385.0,0.2205128205128205
inclusion_113.xml,inclusion_113.jpg,inclusion,75.0,120.0,105.0,199.0,30.0,79.0,2370.0,0.379746835443038
inclusion_113.xml,inclusion_113.jpg,inclusion,109.0,1.0,136.0,73.0,27.0,72.0,1944.0,0.375
inclusion_113.xml,inclusion_113.jpg,inclusion,117.0,122.0,133.0,169.0,16.0,47.0,752.0,0.3404255319148936
inclusion_113.xml,inclusion_113.jpg,inclusion,116.0,160.0,142.0,198.0,26.0,38.0,988.0,0.6842105263157895
inclusion_113.xml,inclusion_113.jpg,inclusion,167.0,160.0,188.0,198.0,21.0,38.0,798.0,0.5526315789473685
inclusion_114.xml,inclusion_114.jpg,inclusion,1.0,1.0,29.0,132.0,28.0,131.0,3668.0,0.21374045801526717
inclusion_114.xml,inclusion_114.jpg,inclusion,49.0,77.0,80.0,198.0,31.0,121.0,3751.0,0.256198347107438
inclusion_114.xml,inclusion_114.jpg,inclusion,90.0,79.0,107.0,120.0,17.0,41.0,697.0,0.4146341463414634
inclusion_114.xml,inclusion_114.jpg,inclusion,90.0,114.0,117.0,180.0,27.0,66.0,1782.0,0.4090909090909091
inclusion_114.xml,inclusion_114.jpg,inclusion,139.0,115.0,160.0,192.0,21.0,77.0,1617.0,0.2727272727272727
inclusion_114.xml,inclusion_114.jpg,inclusion,85.0,1.0,102.0,31.0,17.0,30.0,510.0,0.5666666666666667
inclusion_115.xml,inclusion_115.jpg,inclusion,16.0,59.0,37.0,113.0,21.0,54.0,1134.0,0.3888888888888889
inclusion_115.xml,inclusion_115.jpg,inclusion,45.0,86.0,65.0,195.0,20.0,109.0,2180.0,0.1834862385321101
inclusion_115.xml,inclusion_115.jpg,inclusion,41.0,1.0,82.0,137.0,41.0,136.0,5576.0,0.3014705882352941
inclusion_115.xml,inclusion_115.jpg,inclusion,105.0,74.0,138.0,198.0,33.0,124.0,4092.0,0.2661290322580645
inclusion_115.xml,inclusion_115.jpg,inclusion,144.0,120.0,172.0,181.0,28.0,61.0,1708.0,0.45901639344262296
inclusion_115.xml,inclusion_115.jpg,inclusion,145.0,1.0,159.0,30.0,14.0,29.0,406.0,0.4827586206896552
inclusion_115.xml,inclusion_115.jpg,inclusion,148.0,80.0,163.0,124.0,15.0,44.0,660.0,0.3409090909090909
inclusion_116.xml,inclusion_116.jpg,inclusion,71.0,29.0,92.0,86.0,21.0,57.0,1197.0,0.3684210526315789
inclusion_116.xml,inclusion_116.jpg,inclusion,159.0,47.0,191.0,199.0,32.0,152.0,4864.0,0.21052631578947367
inclusion_116.xml,inclusion_116.jpg,inclusion,98.0,1.0,135.0,164.0,37.0,163.0,6031.0,0.22699386503067484
inclusion_116.xml,inclusion_116.jpg,inclusion,102.0,155.0,121.0,199.0,19.0,44.0,836.0,0.4318181818181818
inclusion_117.xml,inclusion_117.jpg,inclusion,21.0,1.0,55.0,143.0,34.0,142.0,4828.0,0.23943661971830985
inclusion_117.xml,inclusion_117.jpg,inclusion,34.0,146.0,86.0,189.0,52.0,43.0,2236.0,1.2093023255813953
inclusion_117.xml,inclusion_117.jpg,inclusion,62.0,1.0,91.0,90.0,29.0,89.0,2581.0,0.3258426966292135
inclusion_117.xml,inclusion_117.jpg,inclusion,116.0,26.0,133.0,101.0,17.0,75.0,1275.0,0.22666666666666666
inclusion_118.xml,inclusion_118.jpg,inclusion,115.0,2.0,139.0,53.0,24.0,51.0,1224.0,0.47058823529411764
inclusion_118.xml,inclusion_118.jpg,inclusion,144.0,1.0,182.0,180.0,38.0,179.0,6802.0,0.2122905027932961
inclusion_118.xml,inclusion_118.jpg,inclusion,145.0,133.0,171.0,199.0,26.0,66.0,1716.0,0.3939393939393939
inclusion_119.xml,inclusion_119.jpg,inclusion,98.0,1.0,136.0,198.0,38.0,197.0,7486.0,0.19289340101522842
inclusion_119.xml,inclusion_119.jpg,inclusion,74.0,1.0,93.0,46.0,19.0,45.0,855.0,0.4222222222222222
inclusion_119.xml,inclusion_119.jpg,inclusion,160.0,16.0,194.0,175.0,34.0,159.0,5406.0,0.2138364779874214
inclusion_12.xml,inclusion_12.jpg,inclusion,18.0,4.0,62.0,198.0,44.0,194.0,8536.0,0.2268041237113402
inclusion_12.xml,inclusion_12.jpg,inclusion,75.0,38.0,111.0,182.0,36.0,144.0,5184.0,0.25
inclusion_12.xml,inclusion_12.jpg,inclusion,138.0,150.0,159.0,198.0,21.0,48.0,1008.0,0.4375
inclusion_12.xml,inclusion_12.jpg,inclusion,114.0,100.0,127.0,130.0,13.0,30.0,390.0,0.43333333333333335
inclusion_12.xml,inclusion_12.jpg,inclusion,149.0,1.0,186.0,124.0,37.0,123.0,4551.0,0.3008130081300813
inclusion_120.xml,inclusion_120.jpg,inclusion,22.0,60.0,60.0,198.0,38.0,138.0,5244.0,0.2753623188405797
inclusion_120.xml,inclusion_120.jpg,inclusion,82.0,1.0,107.0,59.0,25.0,58.0,1450.0,0.43103448275862066
inclusion_120.xml,inclusion_120.jpg,inclusion,115.0,62.0,132.0,101.0,17.0,39.0,663.0,0.4358974358974359
inclusion_120.xml,inclusion_120.jpg,inclusion,119.0,141.0,144.0,200.0,25.0,59.0,1475.0,0.423728813559322
inclusion_120.xml,inclusion_120.jpg,inclusion,150.0,128.0,166.0,177.0,16.0,49.0,784.0,0.32653061224489793
inclusion_120.xml,inclusion_120.jpg,inclusion,23.0,1.0,56.0,90.0,33.0,89.0,2937.0,0.3707865168539326
inclusion_121.xml,inclusion_121.jpg,inclusion,107.0,16.0,159.0,198.0,52.0,182.0,9464.0,0.2857142857142857
inclusion_121.xml,inclusion_121.jpg,inclusion,78.0,163.0,92.0,198.0,14.0,35.0,490.0,0.4
inclusion_121.xml,inclusion_121.jpg,inclusion,79.0,5.0,119.0,134.0,40.0,129.0,5160.0,0.31007751937984496
inclusion_122.xml,inclusion_122.jpg,inclusion,18.0,1.0,71.0,198.0,53.0,197.0,10441.0,0.26903553299492383
inclusion_122.xml,inclusion_122.jpg,inclusion,110.0,75.0,139.0,199.0,29.0,124.0,3596.0,0.23387096774193547
inclusion_122.xml,inclusion_122.jpg,inclusion,134.0,1.0,158.0,95.0,24.0,94.0,2256.0,0.2553191489361702
inclusion_122.xml,inclusion_122.jpg,inclusion,166.0,1.0,179.0,26.0,13.0,25.0,325.0,0.52
inclusion_123.xml,inclusion_123.jpg,inclusion,45.0,56.0,76.0,198.0,31.0,142.0,4402.0,0.21830985915492956
inclusion_123.xml,inclusion_123.jpg,inclusion,72.0,1.0,96.0,78.0,24.0,77.0,1848.0,0.3116883116883117
inclusion_124.xml,inclusion_124.jpg,inclusion,113.0,1.0,145.0,87.0,32.0,86.0,2752.0,0.37209302325581395
inclusion_124.xml,inclusion_124.jpg,inclusion,39.0,1.0,58.0,63.0,19.0,62.0,1178.0,0.3064516129032258
inclusion_124.xml,inclusion_124.jpg,inclusion,13.0,90.0,31.0,151.0,18.0,61.0,1098.0,0.29508196721311475
inclusion_124.xml,inclusion_124.jpg,inclusion,39.0,106.0,71.0,197.0,32.0,91.0,2912.0,0.3516483516483517
inclusion_124.xml,inclusion_124.jpg,inclusion,17.0,18.0,39.0,75.0,22.0,57.0,1254.0,0.38596491228070173
inclusion_125.xml,inclusion_125.jpg,inclusion,107.0,15.0,123.0,77.0,16.0,62.0,992.0,0.25806451612903225
inclusion_125.xml,inclusion_125.jpg,inclusion,88.0,1.0,101.0,27.0,13.0,26.0,338.0,0.5
inclusion_125.xml,inclusion_125.jpg,inclusion,130.0,31.0,167.0,114.0,37.0,83.0,3071.0,0.4457831325301205
inclusion_125.xml,inclusion_125.jpg,inclusion,93.0,125.0,127.0,187.0,34.0,62.0,2108.0,0.5483870967741935
inclusion_125.xml,inclusion_125.jpg,inclusion,57.0,31.0,73.0,75.0,16.0,44.0,704.0,0.36363636363636365
inclusion_125.xml,inclusion_125.jpg,inclusion,33.0,62.0,44.0,86.0,11.0,24.0,264.0,0.4583333333333333
inclusion_125.xml,inclusion_125.jpg,inclusion,136.0,90.0,154.0,142.0,18.0,52.0,936.0,0.34615384615384615
inclusion_125.xml,inclusion_125.jpg,inclusion,33.0,90.0,46.0,116.0,13.0,26.0,338.0,0.5
inclusion_125.xml,inclusion_125.jpg,inclusion,35.0,145.0,47.0,173.0,12.0,28.0,336.0,0.42857142857142855
inclusion_126.xml,inclusion_126.jpg,inclusion,2.0,88.0,40.0,160.0,38.0,72.0,2736.0,0.5277777777777778
inclusion_126.xml,inclusion_126.jpg,inclusion,24.0,1.0,43.0,42.0,19.0,41.0,779.0,0.4634146341463415
inclusion_126.xml,inclusion_126.jpg,inclusion,50.0,1.0,85.0,86.0,35.0,85.0,2975.0,0.4117647058823529
inclusion_126.xml,inclusion_126.jpg,inclusion,94.0,175.0,106.0,198.0,12.0,23.0,276.0,0.5217391304347826
inclusion_126.xml,inclusion_126.jpg,inclusion,56.0,57.0,74.0,102.0,18.0,45.0,810.0,0.4
inclusion_127.xml,inclusion_127.jpg,inclusion,34.0,40.0,48.0,76.0,14.0,36.0,504.0,0.3888888888888889
inclusion_127.xml,inclusion_127.jpg,inclusion,68.0,90.0,117.0,199.0,49.0,109.0,5341.0,0.44954128440366975
inclusion_127.xml,inclusion_127.jpg,inclusion,100.0,85.0,120.0,125.0,20.0,40.0,800.0,0.5
inclusion_128.xml,inclusion_128.jpg,inclusion,31.0,1.0,42.0,25.0,11.0,24.0,264.0,0.4583333333333333
inclusion_128.xml,inclusion_128.jpg,inclusion,68.0,43.0,117.0,173.0,49.0,130.0,6370.0,0.3769230769230769
inclusion_128.xml,inclusion_128.jpg,inclusion,96.0,40.0,114.0,80.0,18.0,40.0,720.0,0.45
inclusion_129.xml,inclusion_129.jpg,inclusion,163.0,108.0,190.0,160.0,27.0,52.0,1404.0,0.5192307692307693
inclusion_129.xml,inclusion_129.jpg,inclusion,23.0,143.0,41.0,199.0,18.0,56.0,1008.0,0.32142857142857145
inclusion_129.xml,inclusion_129.jpg,inclusion,44.0,1.0,92.0,118.0,48.0,117.0,5616.0,0.41025641025641024
inclusion_129.xml,inclusion_129.jpg,inclusion,80.0,96.0,99.0,128.0,19.0,32.0,608.0,0.59375
inclusion_13.xml,inclusion_13.jpg,inclusion,60.0,1.0,98.0,198.0,38.0,197.0,7486.0,0.19289340101522842
inclusion_13.xml,inclusion_13.jpg,inclusion,106.0,2.0,153.0,73.0,47.0,71.0,3337.0,0.6619718309859155
inclusion_13.xml,inclusion_13.jpg,inclusion,160.0,36.0,194.0,187.0,34.0,151.0,5134.0,0.2251655629139073
inclusion_13.xml,inclusion_13.jpg,inclusion,111.0,77.0,136.0,118.0,25.0,41.0,1025.0,0.6097560975609756
inclusion_13.xml,inclusion_13.jpg,inclusion,112.0,126.0,139.0,200.0,27.0,74.0,1998.0,0.36486486486486486
inclusion_130.xml,inclusion_130.jpg,inclusion,87.0,133.0,109.0,191.0,22.0,58.0,1276.0,0.3793103448275862
inclusion_130.xml,inclusion_130.jpg,inclusion,138.0,95.0,155.0,126.0,17.0,31.0,527.0,0.5483870967741935
inclusion_130.xml,inclusion_130.jpg,inclusion,161.0,114.0,178.0,175.0,17.0,61.0,1037.0,0.2786885245901639
inclusion_130.xml,inclusion_130.jpg,inclusion,168.0,39.0,187.0,100.0,19.0,61.0,1159.0,0.3114754098360656
inclusion_130.xml,inclusion_130.jpg,inclusion,175.0,99.0,197.0,148.0,22.0,49.0,1078.0,0.4489795918367347
inclusion_130.xml,inclusion_130.jpg,inclusion,15.0,7.0,42.0,70.0,27.0,63.0,1701.0,0.42857142857142855
inclusion_130.xml,inclusion_130.jpg,inclusion,89.0,4.0,115.0,68.0,26.0,64.0,1664.0,0.40625
inclusion_130.xml,inclusion_130.jpg,inclusion,112.0,132.0,128.0,175.0,16.0,43.0,688.0,0.37209302325581395
inclusion_130.xml,inclusion_130.jpg,inclusion,184.0,157.0,198.0,192.0,14.0,35.0,490.0,0.4
inclusion_131.xml,inclusion_131.jpg,inclusion,39.0,1.0,92.0,197.0,53.0,196.0,10388.0,0.27040816326530615
inclusion_132.xml,inclusion_132.jpg,inclusion,69.0,2.0,115.0,197.0,46.0,195.0,8970.0,0.2358974358974359
inclusion_133.xml,inclusion_133.jpg,inclusion,69.0,1.0,140.0,200.0,71.0,199.0,14129.0,0.35678391959798994
inclusion_134.xml,inclusion_134.jpg,inclusion,53.0,1.0,99.0,199.0,46.0,198.0,9108.0,0.23232323232323232
inclusion_134.xml,inclusion_134.jpg,inclusion,55.0,1.0,84.0,103.0,29.0,102.0,2958.0,0.28431372549019607
inclusion_135.xml,inclusion_135.jpg,inclusion,41.0,1.0,74.0,178.0,33.0,177.0,5841.0,0.1864406779661017
inclusion_135.xml,inclusion_135.jpg,inclusion,60.0,6.0,98.0,198.0,38.0,192.0,7296.0,0.19791666666666666
inclusion_136.xml,inclusion_136.jpg,inclusion,14.0,105.0,25.0,133.0,11.0,28.0,308.0,0.39285714285714285
inclusion_136.xml,inclusion_136.jpg,inclusion,166.0,70.0,188.0,117.0,22.0,47.0,1034.0,0.46808510638297873
inclusion_137.xml,inclusion_137.jpg,inclusion,50.0,1.0,74.0,47.0,24.0,46.0,1104.0,0.5217391304347826
inclusion_137.xml,inclusion_137.jpg,inclusion,96.0,120.0,110.0,145.0,14.0,25.0,350.0,0.56
inclusion_138.xml,inclusion_138.jpg,inclusion,138.0,125.0,162.0,180.0,24.0,55.0,1320.0,0.43636363636363634
inclusion_138.xml,inclusion_138.jpg,inclusion,173.0,17.0,187.0,39.0,14.0,22.0,308.0,0.6363636363636364
inclusion_139.xml,inclusion_139.jpg,inclusion,58.0,140.0,82.0,186.0,24.0,46.0,1104.0,0.5217391304347826
inclusion_139.xml,inclusion_139.jpg,inclusion,67.0,72.0,92.0,125.0,25.0,53.0,1325.0,0.4716981132075472
inclusion_139.xml,inclusion_139.jpg,inclusion,164.0,103.0,179.0,126.0,15.0,23.0,345.0,0.6521739130434783
inclusion_14.xml,inclusion_14.jpg,inclusion,2.0,9.0,42.0,188.0,40.0,179.0,7160.0,0.22346368715083798
inclusion_14.xml,inclusion_14.jpg,inclusion,91.0,150.0,115.0,194.0,24.0,44.0,1056.0,0.5454545454545454
inclusion_140.xml,inclusion_140.jpg,inclusion,22.0,107.0,34.0,133.0,12.0,26.0,312.0,0.46153846153846156
inclusion_140.xml,inclusion_140.jpg,inclusion,106.0,73.0,129.0,118.0,23.0,45.0,1035.0,0.5111111111111111
inclusion_140.xml,inclusion_140.jpg,inclusion,118.0,6.0,140.0,60.0,22.0,54.0,1188.0,0.4074074074074074
inclusion_141.xml,inclusion_141.jpg,inclusion,20.0,39.0,32.0,61.0,12.0,22.0,264.0,0.5454545454545454
inclusion_141.xml,inclusion_141.jpg,inclusion,104.0,3.0,127.0,47.0,23.0,44.0,1012.0,0.5227272727272727
inclusion_141.xml,inclusion_141.jpg,inclusion,99.0,153.0,121.0,183.0,22.0,30.0,660.0,0.7333333333333333
inclusion_142.xml,inclusion_142.jpg,inclusion,142.0,130.0,159.0,170.0,17.0,40.0,680.0,0.425
inclusion_142.xml,inclusion_142.jpg,inclusion,56.0,34.0,70.0,56.0,14.0,22.0,308.0,0.6363636363636364
inclusion_143.xml,inclusion_143.jpg,inclusion,42.0,15.0,59.0,39.0,17.0,24.0,408.0,0.7083333333333334
inclusion_143.xml,inclusion_143.jpg,inclusion,29.0,69.0,50.0,121.0,21.0,52.0,1092.0,0.40384615384615385
inclusion_143.xml,inclusion_143.jpg,inclusion,31.0,124.0,47.0,151.0,16.0,27.0,432.0,0.5925925925925926
inclusion_143.xml,inclusion_143.jpg,inclusion,34.0,171.0,45.0,198.0,11.0,27.0,297.0,0.4074074074074074
inclusion_144.xml,inclusion_144.jpg,inclusion,128.0,13.0,142.0,41.0,14.0,28.0,392.0,0.5
inclusion_144.xml,inclusion_144.jpg,inclusion,113.0,69.0,134.0,123.0,21.0,54.0,1134.0,0.3888888888888889
inclusion_144.xml,inclusion_144.jpg,inclusion,116.0,122.0,130.0,151.0,14.0,29.0,406.0,0.4827586206896552
inclusion_144.xml,inclusion_144.jpg,inclusion,117.0,171.0,130.0,198.0,13.0,27.0,351.0,0.48148148148148145
inclusion_145.xml,inclusion_145.jpg,inclusion,61.0,94.0,102.0,198.0,41.0,104.0,4264.0,0.3942307692307692
inclusion_145.xml,inclusion_145.jpg,inclusion,53.0,73.0,74.0,139.0,21.0,66.0,1386.0,0.3181818181818182
inclusion_145.xml,inclusion_145.jpg,inclusion,81.0,43.0,97.0,89.0,16.0,46.0,736.0,0.34782608695652173
inclusion_146.xml,inclusion_146.jpg,inclusion,20.0,132.0,40.0,174.0,20.0,42.0,840.0,0.47619047619047616
inclusion_146.xml,inclusion_146.jpg,inclusion,91.0,9.0,137.0,194.0,46.0,185.0,8510.0,0.24864864864864866
inclusion_146.xml,inclusion_146.jpg,inclusion,87.0,4.0,112.0,75.0,25.0,71.0,1775.0,0.352112676056338
inclusion_146.xml,inclusion_146.jpg,inclusion,122.0,83.0,140.0,128.0,18.0,45.0,810.0,0.4
inclusion_147.xml,inclusion_147.jpg,inclusion,74.0,115.0,96.0,161.0,22.0,46.0,1012.0,0.4782608695652174
inclusion_147.xml,inclusion_147.jpg,inclusion,148.0,3.0,194.0,184.0,46.0,181.0,8326.0,0.2541436464088398
inclusion_147.xml,inclusion_147.jpg,inclusion,141.0,1.0,161.0,84.0,20.0,83.0,1660.0,0.24096385542168675
inclusion_148.xml,inclusion_148.jpg,inclusion,15.0,1.0,52.0,97.0,37.0,96.0,3552.0,0.3854166666666667
inclusion_148.xml,inclusion_148.jpg,inclusion,45.0,23.0,62.0,66.0,17.0,43.0,731.0,0.3953488372093023
inclusion_148.xml,inclusion_148.jpg,inclusion,20.0,70.0,43.0,133.0,23.0,63.0,1449.0,0.36507936507936506
inclusion_149.xml,inclusion_149.jpg,inclusion,55.0,1.0,77.0,62.0,22.0,61.0,1342.0,0.36065573770491804
inclusion_149.xml,inclusion_149.jpg,inclusion,79.0,119.0,99.0,158.0,20.0,39.0,780.0,0.5128205128205128
inclusion_15.xml,inclusion_15.jpg,inclusion,47.0,1.0,73.0,199.0,26.0,198.0,5148.0,0.13131313131313133
inclusion_15.xml,inclusion_15.jpg,inclusion,93.0,55.0,124.0,200.0,31.0,145.0,4495.0,0.21379310344827587
inclusion_15.xml,inclusion_15.jpg,inclusion,147.0,53.0,169.0,124.0,22.0,71.0,1562.0,0.30985915492957744
inclusion_15.xml,inclusion_15.jpg,inclusion,182.0,43.0,197.0,74.0,15.0,31.0,465.0,0.4838709677419355
inclusion_15.xml,inclusion_15.jpg,inclusion,95.0,10.0,112.0,50.0,17.0,40.0,680.0,0.425
inclusion_15.xml,inclusion_15.jpg,inclusion,161.0,1.0,179.0,44.0,18.0,43.0,774.0,0.4186046511627907
inclusion_150.xml,inclusion_150.jpg,inclusion,135.0,43.0,180.0,196.0,45.0,153.0,6885.0,0.29411764705882354
inclusion_151.xml,inclusion_151.jpg,inclusion,11.0,13.0,62.0,171.0,51.0,158.0,8058.0,0.3227848101265823
inclusion_151.xml,inclusion_151.jpg,inclusion,76.0,62.0,141.0,200.0,65.0,138.0,8970.0,0.47101449275362317
inclusion_151.xml,inclusion_151.jpg,inclusion,133.0,79.0,156.0,121.0,23.0,42.0,966.0,0.5476190476190477
inclusion_151.xml,inclusion_151.jpg,inclusion,126.0,119.0,171.0,200.0,45.0,81.0,3645.0,0.5555555555555556
inclusion_152.xml,inclusion_152.jpg,inclusion,18.0,10.0,101.0,198.0,83.0,188.0,15604.0,0.44148936170212766
inclusion_152.xml,inclusion_152.jpg,inclusion,73.0,29.0,98.0,70.0,25.0,41.0,1025.0,0.6097560975609756
inclusion_152.xml,inclusion_152.jpg,inclusion,65.0,67.0,108.0,146.0,43.0,79.0,3397.0,0.5443037974683544
inclusion_153.xml,inclusion_153.jpg,inclusion,22.0,1.0,100.0,198.0,78.0,197.0,15366.0,0.39593908629441626
inclusion_153.xml,inclusion_153.jpg,inclusion,102.0,1.0,118.0,48.0,16.0,47.0,752.0,0.3404255319148936
inclusion_154.xml,inclusion_154.jpg,inclusion,51.0,54.0,89.0,177.0,38.0,123.0,4674.0,0.3089430894308943
inclusion_154.xml,inclusion_154.jpg,inclusion,92.0,109.0,119.0,195.0,27.0,86.0,2322.0,0.313953488372093
inclusion_154.xml,inclusion_154.jpg,inclusion,156.0,1.0,198.0,163.0,42.0,162.0,6804.0,0.25925925925925924
inclusion_154.xml,inclusion_154.jpg,inclusion,96.0,10.0,117.0,58.0,21.0,48.0,1008.0,0.4375
inclusion_154.xml,inclusion_154.jpg,inclusion,112.0,75.0,126.0,106.0,14.0,31.0,434.0,0.45161290322580644
inclusion_155.xml,inclusion_155.jpg,inclusion,86.0,8.0,118.0,78.0,32.0,70.0,2240.0,0.45714285714285713
inclusion_155.xml,inclusion_155.jpg,inclusion,125.0,10.0,154.0,122.0,29.0,112.0,3248.0,0.25892857142857145
inclusion_155.xml,inclusion_155.jpg,inclusion,132.0,113.0,167.0,198.0,35.0,85.0,2975.0,0.4117647058823529
inclusion_156.xml,inclusion_156.jpg,inclusion,11.0,1.0,48.0,148.0,37.0,147.0,5439.0,0.25170068027210885
inclusion_156.xml,inclusion_156.jpg,inclusion,106.0,2.0,142.0,196.0,36.0,194.0,6984.0,0.18556701030927836
inclusion_156.xml,inclusion_156.jpg,inclusion,87.0,1.0,106.0,66.0,19.0,65.0,1235.0,0.2923076923076923
inclusion_157.xml,inclusion_157.jpg,inclusion,17.0,79.0,40.0,169.0,23.0,90.0,2070.0,0.25555555555555554
inclusion_157.xml,inclusion_157.jpg,inclusion,70.0,15.0,92.0,47.0,22.0,32.0,704.0,0.6875
inclusion_157.xml,inclusion_157.jpg,inclusion,71.0,109.0,144.0,197.0,73.0,88.0,6424.0,0.8295454545454546
inclusion_157.xml,inclusion_157.jpg,inclusion,171.0,150.0,189.0,189.0,18.0,39.0,702.0,0.46153846153846156
inclusion_157.xml,inclusion_157.jpg,inclusion,182.0,1.0,199.0,37.0,17.0,36.0,612.0,0.4722222222222222
inclusion_158.xml,inclusion_158.jpg,inclusion,79.0,46.0,101.0,136.0,22.0,90.0,1980.0,0.24444444444444444
inclusion_158.xml,inclusion_158.jpg,inclusion,130.0,78.0,198.0,198.0,68.0,120.0,8160.0,0.5666666666666667
inclusion_159.xml,inclusion_159.jpg,inclusion,42.0,52.0,64.0,170.0,22.0,118.0,2596.0,0.1864406779661017
inclusion_159.xml,inclusion_159.jpg,inclusion,67.0,1.0,98.0,198.0,31.0,197.0,6107.0,0.15736040609137056
inclusion_16.xml,inclusion_16.jpg,inclusion,119.0,1.0,146.0,194.0,27.0,193.0,5211.0,0.13989637305699482
inclusion_16.xml,inclusion_16.jpg,inclusion,168.0,1.0,194.0,120.0,26.0,119.0,3094.0,0.2184873949579832
inclusion_16.xml,inclusion_16.jpg,inclusion,173.0,116.0,198.0,198.0,25.0,82.0,2050.0,0.3048780487804878
inclusion_160.xml,inclusion_160.jpg,inclusion,65.0,25.0,90.0,198.0,25.0,173.0,4325.0,0.14450867052023122
inclusion_160.xml,inclusion_160.jpg,inclusion,90.0,25.0,128.0,198.0,38.0,173.0,6574.0,0.21965317919075145
inclusion_162.xml,inclusion_162.jpg,inclusion,21.0,23.0,73.0,170.0,52.0,147.0,7644.0,0.35374149659863946
inclusion_162.xml,inclusion_162.jpg,inclusion,85.0,69.0,138.0,198.0,53.0,129.0,6837.0,0.4108527131782946
inclusion_162.xml,inclusion_162.jpg,inclusion,135.0,123.0,182.0,197.0,47.0,74.0,3478.0,0.6351351351351351
inclusion_162.xml,inclusion_162.jpg,inclusion,142.0,86.0,163.0,131.0,21.0,45.0,945.0,0.4666666666666667
inclusion_163.xml,inclusion_163.jpg,inclusion,1.0,22.0,33.0,170.0,32.0,148.0,4736.0,0.21621621621621623
inclusion_163.xml,inclusion_163.jpg,inclusion,47.0,70.0,108.0,199.0,61.0,129.0,7869.0,0.4728682170542636
inclusion_163.xml,inclusion_163.jpg,inclusion,102.0,87.0,127.0,130.0,25.0,43.0,1075.0,0.5813953488372093
inclusion_163.xml,inclusion_163.jpg,inclusion,103.0,133.0,141.0,200.0,38.0,67.0,2546.0,0.5671641791044776
inclusion_164.xml,inclusion_164.jpg,inclusion,67.0,1.0,111.0,74.0,44.0,73.0,3212.0,0.6027397260273972
inclusion_164.xml,inclusion_164.jpg,inclusion,136.0,1.0,198.0,198.0,62.0,197.0,12214.0,0.3147208121827411
inclusion_164.xml,inclusion_164.jpg,inclusion,33.0,104.0,84.0,198.0,51.0,94.0,4794.0,0.5425531914893617
inclusion_164.xml,inclusion_164.jpg,inclusion,81.0,83.0,99.0,132.0,18.0,49.0,882.0,0.3673469387755102
inclusion_164.xml,inclusion_164.jpg,inclusion,93.0,142.0,109.0,180.0,16.0,38.0,608.0,0.42105263157894735
inclusion_165.xml,inclusion_165.jpg,inclusion,1.0,56.0,21.0,166.0,20.0,110.0,2200.0,0.18181818181818182
inclusion_165.xml,inclusion_165.jpg,inclusion,67.0,1.0,133.0,197.0,66.0,196.0,12936.0,0.336734693877551
inclusion_165.xml,inclusion_165.jpg,inclusion,10.0,18.0,25.0,50.0,15.0,32.0,480.0,0.46875
inclusion_165.xml,inclusion_165.jpg,inclusion,122.0,108.0,142.0,168.0,20.0,60.0,1200.0,0.3333333333333333
inclusion_165.xml,inclusion_165.jpg,inclusion,7.0,155.0,28.0,200.0,21.0,45.0,945.0,0.4666666666666667
inclusion_166.xml,inclusion_166.jpg,inclusion,93.0,6.0,130.0,197.0,37.0,191.0,7067.0,0.193717277486911
inclusion_166.xml,inclusion_166.jpg,inclusion,53.0,4.0,86.0,73.0,33.0,69.0,2277.0,0.4782608695652174
inclusion_166.xml,inclusion_166.jpg,inclusion,161.0,100.0,188.0,187.0,27.0,87.0,2349.0,0.3103448275862069
inclusion_166.xml,inclusion_166.jpg,inclusion,171.0,1.0,199.0,64.0,28.0,63.0,1764.0,0.4444444444444444
inclusion_167.xml,inclusion_167.jpg,inclusion,10.0,6.0,53.0,189.0,43.0,183.0,7869.0,0.23497267759562843
inclusion_167.xml,inclusion_167.jpg,inclusion,110.0,1.0,144.0,200.0,34.0,199.0,6766.0,0.1708542713567839
inclusion_167.xml,inclusion_167.jpg,inclusion,92.0,10.0,114.0,86.0,22.0,76.0,1672.0,0.2894736842105263
inclusion_168.xml,inclusion_168.jpg,inclusion,1.0,1.0,44.0,199.0,43.0,198.0,8514.0,0.21717171717171718
inclusion_168.xml,inclusion_168.jpg,inclusion,26.0,55.0,64.0,122.0,38.0,67.0,2546.0,0.5671641791044776
inclusion_168.xml,inclusion_168.jpg,inclusion,10.0,9.0,40.0,47.0,30.0,38.0,1140.0,0.7894736842105263
inclusion_17.xml,inclusion_17.jpg,inclusion,16.0,77.0,39.0,198.0,23.0,121.0,2783.0,0.19008264462809918
inclusion_17.xml,inclusion_17.jpg,inclusion,46.0,124.0,61.0,159.0,15.0,35.0,525.0,0.42857142857142855
inclusion_17.xml,inclusion_17.jpg,inclusion,123.0,88.0,150.0,136.0,27.0,48.0,1296.0,0.5625
inclusion_17.xml,inclusion_17.jpg,inclusion,116.0,163.0,134.0,200.0,18.0,37.0,666.0,0.4864864864864865
inclusion_17.xml,inclusion_17.jpg,inclusion,70.0,42.0,86.0,74.0,16.0,32.0,512.0,0.5
inclusion_17.xml,inclusion_17.jpg,inclusion,21.0,25.0,42.0,85.0,21.0,60.0,1260.0,0.35
inclusion_170.xml,inclusion_170.jpg,inclusion,77.0,16.0,129.0,199.0,52.0,183.0,9516.0,0.28415300546448086
inclusion_171.xml,inclusion_171.jpg,inclusion,82.0,1.0,123.0,120.0,41.0,119.0,4879.0,0.3445378151260504
inclusion_171.xml,inclusion_171.jpg,inclusion,81.0,134.0,104.0,198.0,23.0,64.0,1472.0,0.359375
inclusion_172.xml,inclusion_172.jpg,inclusion,77.0,63.0,106.0,195.0,29.0,132.0,3828.0,0.2196969696969697
inclusion_172.xml,inclusion_172.jpg,inclusion,82.0,13.0,103.0,62.0,21.0,49.0,1029.0,0.42857142857142855
inclusion_173.xml,inclusion_173.jpg,inclusion,155.0,1.0,184.0,130.0,29.0,129.0,3741.0,0.2248062015503876
inclusion_173.xml,inclusion_173.jpg,inclusion,155.0,143.0,177.0,180.0,22.0,37.0,814.0,0.5945945945945946
inclusion_174.xml,inclusion_174.jpg,inclusion,64.0,1.0,84.0,53.0,20.0,52.0,1040.0,0.38461538461538464
inclusion_174.xml,inclusion_174.jpg,inclusion,66.0,70.0,89.0,107.0,23.0,37.0,851.0,0.6216216216216216
inclusion_175.xml,inclusion_175.jpg,inclusion,94.0,93.0,140.0,199.0,46.0,106.0,4876.0,0.4339622641509434
inclusion_175.xml,inclusion_175.jpg,inclusion,119.0,74.0,139.0,115.0,20.0,41.0,820.0,0.4878048780487805
inclusion_175.xml,inclusion_175.jpg,inclusion,92.0,101.0,112.0,165.0,20.0,64.0,1280.0,0.3125
inclusion_176.xml,inclusion_176.jpg,inclusion,76.0,35.0,114.0,197.0,38.0,162.0,6156.0,0.2345679012345679
inclusion_176.xml,inclusion_176.jpg,inclusion,65.0,15.0,87.0,103.0,22.0,88.0,1936.0,0.25
inclusion_176.xml,inclusion_176.jpg,inclusion,99.0,1.0,110.0,23.0,11.0,22.0,242.0,0.5
inclusion_176.xml,inclusion_176.jpg,inclusion,2.0,139.0,23.0,178.0,21.0,39.0,819.0,0.5384615384615384
inclusion_176.xml,inclusion_176.jpg,inclusion,97.0,86.0,117.0,132.0,20.0,46.0,920.0,0.43478260869565216
inclusion_177.xml,inclusion_177.jpg,inclusion,28.0,34.0,56.0,155.0,28.0,121.0,3388.0,0.23140495867768596
inclusion_177.xml,inclusion_177.jpg,inclusion,146.0,104.0,180.0,164.0,34.0,60.0,2040.0,0.5666666666666667
inclusion_177.xml,inclusion_177.jpg,inclusion,146.0,12.0,170.0,48.0,24.0,36.0,864.0,0.6666666666666666
inclusion_177.xml,inclusion_177.jpg,inclusion,92.0,38.0,108.0,76.0,16.0,38.0,608.0,0.42105263157894735
inclusion_177.xml,inclusion_177.jpg,inclusion,150.0,175.0,173.0,199.0,23.0,24.0,552.0,0.9583333333333334
inclusion_178.xml,inclusion_178.jpg,inclusion,11.0,132.0,38.0,182.0,27.0,50.0,1350.0,0.54
inclusion_178.xml,inclusion_178.jpg,inclusion,176.0,6.0,199.0,110.0,23.0,104.0,2392.0,0.22115384615384615
inclusion_178.xml,inclusion_178.jpg,inclusion,113.0,130.0,135.0,168.0,22.0,38.0,836.0,0.5789473684210527
inclusion_178.xml,inclusion_178.jpg,inclusion,10.0,17.0,27.0,44.0,17.0,27.0,459.0,0.6296296296296297
inclusion_179.xml,inclusion_179.jpg,inclusion,136.0,11.0,155.0,53.0,19.0,42.0,798.0,0.4523809523809524
inclusion_179.xml,inclusion_179.jpg,inclusion,21.0,130.0,64.0,197.0,43.0,67.0,2881.0,0.6417910447761194
inclusion_18.xml,inclusion_18.jpg,inclusion,156.0,111.0,181.0,198.0,25.0,87.0,2175.0,0.28735632183908044
inclusion_18.xml,inclusion_18.jpg,inclusion,117.0,1.0,143.0,137.0,26.0,136.0,3536.0,0.19117647058823528
inclusion_18.xml,inclusion_18.jpg,inclusion,8.0,1.0,32.0,161.0,24.0,160.0,3840.0,0.15
inclusion_18.xml,inclusion_18.jpg,inclusion,68.0,155.0,83.0,199.0,15.0,44.0,660.0,0.3409090909090909
inclusion_18.xml,inclusion_18.jpg,inclusion,72.0,50.0,87.0,72.0,15.0,22.0,330.0,0.6818181818181818
inclusion_18.xml,inclusion_18.jpg,inclusion,148.0,16.0,162.0,56.0,14.0,40.0,560.0,0.35
inclusion_18.xml,inclusion_18.jpg,inclusion,28.0,138.0,51.0,186.0,23.0,48.0,1104.0,0.4791666666666667
inclusion_18.xml,inclusion_18.jpg,inclusion,71.0,118.0,83.0,144.0,12.0,26.0,312.0,0.46153846153846156
inclusion_18.xml,inclusion_18.jpg,inclusion,69.0,86.0,90.0,113.0,21.0,27.0,567.0,0.7777777777777778
inclusion_180.xml,inclusion_180.jpg,inclusion,81.0,19.0,111.0,163.0,30.0,144.0,4320.0,0.20833333333333334
inclusion_180.xml,inclusion_180.jpg,inclusion,140.0,51.0,156.0,86.0,16.0,35.0,560.0,0.45714285714285713
inclusion_181.xml,inclusion_181.jpg,inclusion,27.0,54.0,54.0,183.0,27.0,129.0,3483.0,0.20930232558139536
inclusion_181.xml,inclusion_181.jpg,inclusion,56.0,1.0,83.0,198.0,27.0,197.0,5319.0,0.13705583756345177
inclusion_181.xml,inclusion_181.jpg,inclusion,118.0,11.0,145.0,199.0,27.0,188.0,5076.0,0.14361702127659576
inclusion_182.xml,inclusion_182.jpg,inclusion,136.0,1.0,152.0,67.0,16.0,66.0,1056.0,0.24242424242424243
inclusion_182.xml,inclusion_182.jpg,inclusion,136.0,73.0,164.0,159.0,28.0,86.0,2408.0,0.32558139534883723
inclusion_182.xml,inclusion_182.jpg,inclusion,145.0,166.0,165.0,199.0,20.0,33.0,660.0,0.6060606060606061
inclusion_182.xml,inclusion_182.jpg,inclusion,162.0,1.0,184.0,198.0,22.0,197.0,4334.0,0.1116751269035533
inclusion_183.xml,inclusion_183.jpg,inclusion,124.0,1.0,180.0,197.0,56.0,196.0,10976.0,0.2857142857142857
inclusion_184.xml,inclusion_184.jpg,inclusion,54.0,1.0,107.0,197.0,53.0,196.0,10388.0,0.27040816326530615
inclusion_185.xml,inclusion_185.jpg,inclusion,27.0,1.0,79.0,183.0,52.0,182.0,9464.0,0.2857142857142857
inclusion_186.xml,inclusion_186.jpg,inclusion,67.0,1.0,105.0,86.0,38.0,85.0,3230.0,0.4470588235294118
inclusion_186.xml,inclusion_186.jpg,inclusion,97.0,130.0,117.0,199.0,20.0,69.0,1380.0,0.2898550724637681
inclusion_187.xml,inclusion_187.jpg,inclusion,25.0,56.0,63.0,195.0,38.0,139.0,5282.0,0.2733812949640288
inclusion_188.xml,inclusion_188.jpg,inclusion,90.0,32.0,129.0,171.0,39.0,139.0,5421.0,0.2805755395683453
inclusion_189.xml,inclusion_189.jpg,inclusion,76.0,1.0,113.0,78.0,37.0,77.0,2849.0,0.4805194805194805
inclusion_189.xml,inclusion_189.jpg,inclusion,76.0,84.0,94.0,138.0,18.0,54.0,972.0,0.3333333333333333
inclusion_189.xml,inclusion_189.jpg,inclusion,115.0,45.0,129.0,86.0,14.0,41.0,574.0,0.34146341463414637
inclusion_19.xml,inclusion_19.jpg,inclusion,127.0,1.0,152.0,179.0,25.0,178.0,4450.0,0.1404494382022472
inclusion_19.xml,inclusion_19.jpg,inclusion,173.0,1.0,199.0,91.0,26.0,90.0,2340.0,0.28888888888888886
inclusion_19.xml,inclusion_19.jpg,inclusion,176.0,81.0,192.0,148.0,16.0,67.0,1072.0,0.23880597014925373
inclusion_190.xml,inclusion_190.jpg,inclusion,15.0,31.0,28.0,69.0,13.0,38.0,494.0,0.34210526315789475
inclusion_190.xml,inclusion_190.jpg,inclusion,26.0,41.0,59.0,198.0,33.0,157.0,5181.0,0.21019108280254778
inclusion_190.xml,inclusion_190.jpg,inclusion,59.0,12.0,103.0,198.0,44.0,186.0,8184.0,0.23655913978494625
inclusion_190.xml,inclusion_190.jpg,inclusion,134.0,1.0,149.0,43.0,15.0,42.0,630.0,0.35714285714285715
inclusion_191.xml,inclusion_191.jpg,inclusion,163.0,29.0,197.0,197.0,34.0,168.0,5712.0,0.20238095238095238
inclusion_191.xml,inclusion_191.jpg,inclusion,150.0,16.0,166.0,59.0,16.0,43.0,688.0,0.37209302325581395
inclusion_192.xml,inclusion_192.jpg,inclusion,51.0,1.0,71.0,63.0,20.0,62.0,1240.0,0.3225806451612903
inclusion_192.xml,inclusion_192.jpg,inclusion,6.0,1.0,36.0,66.0,30.0,65.0,1950.0,0.46153846153846156
inclusion_192.xml,inclusion_192.jpg,inclusion,24.0,64.0,52.0,188.0,28.0,124.0,3472.0,0.22580645161290322
inclusion_193.xml,inclusion_193.jpg,inclusion,121.0,20.0,145.0,131.0,24.0,111.0,2664.0,0.21621621621621623
inclusion_193.xml,inclusion_193.jpg,inclusion,161.0,34.0,190.0,151.0,29.0,117.0,3393.0,0.24786324786324787
inclusion_193.xml,inclusion_193.jpg,inclusion,147.0,1.0,164.0,30.0,17.0,29.0,493.0,0.5862068965517241
inclusion_194.xml,inclusion_194.jpg,inclusion,30.0,69.0,56.0,194.0,26.0,125.0,3250.0,0.208
inclusion_194.xml,inclusion_194.jpg,inclusion,122.0,40.0,148.0,117.0,26.0,77.0,2002.0,0.33766233766233766
inclusion_196.xml,inclusion_196.jpg,inclusion,125.0,44.0,149.0,198.0,24.0,154.0,3696.0,0.15584415584415584
inclusion_196.xml,inclusion_196.jpg,inclusion,34.0,63.0,52.0,113.0,18.0,50.0,900.0,0.36
inclusion_196.xml,inclusion_196.jpg,inclusion,166.0,75.0,198.0,196.0,32.0,121.0,3872.0,0.2644628099173554
inclusion_196.xml,inclusion_196.jpg,inclusion,130.0,8.0,151.0,65.0,21.0,57.0,1197.0,0.3684210526315789
inclusion_197.xml,inclusion_197.jpg,inclusion,71.0,25.0,115.0,198.0,44.0,173.0,7612.0,0.2543352601156069
inclusion_198.xml,inclusion_198.jpg,inclusion,53.0,10.0,115.0,198.0,62.0,188.0,11656.0,0.32978723404255317
inclusion_198.xml,inclusion_198.jpg,inclusion,157.0,118.0,175.0,157.0,18.0,39.0,702.0,0.46153846153846156
inclusion_199.xml,inclusion_199.jpg,inclusion,46.0,1.0,85.0,197.0,39.0,196.0,7644.0,0.1989795918367347
inclusion_199.xml,inclusion_199.jpg,inclusion,26.0,1.0,46.0,51.0,20.0,50.0,1000.0,0.4
inclusion_2.xml,inclusion_2.jpg,inclusion,23.0,98.0,39.0,132.0,16.0,34.0,544.0,0.47058823529411764
inclusion_2.xml,inclusion_2.jpg,inclusion,108.0,128.0,123.0,156.0,15.0,28.0,420.0,0.5357142857142857
inclusion_2.xml,inclusion_2.jpg,inclusion,106.0,166.0,132.0,199.0,26.0,33.0,858.0,0.7878787878787878
inclusion_20.xml,inclusion_20.jpg,inclusion,64.0,1.0,100.0,198.0,36.0,197.0,7092.0,0.18274111675126903
inclusion_20.xml,inclusion_20.jpg,inclusion,123.0,1.0,149.0,160.0,26.0,159.0,4134.0,0.16352201257861634
inclusion_20.xml,inclusion_20.jpg,inclusion,162.0,48.0,198.0,198.0,36.0,150.0,5400.0,0.24
inclusion_20.xml,inclusion_20.jpg,inclusion,124.0,157.0,142.0,200.0,18.0,43.0,774.0,0.4186046511627907
inclusion_200.xml,inclusion_200.jpg,inclusion,135.0,1.0,181.0,198.0,46.0,197.0,9062.0,0.233502538071066
inclusion_201.xml,inclusion_201.jpg,inclusion,52.0,1.0,105.0,198.0,53.0,197.0,10441.0,0.26903553299492383
inclusion_201.xml,inclusion_201.jpg,inclusion,117.0,94.0,139.0,168.0,22.0,74.0,1628.0,0.2972972972972973
inclusion_202.xml,inclusion_202.jpg,inclusion,27.0,1.0,82.0,199.0,55.0,198.0,10890.0,0.2777777777777778
inclusion_203.xml,inclusion_203.jpg,inclusion,33.0,3.0,76.0,197.0,43.0,194.0,8342.0,0.22164948453608246
inclusion_204.xml,inclusion_204.jpg,inclusion,111.0,38.0,136.0,154.0,25.0,116.0,2900.0,0.21551724137931033
inclusion_204.xml,inclusion_204.jpg,inclusion,18.0,174.0,38.0,198.0,20.0,24.0,480.0,0.8333333333333334
inclusion_205.xml,inclusion_205.jpg,inclusion,20.0,64.0,45.0,184.0,25.0,120.0,3000.0,0.20833333333333334
inclusion_205.xml,inclusion_205.jpg,inclusion,127.0,11.0,170.0,198.0,43.0,187.0,8041.0,0.22994652406417113
inclusion_206.xml,inclusion_206.jpg,inclusion,25.0,113.0,45.0,184.0,20.0,71.0,1420.0,0.28169014084507044
inclusion_206.xml,inclusion_206.jpg,inclusion,76.0,97.0,96.0,160.0,20.0,63.0,1260.0,0.31746031746031744
inclusion_206.xml,inclusion_206.jpg,inclusion,172.0,1.0,192.0,78.0,20.0,77.0,1540.0,0.2597402597402597
inclusion_207.xml,inclusion_207.jpg,inclusion,74.0,14.0,102.0,71.0,28.0,57.0,1596.0,0.49122807017543857
inclusion_207.xml,inclusion_207.jpg,inclusion,103.0,8.0,124.0,39.0,21.0,31.0,651.0,0.6774193548387096
inclusion_207.xml,inclusion_207.jpg,inclusion,115.0,143.0,150.0,187.0,35.0,44.0,1540.0,0.7954545454545454
inclusion_207.xml,inclusion_207.jpg,inclusion,77.0,109.0,93.0,140.0,16.0,31.0,496.0,0.5161290322580645
inclusion_208.xml,inclusion_208.jpg,inclusion,87.0,1.0,107.0,47.0,20.0,46.0,920.0,0.43478260869565216
inclusion_208.xml,inclusion_208.jpg,inclusion,42.0,79.0,107.0,198.0,65.0,119.0,7735.0,0.5462184873949579
inclusion_209.xml,inclusion_209.jpg,inclusion,33.0,3.0,84.0,198.0,51.0,195.0,9945.0,0.26153846153846155
inclusion_209.xml,inclusion_209.jpg,inclusion,80.0,69.0,104.0,115.0,24.0,46.0,1104.0,0.5217391304347826
inclusion_21.xml,inclusion_21.jpg,inclusion,51.0,1.0,94.0,193.0,43.0,192.0,8256.0,0.22395833333333334
inclusion_21.xml,inclusion_21.jpg,inclusion,105.0,1.0,132.0,198.0,27.0,197.0,5319.0,0.13705583756345177
inclusion_21.xml,inclusion_21.jpg,inclusion,143.0,1.0,190.0,196.0,47.0,195.0,9165.0,0.24102564102564103
inclusion_21.xml,inclusion_21.jpg,inclusion,19.0,163.0,37.0,199.0,18.0,36.0,648.0,0.5
inclusion_210.xml,inclusion_210.jpg,inclusion,90.0,31.0,133.0,171.0,43.0,140.0,6020.0,0.30714285714285716
inclusion_211.xml,inclusion_211.jpg,inclusion,71.0,1.0,108.0,72.0,37.0,71.0,2627.0,0.5211267605633803
inclusion_211.xml,inclusion_211.jpg,inclusion,88.0,117.0,125.0,199.0,37.0,82.0,3034.0,0.45121951219512196
inclusion_212.xml,inclusion_212.jpg,inclusion,43.0,43.0,78.0,163.0,35.0,120.0,4200.0,0.2916666666666667
inclusion_212.xml,inclusion_212.jpg,inclusion,162.0,85.0,185.0,126.0,23.0,41.0,943.0,0.5609756097560976
inclusion_213.xml,inclusion_213.jpg,inclusion,119.0,56.0,146.0,199.0,27.0,143.0,3861.0,0.1888111888111888
inclusion_213.xml,inclusion_213.jpg,inclusion,28.0,79.0,49.0,128.0,21.0,49.0,1029.0,0.42857142857142855
inclusion_213.xml,inclusion_213.jpg,inclusion,124.0,24.0,147.0,96.0,23.0,72.0,1656.0,0.3194444444444444
inclusion_214.xml,inclusion_214.jpg,inclusion,70.0,26.0,108.0,197.0,38.0,171.0,6498.0,0.2222222222222222
inclusion_214.xml,inclusion_214.jpg,inclusion,38.0,140.0,56.0,182.0,18.0,42.0,756.0,0.42857142857142855
inclusion_215.xml,inclusion_215.jpg,inclusion,77.0,1.0,126.0,199.0,49.0,198.0,9702.0,0.2474747474747475
inclusion_215.xml,inclusion_215.jpg,inclusion,59.0,136.0,83.0,199.0,24.0,63.0,1512.0,0.38095238095238093
inclusion_215.xml,inclusion_215.jpg,inclusion,61.0,13.0,82.0,63.0,21.0,50.0,1050.0,0.42
inclusion_216.xml,inclusion_216.jpg,inclusion,44.0,1.0,107.0,197.0,63.0,196.0,12348.0,0.32142857142857145
inclusion_216.xml,inclusion_216.jpg,inclusion,147.0,67.0,168.0,110.0,21.0,43.0,903.0,0.4883720930232558
inclusion_217.xml,inclusion_217.jpg,inclusion,55.0,1.0,108.0,195.0,53.0,194.0,10282.0,0.27319587628865977
inclusion_217.xml,inclusion_217.jpg,inclusion,42.0,1.0,72.0,90.0,30.0,89.0,2670.0,0.33707865168539325
inclusion_218.xml,inclusion_218.jpg,inclusion,56.0,71.0,93.0,144.0,37.0,73.0,2701.0,0.5068493150684932
inclusion_218.xml,inclusion_218.jpg,inclusion,109.0,65.0,139.0,145.0,30.0,80.0,2400.0,0.375
inclusion_218.xml,inclusion_218.jpg,inclusion,89.0,73.0,113.0,112.0,24.0,39.0,936.0,0.6153846153846154
inclusion_219.xml,inclusion_219.jpg,inclusion,110.0,93.0,133.0,179.0,23.0,86.0,1978.0,0.26744186046511625
inclusion_219.xml,inclusion_219.jpg,inclusion,87.0,52.0,108.0,91.0,21.0,39.0,819.0,0.5384615384615384
inclusion_22.xml,inclusion_22.jpg,inclusion,48.0,4.0,94.0,181.0,46.0,177.0,8142.0,0.2598870056497175
inclusion_22.xml,inclusion_22.jpg,inclusion,99.0,52.0,124.0,110.0,25.0,58.0,1450.0,0.43103448275862066
inclusion_22.xml,inclusion_22.jpg,inclusion,144.0,2.0,189.0,188.0,45.0,186.0,8370.0,0.24193548387096775
inclusion_22.xml,inclusion_22.jpg,inclusion,24.0,20.0,45.0,103.0,21.0,83.0,1743.0,0.25301204819277107
inclusion_220.xml,inclusion_220.jpg,inclusion,53.0,11.0,96.0,199.0,43.0,188.0,8084.0,0.22872340425531915
inclusion_220.xml,inclusion_220.jpg,inclusion,41.0,5.0,57.0,33.0,16.0,28.0,448.0,0.5714285714285714
inclusion_221.xml,inclusion_221.jpg,inclusion,35.0,61.0,61.0,195.0,26.0,134.0,3484.0,0.19402985074626866
inclusion_221.xml,inclusion_221.jpg,inclusion,138.0,12.0,182.0,199.0,44.0,187.0,8228.0,0.23529411764705882
inclusion_221.xml,inclusion_221.jpg,inclusion,127.0,11.0,143.0,34.0,16.0,23.0,368.0,0.6956521739130435
inclusion_222.xml,inclusion_222.jpg,inclusion,122.0,30.0,149.0,166.0,27.0,136.0,3672.0,0.19852941176470587
inclusion_222.xml,inclusion_222.jpg,inclusion,27.0,177.0,49.0,199.0,22.0,22.0,484.0,1.0
inclusion_223.xml,inclusion_223.jpg,inclusion,58.0,14.0,79.0,84.0,21.0,70.0,1470.0,0.3
inclusion_223.xml,inclusion_223.jpg,inclusion,53.0,115.0,78.0,177.0,25.0,62.0,1550.0,0.4032258064516129
inclusion_223.xml,inclusion_223.jpg,inclusion,110.0,1.0,131.0,63.0,21.0,62.0,1302.0,0.3387096774193548
inclusion_223.xml,inclusion_223.jpg,inclusion,84.0,111.0,102.0,142.0,18.0,31.0,558.0,0.5806451612903226
inclusion_224.xml,inclusion_224.jpg,inclusion,79.0,42.0,126.0,198.0,47.0,156.0,7332.0,0.30128205128205127
inclusion_224.xml,inclusion_224.jpg,inclusion,70.0,26.0,87.0,67.0,17.0,41.0,697.0,0.4146341463414634
inclusion_225.xml,inclusion_225.jpg,inclusion,28.0,2.0,64.0,194.0,36.0,192.0,6912.0,0.1875
inclusion_225.xml,inclusion_225.jpg,inclusion,68.0,14.0,84.0,74.0,16.0,60.0,960.0,0.26666666666666666
inclusion_226.xml,inclusion_226.jpg,inclusion,29.0,16.0,67.0,199.0,38.0,183.0,6954.0,0.20765027322404372
inclusion_227.xml,inclusion_227.jpg,inclusion,30.0,155.0,48.0,199.0,18.0,44.0,792.0,0.4090909090909091
inclusion_227.xml,inclusion_227.jpg,inclusion,65.0,2.0,95.0,65.0,30.0,63.0,1890.0,0.47619047619047616
inclusion_228.xml,inclusion_228.jpg,inclusion,93.0,94.0,108.0,130.0,15.0,36.0,540.0,0.4166666666666667
inclusion_229.xml,inclusion_229.jpg,inclusion,31.0,23.0,58.0,184.0,27.0,161.0,4347.0,0.16770186335403728
inclusion_23.xml,inclusion_23.jpg,inclusion,23.0,10.0,87.0,199.0,64.0,189.0,12096.0,0.3386243386243386
inclusion_23.xml,inclusion_23.jpg,inclusion,109.0,98.0,132.0,198.0,23.0,100.0,2300.0,0.23
inclusion_23.xml,inclusion_23.jpg,inclusion,164.0,67.0,194.0,190.0,30.0,123.0,3690.0,0.24390243902439024
inclusion_23.xml,inclusion_23.jpg,inclusion,75.0,16.0,93.0,75.0,18.0,59.0,1062.0,0.3050847457627119
inclusion_230.xml,inclusion_230.jpg,inclusion,31.0,1.0,62.0,179.0,31.0,178.0,5518.0,0.17415730337078653
inclusion_230.xml,inclusion_230.jpg,inclusion,143.0,13.0,159.0,54.0,16.0,41.0,656.0,0.3902439024390244
inclusion_231.xml,inclusion_231.jpg,inclusion,111.0,86.0,128.0,129.0,17.0,43.0,731.0,0.3953488372093023
inclusion_231.xml,inclusion_231.jpg,inclusion,92.0,137.0,123.0,198.0,31.0,61.0,1891.0,0.5081967213114754
inclusion_231.xml,inclusion_231.jpg,inclusion,57.0,112.0,87.0,173.0,30.0,61.0,1830.0,0.4918032786885246
inclusion_232.xml,inclusion_232.jpg,inclusion,27.0,43.0,44.0,94.0,17.0,51.0,867.0,0.3333333333333333
inclusion_232.xml,inclusion_232.jpg,inclusion,133.0,97.0,152.0,151.0,19.0,54.0,1026.0,0.35185185185185186
inclusion_232.xml,inclusion_232.jpg,inclusion,6.0,101.0,37.0,166.0,31.0,65.0,2015.0,0.47692307692307695
inclusion_232.xml,inclusion_232.jpg,inclusion,134.0,1.0,149.0,34.0,15.0,33.0,495.0,0.45454545454545453
inclusion_233.xml,inclusion_233.jpg,inclusion,171.0,63.0,188.0,113.0,17.0,50.0,850.0,0.34
inclusion_233.xml,inclusion_233.jpg,inclusion,14.0,64.0,32.0,106.0,18.0,42.0,756.0,0.42857142857142855
inclusion_233.xml,inclusion_233.jpg,inclusion,16.0,121.0,33.0,155.0,17.0,34.0,578.0,0.5
inclusion_233.xml,inclusion_233.jpg,inclusion,43.0,68.0,75.0,128.0,32.0,60.0,1920.0,0.5333333333333333
inclusion_233.xml,inclusion_233.jpg,inclusion,67.0,14.0,81.0,56.0,14.0,42.0,588.0,0.3333333333333333
inclusion_233.xml,inclusion_233.jpg,inclusion,33.0,23.0,49.0,76.0,16.0,53.0,848.0,0.3018867924528302
inclusion_234.xml,inclusion_234.jpg,inclusion,57.0,77.0,80.0,111.0,23.0,34.0,782.0,0.6764705882352942
inclusion_234.xml,inclusion_234.jpg,inclusion,84.0,24.0,122.0,87.0,38.0,63.0,2394.0,0.6031746031746031
inclusion_234.xml,inclusion_234.jpg,inclusion,83.0,148.0,131.0,200.0,48.0,52.0,2496.0,0.9230769230769231
inclusion_235.xml,inclusion_235.jpg,inclusion,77.0,94.0,130.0,179.0,53.0,85.0,4505.0,0.6235294117647059
inclusion_236.xml,inclusion_236.jpg,inclusion,14.0,12.0,72.0,92.0,58.0,80.0,4640.0,0.725
inclusion_237.xml,inclusion_237.jpg,inclusion,131.0,146.0,165.0,199.0,34.0,53.0,1802.0,0.6415094339622641
inclusion_238.xml,inclusion_238.jpg,inclusion,101.0,97.0,124.0,158.0,23.0,61.0,1403.0,0.3770491803278688
inclusion_238.xml,inclusion_238.jpg,inclusion,88.0,56.0,116.0,117.0,28.0,61.0,1708.0,0.45901639344262296
inclusion_239.xml,inclusion_239.jpg,inclusion,97.0,54.0,114.0,90.0,17.0,36.0,612.0,0.4722222222222222
inclusion_24.xml,inclusion_24.jpg,inclusion,18.0,1.0,52.0,80.0,34.0,79.0,2686.0,0.43037974683544306
inclusion_24.xml,inclusion_24.jpg,inclusion,26.0,121.0,53.0,199.0,27.0,78.0,2106.0,0.34615384615384615
inclusion_24.xml,inclusion_24.jpg,inclusion,62.0,93.0,105.0,198.0,43.0,105.0,4515.0,0.4095238095238095
inclusion_24.xml,inclusion_24.jpg,inclusion,96.0,1.0,121.0,63.0,25.0,62.0,1550.0,0.4032258064516129
inclusion_24.xml,inclusion_24.jpg,inclusion,131.0,1.0,171.0,194.0,40.0,193.0,7720.0,0.20725388601036268
inclusion_24.xml,inclusion_24.jpg,inclusion,82.0,38.0,98.0,91.0,16.0,53.0,848.0,0.3018867924528302
inclusion_240.xml,inclusion_240.jpg,inclusion,74.0,94.0,133.0,187.0,59.0,93.0,5487.0,0.6344086021505376
inclusion_241.xml,inclusion_241.jpg,inclusion,126.0,76.0,140.0,115.0,14.0,39.0,546.0,0.358974358974359
inclusion_241.xml,inclusion_241.jpg,inclusion,18.0,124.0,36.0,170.0,18.0,46.0,828.0,0.391304347826087
inclusion_242.xml,inclusion_242.jpg,inclusion,122.0,34.0,138.0,85.0,16.0,51.0,816.0,0.3137254901960784
inclusion_242.xml,inclusion_242.jpg,inclusion,97.0,91.0,137.0,158.0,40.0,67.0,2680.0,0.5970149253731343
inclusion_243.xml,inclusion_243.jpg,inclusion,56.0,41.0,74.0,88.0,18.0,47.0,846.0,0.3829787234042553
inclusion_243.xml,inclusion_243.jpg,inclusion,10.0,72.0,40.0,149.0,30.0,77.0,2310.0,0.38961038961038963
inclusion_243.xml,inclusion_243.jpg,inclusion,134.0,52.0,153.0,114.0,19.0,62.0,1178.0,0.3064516129032258
inclusion_244.xml,inclusion_244.jpg,inclusion,49.0,6.0,86.0,71.0,37.0,65.0,2405.0,0.5692307692307692
inclusion_244.xml,inclusion_244.jpg,inclusion,175.0,5.0,195.0,52.0,20.0,47.0,940.0,0.425531914893617
inclusion_244.xml,inclusion_244.jpg,inclusion,44.0,146.0,101.0,199.0,57.0,53.0,3021.0,1.0754716981132075
inclusion_245.xml,inclusion_245.jpg,inclusion,85.0,81.0,137.0,180.0,52.0,99.0,5148.0,0.5252525252525253
inclusion_246.xml,inclusion_246.jpg,inclusion,55.0,122.0,79.0,190.0,24.0,68.0,1632.0,0.35294117647058826
inclusion_246.xml,inclusion_246.jpg,inclusion,161.0,1.0,193.0,198.0,32.0,197.0,6304.0,0.16243654822335024
inclusion_247.xml,inclusion_247.jpg,inclusion,90.0,1.0,125.0,197.0,35.0,196.0,6860.0,0.17857142857142858
inclusion_248.xml,inclusion_248.jpg,inclusion,14.0,118.0,34.0,182.0,20.0,64.0,1280.0,0.3125
inclusion_248.xml,inclusion_248.jpg,inclusion,129.0,1.0,157.0,196.0,28.0,195.0,5460.0,0.14358974358974358
inclusion_249.xml,inclusion_249.jpg,inclusion,50.0,1.0,75.0,79.0,25.0,78.0,1950.0,0.32051282051282054
inclusion_249.xml,inclusion_249.jpg,inclusion,43.0,69.0,72.0,200.0,29.0,131.0,3799.0,0.22137404580152673
inclusion_25.xml,inclusion_25.jpg,inclusion,13.0,3.0,39.0,142.0,26.0,139.0,3614.0,0.18705035971223022
inclusion_25.xml,inclusion_25.jpg,inclusion,60.0,1.0,83.0,46.0,23.0,45.0,1035.0,0.5111111111111111
inclusion_25.xml,inclusion_25.jpg,inclusion,105.0,2.0,143.0,167.0,38.0,165.0,6270.0,0.23030303030303031
inclusion_25.xml,inclusion_25.jpg,inclusion,28.0,169.0,44.0,200.0,16.0,31.0,496.0,0.5161290322580645
inclusion_25.xml,inclusion_25.jpg,inclusion,173.0,105.0,193.0,175.0,20.0,70.0,1400.0,0.2857142857142857
inclusion_250.xml,inclusion_250.jpg,inclusion,90.0,1.0,125.0,198.0,35.0,197.0,6895.0,0.17766497461928935
inclusion_251.xml,inclusion_251.jpg,inclusion,115.0,50.0,133.0,113.0,18.0,63.0,1134.0,0.2857142857142857
inclusion_252.xml,inclusion_252.jpg,inclusion,54.0,2.0,78.0,187.0,24.0,185.0,4440.0,0.12972972972972974
inclusion_252.xml,inclusion_252.jpg,inclusion,143.0,2.0,166.0,68.0,23.0,66.0,1518.0,0.3484848484848485
inclusion_253.xml,inclusion_253.jpg,inclusion,133.0,1.0,155.0,124.0,22.0,123.0,2706.0,0.17886178861788618
inclusion_254.xml,inclusion_254.jpg,inclusion,63.0,1.0,88.0,165.0,25.0,164.0,4100.0,0.1524390243902439
inclusion_254.xml,inclusion_254.jpg,inclusion,68.0,142.0,101.0,198.0,33.0,56.0,1848.0,0.5892857142857143
inclusion_255.xml,inclusion_255.jpg,inclusion,89.0,1.0,121.0,87.0,32.0,86.0,2752.0,0.37209302325581395
inclusion_255.xml,inclusion_255.jpg,inclusion,84.0,101.0,119.0,199.0,35.0,98.0,3430.0,0.35714285714285715
inclusion_256.xml,inclusion_256.jpg,inclusion,117.0,1.0,157.0,149.0,40.0,148.0,5920.0,0.2702702702702703
inclusion_256.xml,inclusion_256.jpg,inclusion,121.0,98.0,144.0,198.0,23.0,100.0,2300.0,0.23
inclusion_257.xml,inclusion_257.jpg,inclusion,69.0,1.0,95.0,113.0,26.0,112.0,2912.0,0.23214285714285715
inclusion_257.xml,inclusion_257.jpg,inclusion,64.0,108.0,88.0,190.0,24.0,82.0,1968.0,0.2926829268292683
inclusion_258.xml,inclusion_258.jpg,inclusion,25.0,6.0,67.0,192.0,42.0,186.0,7812.0,0.22580645161290322
inclusion_258.xml,inclusion_258.jpg,inclusion,130.0,1.0,175.0,199.0,45.0,198.0,8910.0,0.22727272727272727
inclusion_259.xml,inclusion_259.jpg,inclusion,132.0,29.0,163.0,195.0,31.0,166.0,5146.0,0.18674698795180722
inclusion_26.xml,inclusion_26.jpg,inclusion,84.0,18.0,114.0,65.0,30.0,47.0,1410.0,0.6382978723404256
inclusion_26.xml,inclusion_26.jpg,inclusion,8.0,54.0,23.0,92.0,15.0,38.0,570.0,0.39473684210526316
inclusion_26.xml,inclusion_26.jpg,inclusion,80.0,98.0,97.0,143.0,17.0,45.0,765.0,0.37777777777777777
inclusion_26.xml,inclusion_26.jpg,inclusion,24.0,147.0,40.0,199.0,16.0,52.0,832.0,0.3076923076923077
inclusion_260.xml,inclusion_260.jpg,inclusion,149.0,58.0,170.0,133.0,21.0,75.0,1575.0,0.28
inclusion_260.xml,inclusion_260.jpg,inclusion,39.0,24.0,68.0,198.0,29.0,174.0,5046.0,0.16666666666666666
inclusion_261.xml,inclusion_261.jpg,inclusion,146.0,45.0,167.0,114.0,21.0,69.0,1449.0,0.30434782608695654
inclusion_261.xml,inclusion_261.jpg,inclusion,30.0,4.0,62.0,188.0,32.0,184.0,5888.0,0.17391304347826086
inclusion_262.xml,inclusion_262.jpg,inclusion,1.0,3.0,44.0,197.0,43.0,194.0,8342.0,0.22164948453608246
inclusion_262.xml,inclusion_262.jpg,inclusion,118.0,12.0,151.0,199.0,33.0,187.0,6171.0,0.17647058823529413
inclusion_262.xml,inclusion_262.jpg,inclusion,26.0,107.0,56.0,162.0,30.0,55.0,1650.0,0.5454545454545454
inclusion_264.xml,inclusion_264.jpg,inclusion,26.0,1.0,64.0,190.0,38.0,189.0,7182.0,0.20105820105820105
inclusion_264.xml,inclusion_264.jpg,inclusion,134.0,1.0,176.0,196.0,42.0,195.0,8190.0,0.2153846153846154
inclusion_264.xml,inclusion_264.jpg,inclusion,47.0,13.0,68.0,92.0,21.0,79.0,1659.0,0.26582278481012656
inclusion_264.xml,inclusion_264.jpg,inclusion,32.0,149.0,56.0,199.0,24.0,50.0,1200.0,0.48
inclusion_265.xml,inclusion_265.jpg,inclusion,24.0,1.0,45.0,67.0,21.0,66.0,1386.0,0.3181818181818182
inclusion_265.xml,inclusion_265.jpg,inclusion,23.0,75.0,44.0,117.0,21.0,42.0,882.0,0.5
inclusion_265.xml,inclusion_265.jpg,inclusion,136.0,1.0,176.0,198.0,40.0,197.0,7880.0,0.20304568527918782
inclusion_265.xml,inclusion_265.jpg,inclusion,29.0,130.0,44.0,156.0,15.0,26.0,390.0,0.5769230769230769
inclusion_266.xml,inclusion_266.jpg,inclusion,29.0,26.0,68.0,149.0,39.0,123.0,4797.0,0.3170731707317073
inclusion_266.xml,inclusion_266.jpg,inclusion,138.0,1.0,179.0,199.0,41.0,198.0,8118.0,0.20707070707070707
inclusion_266.xml,inclusion_266.jpg,inclusion,20.0,123.0,46.0,174.0,26.0,51.0,1326.0,0.5098039215686274
inclusion_267.xml,inclusion_267.jpg,inclusion,33.0,106.0,56.0,183.0,23.0,77.0,1771.0,0.2987012987012987
inclusion_267.xml,inclusion_267.jpg,inclusion,141.0,36.0,183.0,199.0,42.0,163.0,6846.0,0.25766871165644173
inclusion_267.xml,inclusion_267.jpg,inclusion,153.0,5.0,171.0,42.0,18.0,37.0,666.0,0.4864864864864865
inclusion_268.xml,inclusion_268.jpg,inclusion,133.0,1.0,171.0,199.0,38.0,198.0,7524.0,0.1919191919191919
inclusion_269.xml,inclusion_269.jpg,inclusion,46.0,94.0,73.0,199.0,27.0,105.0,2835.0,0.2571428571428571
inclusion_269.xml,inclusion_269.jpg,inclusion,54.0,13.0,72.0,61.0,18.0,48.0,864.0,0.375
inclusion_269.xml,inclusion_269.jpg,inclusion,142.0,1.0,179.0,196.0,37.0,195.0,7215.0,0.18974358974358974
inclusion_27.xml,inclusion_27.jpg,inclusion,52.0,93.0,79.0,197.0,27.0,104.0,2808.0,0.25961538461538464
inclusion_27.xml,inclusion_27.jpg,inclusion,14.0,72.0,37.0,126.0,23.0,54.0,1242.0,0.42592592592592593
inclusion_27.xml,inclusion_27.jpg,inclusion,92.0,125.0,107.0,170.0,15.0,45.0,675.0,0.3333333333333333
inclusion_27.xml,inclusion_27.jpg,inclusion,151.0,46.0,172.0,110.0,21.0,64.0,1344.0,0.328125
inclusion_27.xml,inclusion_27.jpg,inclusion,105.0,1.0,129.0,96.0,24.0,95.0,2280.0,0.25263157894736843
inclusion_27.xml,inclusion_27.jpg,inclusion,57.0,23.0,78.0,57.0,21.0,34.0,714.0,0.6176470588235294
inclusion_27.xml,inclusion_27.jpg,inclusion,146.0,104.0,166.0,156.0,20.0,52.0,1040.0,0.38461538461538464
inclusion_27.xml,inclusion_27.jpg,inclusion,62.0,51.0,75.0,82.0,13.0,31.0,403.0,0.41935483870967744
inclusion_270.xml,inclusion_270.jpg,inclusion,26.0,1.0,64.0,199.0,38.0,198.0,7524.0,0.1919191919191919
inclusion_271.xml,inclusion_271.jpg,inclusion,23.0,3.0,56.0,199.0,33.0,196.0,6468.0,0.1683673469387755
inclusion_271.xml,inclusion_271.jpg,inclusion,68.0,46.0,90.0,131.0,22.0,85.0,1870.0,0.25882352941176473
inclusion_271.xml,inclusion_271.jpg,inclusion,176.0,100.0,199.0,199.0,23.0,99.0,2277.0,0.23232323232323232
inclusion_272.xml,inclusion_272.jpg,inclusion,30.0,40.0,58.0,188.0,28.0,148.0,4144.0,0.1891891891891892
inclusion_272.xml,inclusion_272.jpg,inclusion,135.0,118.0,155.0,191.0,20.0,73.0,1460.0,0.273972602739726
inclusion_272.xml,inclusion_272.jpg,inclusion,138.0,1.0,157.0,52.0,19.0,51.0,969.0,0.37254901960784315
inclusion_273.xml,inclusion_273.jpg,inclusion,27.0,93.0,46.0,151.0,19.0,58.0,1102.0,0.3275862068965517
inclusion_273.xml,inclusion_273.jpg,inclusion,26.0,27.0,48.0,96.0,22.0,69.0,1518.0,0.3188405797101449
inclusion_274.xml,inclusion_274.jpg,inclusion,112.0,28.0,142.0,181.0,30.0,153.0,4590.0,0.19607843137254902
inclusion_274.xml,inclusion_274.jpg,inclusion,13.0,39.0,44.0,192.0,31.0,153.0,4743.0,0.20261437908496732
inclusion_274.xml,inclusion_274.jpg,inclusion,19.0,4.0,41.0,43.0,22.0,39.0,858.0,0.5641025641025641
inclusion_274.xml,inclusion_274.jpg,inclusion,168.0,1.0,180.0,37.0,12.0,36.0,432.0,0.3333333333333333
inclusion_275.xml,inclusion_275.jpg,inclusion,30.0,124.0,46.0,162.0,16.0,38.0,608.0,0.42105263157894735
inclusion_275.xml,inclusion_275.jpg,inclusion,63.0,23.0,86.0,120.0,23.0,97.0,2231.0,0.23711340206185566
inclusion_275.xml,inclusion_275.jpg,inclusion,155.0,149.0,171.0,195.0,16.0,46.0,736.0,0.34782608695652173
inclusion_275.xml,inclusion_275.jpg,inclusion,152.0,63.0,177.0,129.0,25.0,66.0,1650.0,0.3787878787878788
inclusion_275.xml,inclusion_275.jpg,inclusion,152.0,18.0,173.0,51.0,21.0,33.0,693.0,0.6363636363636364
inclusion_275.xml,inclusion_275.jpg,inclusion,66.0,126.0,86.0,171.0,20.0,45.0,900.0,0.4444444444444444
inclusion_276.xml,inclusion_276.jpg,inclusion,85.0,3.0,134.0,197.0,49.0,194.0,9506.0,0.25257731958762886
inclusion_276.xml,inclusion_276.jpg,inclusion,84.0,1.0,109.0,85.0,25.0,84.0,2100.0,0.2976190476190476
inclusion_277.xml,inclusion_277.jpg,inclusion,31.0,1.0,65.0,199.0,34.0,198.0,6732.0,0.1717171717171717
inclusion_278.xml,inclusion_278.jpg,inclusion,33.0,115.0,51.0,152.0,18.0,37.0,666.0,0.4864864864864865
inclusion_278.xml,inclusion_278.jpg,inclusion,136.0,1.0,171.0,199.0,35.0,198.0,6930.0,0.17676767676767677
inclusion_278.xml,inclusion_278.jpg,inclusion,38.0,52.0,59.0,86.0,21.0,34.0,714.0,0.6176470588235294
inclusion_279.xml,inclusion_279.jpg,inclusion,72.0,12.0,94.0,62.0,22.0,50.0,1100.0,0.44
inclusion_279.xml,inclusion_279.jpg,inclusion,67.0,59.0,97.0,184.0,30.0,125.0,3750.0,0.24
inclusion_28.xml,inclusion_28.jpg,inclusion,35.0,1.0,69.0,198.0,34.0,197.0,6698.0,0.17258883248730963
inclusion_28.xml,inclusion_28.jpg,inclusion,87.0,13.0,112.0,75.0,25.0,62.0,1550.0,0.4032258064516129
inclusion_28.xml,inclusion_28.jpg,inclusion,105.0,54.0,129.0,95.0,24.0,41.0,984.0,0.5853658536585366
inclusion_28.xml,inclusion_28.jpg,inclusion,86.0,107.0,107.0,157.0,21.0,50.0,1050.0,0.42
inclusion_28.xml,inclusion_28.jpg,inclusion,94.0,159.0,117.0,199.0,23.0,40.0,920.0,0.575
inclusion_28.xml,inclusion_28.jpg,inclusion,147.0,71.0,166.0,147.0,19.0,76.0,1444.0,0.25
inclusion_28.xml,inclusion_28.jpg,inclusion,180.0,101.0,196.0,144.0,16.0,43.0,688.0,0.37209302325581395
inclusion_28.xml,inclusion_28.jpg,inclusion,150.0,30.0,168.0,62.0,18.0,32.0,576.0,0.5625
inclusion_28.xml,inclusion_28.jpg,inclusion,143.0,147.0,161.0,193.0,18.0,46.0,828.0,0.391304347826087
inclusion_280.xml,inclusion_280.jpg,inclusion,42.0,29.0,68.0,197.0,26.0,168.0,4368.0,0.15476190476190477
inclusion_280.xml,inclusion_280.jpg,inclusion,48.0,1.0,66.0,71.0,18.0,70.0,1260.0,0.2571428571428571
inclusion_281.xml,inclusion_281.jpg,inclusion,136.0,31.0,153.0,80.0,17.0,49.0,833.0,0.3469387755102041
inclusion_281.xml,inclusion_281.jpg,inclusion,130.0,97.0,155.0,174.0,25.0,77.0,1925.0,0.3246753246753247
inclusion_282.xml,inclusion_282.jpg,inclusion,91.0,20.0,121.0,114.0,30.0,94.0,2820.0,0.3191489361702128
inclusion_282.xml,inclusion_282.jpg,inclusion,91.0,96.0,110.0,181.0,19.0,85.0,1615.0,0.2235294117647059
inclusion_283.xml,inclusion_283.jpg,inclusion,33.0,9.0,62.0,190.0,29.0,181.0,5249.0,0.16022099447513813
inclusion_284.xml,inclusion_284.jpg,inclusion,20.0,10.0,38.0,74.0,18.0,64.0,1152.0,0.28125
inclusion_284.xml,inclusion_284.jpg,inclusion,25.0,106.0,43.0,135.0,18.0,29.0,522.0,0.6206896551724138
inclusion_284.xml,inclusion_284.jpg,inclusion,166.0,33.0,198.0,107.0,32.0,74.0,2368.0,0.43243243243243246
inclusion_285.xml,inclusion_285.jpg,inclusion,61.0,5.0,100.0,196.0,39.0,191.0,7449.0,0.20418848167539266
inclusion_286.xml,inclusion_286.jpg,inclusion,46.0,4.0,68.0,70.0,22.0,66.0,1452.0,0.3333333333333333
inclusion_286.xml,inclusion_286.jpg,inclusion,40.0,66.0,68.0,200.0,28.0,134.0,3752.0,0.208955223880597
inclusion_287.xml,inclusion_287.jpg,inclusion,3.0,20.0,20.0,52.0,17.0,32.0,544.0,0.53125
inclusion_287.xml,inclusion_287.jpg,inclusion,27.0,137.0,46.0,190.0,19.0,53.0,1007.0,0.3584905660377358
inclusion_287.xml,inclusion_287.jpg,inclusion,91.0,3.0,113.0,137.0,22.0,134.0,2948.0,0.16417910447761194
inclusion_287.xml,inclusion_287.jpg,inclusion,145.0,7.0,174.0,182.0,29.0,175.0,5075.0,0.1657142857142857
inclusion_287.xml,inclusion_287.jpg,inclusion,21.0,47.0,45.0,138.0,24.0,91.0,2184.0,0.26373626373626374
inclusion_287.xml,inclusion_287.jpg,inclusion,3.0,105.0,21.0,146.0,18.0,41.0,738.0,0.43902439024390244
inclusion_287.xml,inclusion_287.jpg,inclusion,28.0,19.0,42.0,49.0,14.0,30.0,420.0,0.4666666666666667
inclusion_287.xml,inclusion_287.jpg,inclusion,2.0,50.0,19.0,107.0,17.0,57.0,969.0,0.2982456140350877
inclusion_288.xml,inclusion_288.jpg,inclusion,28.0,6.0,58.0,185.0,30.0,179.0,5370.0,0.16759776536312848
inclusion_288.xml,inclusion_288.jpg,inclusion,26.0,138.0,46.0,199.0,20.0,61.0,1220.0,0.32786885245901637
inclusion_289.xml,inclusion_289.jpg,inclusion,42.0,1.0,62.0,40.0,20.0,39.0,780.0,0.5128205128205128
inclusion_289.xml,inclusion_289.jpg,inclusion,40.0,34.0,67.0,99.0,27.0,65.0,1755.0,0.4153846153846154
inclusion_289.xml,inclusion_289.jpg,inclusion,43.0,150.0,67.0,200.0,24.0,50.0,1200.0,0.48
inclusion_289.xml,inclusion_289.jpg,inclusion,40.0,101.0,64.0,150.0,24.0,49.0,1176.0,0.4897959183673469
inclusion_29.xml,inclusion_29.jpg,inclusion,54.0,5.0,92.0,196.0,38.0,191.0,7258.0,0.19895287958115182
inclusion_29.xml,inclusion_29.jpg,inclusion,102.0,27.0,142.0,197.0,40.0,170.0,6800.0,0.23529411764705882
inclusion_29.xml,inclusion_29.jpg,inclusion,171.0,101.0,193.0,164.0,22.0,63.0,1386.0,0.3492063492063492
inclusion_29.xml,inclusion_29.jpg,inclusion,172.0,7.0,190.0,42.0,18.0,35.0,630.0,0.5142857142857142
inclusion_29.xml,inclusion_29.jpg,inclusion,125.0,16.0,145.0,87.0,20.0,71.0,1420.0,0.28169014084507044
inclusion_290.xml,inclusion_290.jpg,inclusion,23.0,1.0,57.0,179.0,34.0,178.0,6052.0,0.19101123595505617
inclusion_291.xml,inclusion_291.jpg,inclusion,84.0,29.0,108.0,163.0,24.0,134.0,3216.0,0.1791044776119403
inclusion_291.xml,inclusion_291.jpg,inclusion,168.0,2.0,199.0,164.0,31.0,162.0,5022.0,0.19135802469135801
inclusion_291.xml,inclusion_291.jpg,inclusion,83.0,4.0,96.0,46.0,13.0,42.0,546.0,0.30952380952380953
inclusion_291.xml,inclusion_291.jpg,inclusion,1.0,6.0,31.0,166.0,30.0,160.0,4800.0,0.1875
inclusion_292.xml,inclusion_292.jpg,inclusion,3.0,46.0,18.0,74.0,15.0,28.0,420.0,0.5357142857142857
inclusion_292.xml,inclusion_292.jpg,inclusion,77.0,27.0,99.0,82.0,22.0,55.0,1210.0,0.4
inclusion_292.xml,inclusion_292.jpg,inclusion,83.0,89.0,108.0,166.0,25.0,77.0,1925.0,0.3246753246753247
inclusion_292.xml,inclusion_292.jpg,inclusion,1.0,106.0,15.0,144.0,14.0,38.0,532.0,0.3684210526315789
inclusion_292.xml,inclusion_292.jpg,inclusion,79.0,81.0,89.0,116.0,10.0,35.0,350.0,0.2857142857142857
inclusion_292.xml,inclusion_292.jpg,inclusion,93.0,164.0,108.0,200.0,15.0,36.0,540.0,0.4166666666666667
inclusion_292.xml,inclusion_292.jpg,inclusion,184.0,80.0,198.0,113.0,14.0,33.0,462.0,0.42424242424242425
inclusion_293.xml,inclusion_293.jpg,inclusion,110.0,67.0,129.0,135.0,19.0,68.0,1292.0,0.27941176470588236
inclusion_293.xml,inclusion_293.jpg,inclusion,121.0,97.0,161.0,199.0,40.0,102.0,4080.0,0.39215686274509803
inclusion_293.xml,inclusion_293.jpg,inclusion,35.0,1.0,64.0,94.0,29.0,93.0,2697.0,0.3118279569892473
inclusion_294.xml,inclusion_294.jpg,inclusion,20.0,23.0,38.0,103.0,18.0,80.0,1440.0,0.225
inclusion_294.xml,inclusion_294.jpg,inclusion,20.0,107.0,45.0,179.0,25.0,72.0,1800.0,0.3472222222222222
inclusion_295.xml,inclusion_295.jpg,inclusion,130.0,14.0,162.0,188.0,32.0,174.0,5568.0,0.1839080459770115
inclusion_295.xml,inclusion_295.jpg,inclusion,148.0,125.0,170.0,200.0,22.0,75.0,1650.0,0.29333333333333333
inclusion_296.xml,inclusion_296.jpg,inclusion,51.0,1.0,80.0,176.0,29.0,175.0,5075.0,0.1657142857142857
inclusion_296.xml,inclusion_296.jpg,inclusion,51.0,154.0,74.0,197.0,23.0,43.0,989.0,0.5348837209302325
inclusion_297.xml,inclusion_297.jpg,inclusion,21.0,2.0,60.0,184.0,39.0,182.0,7098.0,0.21428571428571427
inclusion_298.xml,inclusion_298.jpg,inclusion,131.0,56.0,154.0,94.0,23.0,38.0,874.0,0.6052631578947368
inclusion_298.xml,inclusion_298.jpg,inclusion,157.0,157.0,173.0,192.0,16.0,35.0,560.0,0.45714285714285713
inclusion_298.xml,inclusion_298.jpg,inclusion,156.0,24.0,173.0,61.0,17.0,37.0,629.0,0.4594594594594595
inclusion_298.xml,inclusion_298.jpg,inclusion,158.0,61.0,180.0,110.0,22.0,49.0,1078.0,0.4489795918367347
inclusion_298.xml,inclusion_298.jpg,inclusion,158.0,109.0,172.0,151.0,14.0,42.0,588.0,0.3333333333333333
inclusion_299.xml,inclusion_299.jpg,inclusion,117.0,68.0,137.0,127.0,20.0,59.0,1180.0,0.3389830508474576
inclusion_299.xml,inclusion_299.jpg,inclusion,111.0,135.0,133.0,188.0,22.0,53.0,1166.0,0.41509433962264153
inclusion_3.xml,inclusion_3.jpg,inclusion,22.0,16.0,36.0,44.0,14.0,28.0,392.0,0.5
inclusion_3.xml,inclusion_3.jpg,inclusion,18.0,93.0,42.0,186.0,24.0,93.0,2232.0,0.25806451612903225
inclusion_3.xml,inclusion_3.jpg,inclusion,19.0,53.0,45.0,95.0,26.0,42.0,1092.0,0.6190476190476191
inclusion_30.xml,inclusion_30.jpg,inclusion,87.0,2.0,124.0,187.0,37.0,185.0,6845.0,0.2
inclusion_300.xml,inclusion_300.jpg,inclusion,142.0,50.0,166.0,119.0,24.0,69.0,1656.0,0.34782608695652173
inclusion_300.xml,inclusion_300.jpg,inclusion,150.0,122.0,167.0,164.0,17.0,42.0,714.0,0.40476190476190477
inclusion_300.xml,inclusion_300.jpg,inclusion,132.0,137.0,145.0,168.0,13.0,31.0,403.0,0.41935483870967744
inclusion_31.xml,inclusion_31.jpg,inclusion,50.0,44.0,81.0,141.0,31.0,97.0,3007.0,0.31958762886597936
inclusion_31.xml,inclusion_31.jpg,inclusion,63.0,1.0,82.0,36.0,19.0,35.0,665.0,0.5428571428571428
inclusion_31.xml,inclusion_31.jpg,inclusion,131.0,86.0,175.0,192.0,44.0,106.0,4664.0,0.41509433962264153
inclusion_31.xml,inclusion_31.jpg,inclusion,141.0,1.0,181.0,87.0,40.0,86.0,3440.0,0.46511627906976744
inclusion_31.xml,inclusion_31.jpg,inclusion,2.0,2.0,16.0,29.0,14.0,27.0,378.0,0.5185185185185185
inclusion_31.xml,inclusion_31.jpg,inclusion,2.0,74.0,26.0,148.0,24.0,74.0,1776.0,0.32432432432432434
inclusion_31.xml,inclusion_31.jpg,inclusion,122.0,141.0,137.0,182.0,15.0,41.0,615.0,0.36585365853658536
inclusion_32.xml,inclusion_32.jpg,inclusion,35.0,1.0,71.0,199.0,36.0,198.0,7128.0,0.18181818181818182
inclusion_32.xml,inclusion_32.jpg,inclusion,88.0,1.0,119.0,139.0,31.0,138.0,4278.0,0.2246376811594203
inclusion_32.xml,inclusion_32.jpg,inclusion,141.0,1.0,170.0,67.0,29.0,66.0,1914.0,0.4393939393939394
inclusion_32.xml,inclusion_32.jpg,inclusion,114.0,87.0,136.0,165.0,22.0,78.0,1716.0,0.28205128205128205
inclusion_32.xml,inclusion_32.jpg,inclusion,43.0,159.0,67.0,199.0,24.0,40.0,960.0,0.6
inclusion_33.xml,inclusion_33.jpg,inclusion,66.0,5.0,98.0,196.0,32.0,191.0,6112.0,0.16753926701570682
inclusion_33.xml,inclusion_33.jpg,inclusion,113.0,4.0,144.0,111.0,31.0,107.0,3317.0,0.2897196261682243
inclusion_33.xml,inclusion_33.jpg,inclusion,142.0,55.0,167.0,129.0,25.0,74.0,1850.0,0.33783783783783783
inclusion_34.xml,inclusion_34.jpg,inclusion,129.0,72.0,166.0,182.0,37.0,110.0,4070.0,0.33636363636363636
inclusion_34.xml,inclusion_34.jpg,inclusion,20.0,41.0,54.0,171.0,34.0,130.0,4420.0,0.26153846153846155
inclusion_34.xml,inclusion_34.jpg,inclusion,69.0,104.0,97.0,163.0,28.0,59.0,1652.0,0.4745762711864407
inclusion_34.xml,inclusion_34.jpg,inclusion,89.0,10.0,109.0,59.0,20.0,49.0,980.0,0.40816326530612246
inclusion_35.xml,inclusion_35.jpg,inclusion,119.0,5.0,157.0,96.0,38.0,91.0,3458.0,0.4175824175824176
inclusion_35.xml,inclusion_35.jpg,inclusion,148.0,2.0,191.0,196.0,43.0,194.0,8342.0,0.22164948453608246
inclusion_35.xml,inclusion_35.jpg,inclusion,118.0,127.0,141.0,196.0,23.0,69.0,1587.0,0.3333333333333333
inclusion_36.xml,inclusion_36.jpg,inclusion,38.0,2.0,109.0,197.0,71.0,195.0,13845.0,0.3641025641025641
inclusion_36.xml,inclusion_36.jpg,inclusion,120.0,3.0,148.0,100.0,28.0,97.0,2716.0,0.28865979381443296
inclusion_36.xml,inclusion_36.jpg,inclusion,130.0,115.0,153.0,199.0,23.0,84.0,1932.0,0.27380952380952384
inclusion_36.xml,inclusion_36.jpg,inclusion,174.0,1.0,199.0,152.0,25.0,151.0,3775.0,0.16556291390728478
inclusion_37.xml,inclusion_37.jpg,inclusion,63.0,2.0,94.0,77.0,31.0,75.0,2325.0,0.41333333333333333
inclusion_37.xml,inclusion_37.jpg,inclusion,8.0,3.0,48.0,197.0,40.0,194.0,7760.0,0.20618556701030927
inclusion_37.xml,inclusion_37.jpg,inclusion,68.0,90.0,95.0,198.0,27.0,108.0,2916.0,0.25
inclusion_37.xml,inclusion_37.jpg,inclusion,120.0,3.0,163.0,197.0,43.0,194.0,8342.0,0.22164948453608246
inclusion_37.xml,inclusion_37.jpg,inclusion,174.0,2.0,193.0,147.0,19.0,145.0,2755.0,0.1310344827586207
inclusion_38.xml,inclusion_38.jpg,inclusion,17.0,1.0,64.0,199.0,47.0,198.0,9306.0,0.23737373737373738
inclusion_38.xml,inclusion_38.jpg,inclusion,71.0,77.0,92.0,147.0,21.0,70.0,1470.0,0.3
inclusion_38.xml,inclusion_38.jpg,inclusion,143.0,2.0,181.0,197.0,38.0,195.0,7410.0,0.19487179487179487
inclusion_38.xml,inclusion_38.jpg,inclusion,105.0,75.0,120.0,105.0,15.0,30.0,450.0,0.5
inclusion_39.xml,inclusion_39.jpg,inclusion,12.0,21.0,40.0,193.0,28.0,172.0,4816.0,0.16279069767441862
inclusion_39.xml,inclusion_39.jpg,inclusion,48.0,5.0,85.0,142.0,37.0,137.0,5069.0,0.27007299270072993
inclusion_39.xml,inclusion_39.jpg,inclusion,114.0,2.0,149.0,192.0,35.0,190.0,6650.0,0.18421052631578946
inclusion_4.xml,inclusion_4.jpg,inclusion,91.0,43.0,112.0,140.0,21.0,97.0,2037.0,0.21649484536082475
inclusion_4.xml,inclusion_4.jpg,inclusion,94.0,2.0,119.0,44.0,25.0,42.0,1050.0,0.5952380952380952
inclusion_40.xml,inclusion_40.jpg,inclusion,21.0,4.0,44.0,68.0,23.0,64.0,1472.0,0.359375
inclusion_40.xml,inclusion_40.jpg,inclusion,65.0,29.0,104.0,199.0,39.0,170.0,6630.0,0.22941176470588234
inclusion_40.xml,inclusion_40.jpg,inclusion,16.0,64.0,38.0,111.0,22.0,47.0,1034.0,0.46808510638297873
inclusion_41.xml,inclusion_41.jpg,inclusion,56.0,57.0,82.0,123.0,26.0,66.0,1716.0,0.3939393939393939
inclusion_41.xml,inclusion_41.jpg,inclusion,89.0,1.0,126.0,191.0,37.0,190.0,7030.0,0.19473684210526315
inclusion_41.xml,inclusion_41.jpg,inclusion,130.0,85.0,161.0,159.0,31.0,74.0,2294.0,0.4189189189189189
inclusion_41.xml,inclusion_41.jpg,inclusion,156.0,1.0,174.0,79.0,18.0,78.0,1404.0,0.23076923076923078
inclusion_41.xml,inclusion_41.jpg,inclusion,182.0,4.0,198.0,155.0,16.0,151.0,2416.0,0.10596026490066225
inclusion_42.xml,inclusion_42.jpg,inclusion,7.0,30.0,28.0,102.0,21.0,72.0,1512.0,0.2916666666666667
inclusion_42.xml,inclusion_42.jpg,inclusion,122.0,114.0,146.0,191.0,24.0,77.0,1848.0,0.3116883116883117
inclusion_42.xml,inclusion_42.jpg,inclusion,36.0,6.0,62.0,89.0,26.0,83.0,2158.0,0.3132530120481928
inclusion_42.xml,inclusion_42.jpg,inclusion,160.0,60.0,176.0,102.0,16.0,42.0,672.0,0.38095238095238093
inclusion_43.xml,inclusion_43.jpg,inclusion,18.0,120.0,41.0,195.0,23.0,75.0,1725.0,0.30666666666666664
inclusion_43.xml,inclusion_43.jpg,inclusion,1.0,1.0,23.0,196.0,22.0,195.0,4290.0,0.11282051282051282
inclusion_43.xml,inclusion_43.jpg,inclusion,29.0,22.0,57.0,182.0,28.0,160.0,4480.0,0.175
inclusion_43.xml,inclusion_43.jpg,inclusion,96.0,72.0,124.0,160.0,28.0,88.0,2464.0,0.3181818181818182
inclusion_43.xml,inclusion_43.jpg,inclusion,148.0,50.0,177.0,149.0,29.0,99.0,2871.0,0.29292929292929293
inclusion_43.xml,inclusion_43.jpg,inclusion,102.0,1.0,122.0,37.0,20.0,36.0,720.0,0.5555555555555556
inclusion_43.xml,inclusion_43.jpg,inclusion,52.0,3.0,78.0,79.0,26.0,76.0,1976.0,0.34210526315789475
inclusion_43.xml,inclusion_43.jpg,inclusion,165.0,1.0,184.0,38.0,19.0,37.0,703.0,0.5135135135135135
inclusion_44.xml,inclusion_44.jpg,inclusion,32.0,77.0,65.0,181.0,33.0,104.0,3432.0,0.3173076923076923
inclusion_44.xml,inclusion_44.jpg,inclusion,49.0,32.0,70.0,73.0,21.0,41.0,861.0,0.5121951219512195
inclusion_44.xml,inclusion_44.jpg,inclusion,116.0,6.0,162.0,199.0,46.0,193.0,8878.0,0.23834196891191708
inclusion_45.xml,inclusion_45.jpg,inclusion,56.0,1.0,89.0,117.0,33.0,116.0,3828.0,0.28448275862068967
inclusion_45.xml,inclusion_45.jpg,inclusion,2.0,8.0,37.0,148.0,35.0,140.0,4900.0,0.25
inclusion_45.xml,inclusion_45.jpg,inclusion,53.0,129.0,75.0,197.0,22.0,68.0,1496.0,0.3235294117647059
inclusion_45.xml,inclusion_45.jpg,inclusion,148.0,54.0,172.0,113.0,24.0,59.0,1416.0,0.4067796610169492
inclusion_45.xml,inclusion_45.jpg,inclusion,84.0,6.0,107.0,88.0,23.0,82.0,1886.0,0.2804878048780488
inclusion_45.xml,inclusion_45.jpg,inclusion,27.0,78.0,44.0,114.0,17.0,36.0,612.0,0.4722222222222222
inclusion_45.xml,inclusion_45.jpg,inclusion,103.0,147.0,120.0,176.0,17.0,29.0,493.0,0.5862068965517241
inclusion_46.xml,inclusion_46.jpg,inclusion,27.0,1.0,54.0,167.0,27.0,166.0,4482.0,0.16265060240963855
inclusion_46.xml,inclusion_46.jpg,inclusion,59.0,9.0,97.0,196.0,38.0,187.0,7106.0,0.20320855614973263
inclusion_47.xml,inclusion_47.jpg,inclusion,103.0,11.0,136.0,198.0,33.0,187.0,6171.0,0.17647058823529413
inclusion_47.xml,inclusion_47.jpg,inclusion,139.0,1.0,172.0,181.0,33.0,180.0,5940.0,0.18333333333333332
inclusion_47.xml,inclusion_47.jpg,inclusion,99.0,1.0,122.0,47.0,23.0,46.0,1058.0,0.5
inclusion_48.xml,inclusion_48.jpg,inclusion,48.0,1.0,83.0,198.0,35.0,197.0,6895.0,0.17766497461928935
inclusion_48.xml,inclusion_48.jpg,inclusion,86.0,1.0,111.0,155.0,25.0,154.0,3850.0,0.16233766233766234
inclusion_49.xml,inclusion_49.jpg,inclusion,133.0,3.0,178.0,197.0,45.0,194.0,8730.0,0.23195876288659795
inclusion_5.xml,inclusion_5.jpg,inclusion,141.0,89.0,166.0,186.0,25.0,97.0,2425.0,0.25773195876288657
inclusion_5.xml,inclusion_5.jpg,inclusion,143.0,11.0,158.0,39.0,15.0,28.0,420.0,0.5357142857142857
inclusion_5.xml,inclusion_5.jpg,inclusion,140.0,49.0,168.0,90.0,28.0,41.0,1148.0,0.6829268292682927
inclusion_50.xml,inclusion_50.jpg,inclusion,77.0,1.0,118.0,196.0,41.0,195.0,7995.0,0.21025641025641026
inclusion_51.xml,inclusion_51.jpg,inclusion,30.0,2.0,70.0,197.0,40.0,195.0,7800.0,0.20512820512820512
inclusion_52.xml,inclusion_52.jpg,inclusion,81.0,1.0,124.0,197.0,43.0,196.0,8428.0,0.2193877551020408
inclusion_53.xml,inclusion_53.jpg,inclusion,22.0,1.0,58.0,172.0,36.0,171.0,6156.0,0.21052631578947367
inclusion_54.xml,inclusion_54.jpg,inclusion,79.0,1.0,108.0,90.0,29.0,89.0,2581.0,0.3258426966292135
inclusion_54.xml,inclusion_54.jpg,inclusion,82.0,77.0,116.0,199.0,34.0,122.0,4148.0,0.2786885245901639
inclusion_55.xml,inclusion_55.jpg,inclusion,139.0,1.0,183.0,198.0,44.0,197.0,8668.0,0.2233502538071066
inclusion_56.xml,inclusion_56.jpg,inclusion,9.0,1.0,51.0,180.0,42.0,179.0,7518.0,0.2346368715083799
inclusion_56.xml,inclusion_56.jpg,inclusion,51.0,1.0,79.0,198.0,28.0,197.0,5516.0,0.14213197969543148
inclusion_57.xml,inclusion_57.jpg,inclusion,145.0,94.0,178.0,176.0,33.0,82.0,2706.0,0.4024390243902439
inclusion_57.xml,inclusion_57.jpg,inclusion,99.0,104.0,123.0,168.0,24.0,64.0,1536.0,0.375
inclusion_57.xml,inclusion_57.jpg,inclusion,151.0,18.0,168.0,49.0,17.0,31.0,527.0,0.5483870967741935
inclusion_58.xml,inclusion_58.jpg,inclusion,109.0,75.0,139.0,160.0,30.0,85.0,2550.0,0.35294117647058826
inclusion_58.xml,inclusion_58.jpg,inclusion,61.0,88.0,83.0,149.0,22.0,61.0,1342.0,0.36065573770491804
inclusion_59.xml,inclusion_59.jpg,inclusion,19.0,89.0,48.0,173.0,29.0,84.0,2436.0,0.34523809523809523
inclusion_59.xml,inclusion_59.jpg,inclusion,104.0,6.0,146.0,114.0,42.0,108.0,4536.0,0.3888888888888889
inclusion_59.xml,inclusion_59.jpg,inclusion,143.0,94.0,164.0,136.0,21.0,42.0,882.0,0.5
inclusion_59.xml,inclusion_59.jpg,inclusion,24.0,16.0,40.0,50.0,16.0,34.0,544.0,0.47058823529411764
inclusion_6.xml,inclusion_6.jpg,inclusion,167.0,83.0,200.0,95.0,33.0,12.0,396.0,2.75
inclusion_6.xml,inclusion_6.jpg,inclusion,1.0,165.0,136.0,190.0,135.0,25.0,3375.0,5.4
inclusion_6.xml,inclusion_6.jpg,inclusion,147.0,167.0,174.0,183.0,27.0,16.0,432.0,1.6875
inclusion_60.xml,inclusion_60.jpg,inclusion,32.0,1.0,55.0,68.0,23.0,67.0,1541.0,0.34328358208955223
inclusion_60.xml,inclusion_60.jpg,inclusion,30.0,151.0,48.0,200.0,18.0,49.0,882.0,0.3673469387755102
inclusion_60.xml,inclusion_60.jpg,inclusion,132.0,81.0,174.0,198.0,42.0,117.0,4914.0,0.358974358974359
inclusion_60.xml,inclusion_60.jpg,inclusion,31.0,72.0,48.0,134.0,17.0,62.0,1054.0,0.27419354838709675
inclusion_60.xml,inclusion_60.jpg,inclusion,159.0,1.0,173.0,31.0,14.0,30.0,420.0,0.4666666666666667
inclusion_61.xml,inclusion_61.jpg,inclusion,60.0,1.0,93.0,159.0,33.0,158.0,5214.0,0.2088607594936709
inclusion_61.xml,inclusion_61.jpg,inclusion,84.0,37.0,119.0,199.0,35.0,162.0,5670.0,0.21604938271604937
inclusion_62.xml,inclusion_62.jpg,inclusion,39.0,1.0,67.0,74.0,28.0,73.0,2044.0,0.3835616438356164
inclusion_62.xml,inclusion_62.jpg,inclusion,147.0,86.0,189.0,197.0,42.0,111.0,4662.0,0.3783783783783784
inclusion_62.xml,inclusion_62.jpg,inclusion,40.0,162.0,57.0,198.0,17.0,36.0,612.0,0.4722222222222222
inclusion_62.xml,inclusion_62.jpg,inclusion,1.0,66.0,33.0,199.0,32.0,133.0,4256.0,0.24060150375939848
inclusion_62.xml,inclusion_62.jpg,inclusion,39.0,77.0,59.0,140.0,20.0,63.0,1260.0,0.31746031746031744
inclusion_62.xml,inclusion_62.jpg,inclusion,169.0,1.0,182.0,32.0,13.0,31.0,403.0,0.41935483870967744
inclusion_62.xml,inclusion_62.jpg,inclusion,39.0,77.0,59.0,140.0,20.0,63.0,1260.0,0.31746031746031744
inclusion_62.xml,inclusion_62.jpg,inclusion,46.0,116.0,59.0,146.0,13.0,30.0,390.0,0.43333333333333335
inclusion_63.xml,inclusion_63.jpg,inclusion,143.0,41.0,168.0,116.0,25.0,75.0,1875.0,0.3333333333333333
inclusion_63.xml,inclusion_63.jpg,inclusion,147.0,108.0,164.0,179.0,17.0,71.0,1207.0,0.23943661971830985
inclusion_64.xml,inclusion_64.jpg,inclusion,112.0,1.0,136.0,70.0,24.0,69.0,1656.0,0.34782608695652173
inclusion_64.xml,inclusion_64.jpg,inclusion,106.0,91.0,138.0,198.0,32.0,107.0,3424.0,0.29906542056074764
inclusion_65.xml,inclusion_65.jpg,inclusion,30.0,1.0,57.0,82.0,27.0,81.0,2187.0,0.3333333333333333
inclusion_65.xml,inclusion_65.jpg,inclusion,147.0,20.0,191.0,198.0,44.0,178.0,7832.0,0.24719101123595505
inclusion_65.xml,inclusion_65.jpg,inclusion,27.0,108.0,48.0,145.0,21.0,37.0,777.0,0.5675675675675675
inclusion_66.xml,inclusion_66.jpg,inclusion,64.0,1.0,108.0,197.0,44.0,196.0,8624.0,0.22448979591836735
inclusion_67.xml,inclusion_67.jpg,inclusion,71.0,31.0,97.0,92.0,26.0,61.0,1586.0,0.4262295081967213
inclusion_67.xml,inclusion_67.jpg,inclusion,126.0,1.0,151.0,73.0,25.0,72.0,1800.0,0.3472222222222222
inclusion_67.xml,inclusion_67.jpg,inclusion,17.0,116.0,39.0,193.0,22.0,77.0,1694.0,0.2857142857142857
inclusion_67.xml,inclusion_67.jpg,inclusion,132.0,166.0,155.0,200.0,23.0,34.0,782.0,0.6764705882352942
inclusion_68.xml,inclusion_68.jpg,inclusion,92.0,109.0,118.0,161.0,26.0,52.0,1352.0,0.5
inclusion_68.xml,inclusion_68.jpg,inclusion,154.0,6.0,171.0,66.0,17.0,60.0,1020.0,0.2833333333333333
inclusion_69.xml,inclusion_69.jpg,inclusion,30.0,30.0,52.0,98.0,22.0,68.0,1496.0,0.3235294117647059
inclusion_69.xml,inclusion_69.jpg,inclusion,37.0,116.0,56.0,167.0,19.0,51.0,969.0,0.37254901960784315
inclusion_69.xml,inclusion_69.jpg,inclusion,141.0,71.0,165.0,146.0,24.0,75.0,1800.0,0.32
inclusion_7.xml,inclusion_7.jpg,inclusion,9.0,56.0,147.0,83.0,138.0,27.0,3726.0,5.111111111111111
inclusion_7.xml,inclusion_7.jpg,inclusion,151.0,61.0,183.0,75.0,32.0,14.0,448.0,2.2857142857142856
inclusion_70.xml,inclusion_70.jpg,inclusion,87.0,46.0,117.0,116.0,30.0,70.0,2100.0,0.42857142857142855
inclusion_70.xml,inclusion_70.jpg,inclusion,86.0,127.0,106.0,179.0,20.0,52.0,1040.0,0.38461538461538464
inclusion_70.xml,inclusion_70.jpg,inclusion,24.0,5.0,73.0,179.0,49.0,174.0,8526.0,0.28160919540229884
inclusion_71.xml,inclusion_71.jpg,inclusion,76.0,73.0,114.0,158.0,38.0,85.0,3230.0,0.4470588235294118
inclusion_71.xml,inclusion_71.jpg,inclusion,110.0,66.0,136.0,112.0,26.0,46.0,1196.0,0.5652173913043478
inclusion_72.xml,inclusion_72.jpg,inclusion,92.0,40.0,125.0,113.0,33.0,73.0,2409.0,0.4520547945205479
inclusion_73.xml,inclusion_73.jpg,inclusion,75.0,1.0,108.0,129.0,33.0,128.0,4224.0,0.2578125
inclusion_73.xml,inclusion_73.jpg,inclusion,127.0,109.0,157.0,180.0,30.0,71.0,2130.0,0.4225352112676056
inclusion_74.xml,inclusion_74.jpg,inclusion,85.0,1.0,116.0,196.0,31.0,195.0,6045.0,0.15897435897435896
inclusion_74.xml,inclusion_74.jpg,inclusion,121.0,2.0,144.0,88.0,23.0,86.0,1978.0,0.26744186046511625
inclusion_74.xml,inclusion_74.jpg,inclusion,147.0,18.0,167.0,50.0,20.0,32.0,640.0,0.625
inclusion_75.xml,inclusion_75.jpg,inclusion,7.0,2.0,40.0,197.0,33.0,195.0,6435.0,0.16923076923076924
inclusion_75.xml,inclusion_75.jpg,inclusion,43.0,76.0,67.0,164.0,24.0,88.0,2112.0,0.2727272727272727
inclusion_75.xml,inclusion_75.jpg,inclusion,115.0,23.0,133.0,78.0,18.0,55.0,990.0,0.32727272727272727
inclusion_75.xml,inclusion_75.jpg,inclusion,69.0,97.0,89.0,127.0,20.0,30.0,600.0,0.6666666666666666
inclusion_76.xml,inclusion_76.jpg,inclusion,80.0,1.0,128.0,198.0,48.0,197.0,9456.0,0.2436548223350254
inclusion_76.xml,inclusion_76.jpg,inclusion,130.0,115.0,155.0,194.0,25.0,79.0,1975.0,0.31645569620253167
inclusion_76.xml,inclusion_76.jpg,inclusion,158.0,135.0,174.0,164.0,16.0,29.0,464.0,0.5517241379310345
inclusion_77.xml,inclusion_77.jpg,inclusion,77.0,69.0,123.0,198.0,46.0,129.0,5934.0,0.35658914728682173
inclusion_78.xml,inclusion_78.jpg,inclusion,107.0,1.0,141.0,75.0,34.0,74.0,2516.0,0.4594594594594595
inclusion_78.xml,inclusion_78.jpg,inclusion,99.0,139.0,131.0,199.0,32.0,60.0,1920.0,0.5333333333333333
inclusion_78.xml,inclusion_78.jpg,inclusion,2.0,49.0,29.0,99.0,27.0,50.0,1350.0,0.54
inclusion_79.xml,inclusion_79.jpg,inclusion,17.0,6.0,65.0,196.0,48.0,190.0,9120.0,0.25263157894736843
inclusion_8.xml,inclusion_8.jpg,inclusion,23.0,143.0,52.0,160.0,29.0,17.0,493.0,1.7058823529411764
inclusion_8.xml,inclusion_8.jpg,inclusion,65.0,132.0,198.0,164.0,133.0,32.0,4256.0,4.15625
inclusion_80.xml,inclusion_80.jpg,inclusion,34.0,65.0,73.0,197.0,39.0,132.0,5148.0,0.29545454545454547
inclusion_80.xml,inclusion_80.jpg,inclusion,131.0,11.0,160.0,132.0,29.0,121.0,3509.0,0.2396694214876033
inclusion_80.xml,inclusion_80.jpg,inclusion,157.0,68.0,198.0,197.0,41.0,129.0,5289.0,0.3178294573643411
inclusion_81.xml,inclusion_81.jpg,inclusion,45.0,1.0,90.0,199.0,45.0,198.0,8910.0,0.22727272727272727
inclusion_81.xml,inclusion_81.jpg,inclusion,159.0,1.0,188.0,96.0,29.0,95.0,2755.0,0.30526315789473685
inclusion_81.xml,inclusion_81.jpg,inclusion,136.0,132.0,170.0,198.0,34.0,66.0,2244.0,0.5151515151515151
inclusion_81.xml,inclusion_81.jpg,inclusion,10.0,11.0,43.0,68.0,33.0,57.0,1881.0,0.5789473684210527
inclusion_81.xml,inclusion_81.jpg,inclusion,44.0,166.0,61.0,199.0,17.0,33.0,561.0,0.5151515151515151
inclusion_82.xml,inclusion_82.jpg,inclusion,53.0,1.0,87.0,96.0,34.0,95.0,3230.0,0.35789473684210527
inclusion_82.xml,inclusion_82.jpg,inclusion,35.0,133.0,66.0,199.0,31.0,66.0,2046.0,0.4696969696969697
inclusion_83.xml,inclusion_83.jpg,inclusion,144.0,128.0,164.0,187.0,20.0,59.0,1180.0,0.3389830508474576
inclusion_83.xml,inclusion_83.jpg,inclusion,160.0,1.0,190.0,167.0,30.0,166.0,4980.0,0.18072289156626506
inclusion_83.xml,inclusion_83.jpg,inclusion,120.0,52.0,133.0,88.0,13.0,36.0,468.0,0.3611111111111111
inclusion_84.xml,inclusion_84.jpg,inclusion,114.0,136.0,132.0,168.0,18.0,32.0,576.0,0.5625
inclusion_84.xml,inclusion_84.jpg,inclusion,133.0,154.0,152.0,199.0,19.0,45.0,855.0,0.4222222222222222
inclusion_84.xml,inclusion_84.jpg,inclusion,138.0,84.0,162.0,142.0,24.0,58.0,1392.0,0.41379310344827586
inclusion_84.xml,inclusion_84.jpg,inclusion,158.0,1.0,184.0,132.0,26.0,131.0,3406.0,0.1984732824427481
inclusion_84.xml,inclusion_84.jpg,inclusion,111.0,6.0,134.0,48.0,23.0,42.0,966.0,0.5476190476190477
inclusion_84.xml,inclusion_84.jpg,inclusion,85.0,170.0,101.0,200.0,16.0,30.0,480.0,0.5333333333333333
inclusion_85.xml,inclusion_85.jpg,inclusion,9.0,94.0,25.0,127.0,16.0,33.0,528.0,0.48484848484848486
inclusion_85.xml,inclusion_85.jpg,inclusion,30.0,114.0,52.0,176.0,22.0,62.0,1364.0,0.3548387096774194
inclusion_85.xml,inclusion_85.jpg,inclusion,34.0,46.0,57.0,97.0,23.0,51.0,1173.0,0.45098039215686275
inclusion_85.xml,inclusion_85.jpg,inclusion,53.0,1.0,77.0,83.0,24.0,82.0,1968.0,0.2926829268292683
inclusion_85.xml,inclusion_85.jpg,inclusion,129.0,19.0,162.0,114.0,33.0,95.0,3135.0,0.3473684210526316
inclusion_85.xml,inclusion_85.jpg,inclusion,54.0,147.0,92.0,193.0,38.0,46.0,1748.0,0.8260869565217391
inclusion_86.xml,inclusion_86.jpg,inclusion,35.0,1.0,60.0,85.0,25.0,84.0,2100.0,0.2976190476190476
inclusion_86.xml,inclusion_86.jpg,inclusion,16.0,43.0,37.0,95.0,21.0,52.0,1092.0,0.40384615384615385
inclusion_86.xml,inclusion_86.jpg,inclusion,7.0,110.0,28.0,175.0,21.0,65.0,1365.0,0.3230769230769231
inclusion_86.xml,inclusion_86.jpg,inclusion,35.0,142.0,72.0,192.0,37.0,50.0,1850.0,0.74
inclusion_86.xml,inclusion_86.jpg,inclusion,110.0,21.0,144.0,110.0,34.0,89.0,3026.0,0.38202247191011235
inclusion_87.xml,inclusion_87.jpg,inclusion,45.0,83.0,67.0,119.0,22.0,36.0,792.0,0.6111111111111112
inclusion_87.xml,inclusion_87.jpg,inclusion,67.0,102.0,90.0,165.0,23.0,63.0,1449.0,0.36507936507936506
inclusion_87.xml,inclusion_87.jpg,inclusion,92.0,139.0,134.0,181.0,42.0,42.0,1764.0,1.0
inclusion_87.xml,inclusion_87.jpg,inclusion,73.0,36.0,95.0,87.0,22.0,51.0,1122.0,0.43137254901960786
inclusion_87.xml,inclusion_87.jpg,inclusion,92.0,1.0,116.0,73.0,24.0,72.0,1728.0,0.3333333333333333
inclusion_87.xml,inclusion_87.jpg,inclusion,167.0,24.0,190.0,106.0,23.0,82.0,1886.0,0.2804878048780488
inclusion_87.xml,inclusion_87.jpg,inclusion,19.0,117.0,39.0,167.0,20.0,50.0,1000.0,0.4
inclusion_88.xml,inclusion_88.jpg,inclusion,61.0,27.0,79.0,75.0,18.0,48.0,864.0,0.375
inclusion_88.xml,inclusion_88.jpg,inclusion,107.0,10.0,130.0,76.0,23.0,66.0,1518.0,0.3484848484848485
inclusion_88.xml,inclusion_88.jpg,inclusion,135.0,47.0,175.0,129.0,40.0,82.0,3280.0,0.4878048780487805
inclusion_88.xml,inclusion_88.jpg,inclusion,83.0,127.0,121.0,188.0,38.0,61.0,2318.0,0.6229508196721312
inclusion_88.xml,inclusion_88.jpg,inclusion,34.0,56.0,46.0,84.0,12.0,28.0,336.0,0.42857142857142855
inclusion_88.xml,inclusion_88.jpg,inclusion,88.0,1.0,103.0,26.0,15.0,25.0,375.0,0.6
inclusion_88.xml,inclusion_88.jpg,inclusion,36.0,88.0,47.0,110.0,11.0,22.0,242.0,0.5
inclusion_88.xml,inclusion_88.jpg,inclusion,37.0,142.0,49.0,170.0,12.0,28.0,336.0,0.42857142857142855
inclusion_89.xml,inclusion_89.jpg,inclusion,75.0,58.0,115.0,123.0,40.0,65.0,2600.0,0.6153846153846154
inclusion_89.xml,inclusion_89.jpg,inclusion,126.0,1.0,157.0,98.0,31.0,97.0,3007.0,0.31958762886597936
inclusion_89.xml,inclusion_89.jpg,inclusion,166.0,137.0,188.0,177.0,22.0,40.0,880.0,0.55
inclusion_89.xml,inclusion_89.jpg,inclusion,28.0,21.0,42.0,46.0,14.0,25.0,350.0,0.56
inclusion_89.xml,inclusion_89.jpg,inclusion,28.0,74.0,43.0,104.0,15.0,30.0,450.0,0.5
inclusion_9.xml,inclusion_9.jpg,inclusion,1.0,64.0,122.0,93.0,121.0,29.0,3509.0,4.172413793103448
inclusion_90.xml,inclusion_90.jpg,inclusion,35.0,1.0,72.0,91.0,37.0,90.0,3330.0,0.4111111111111111
inclusion_91.xml,inclusion_91.jpg,inclusion,69.0,44.0,108.0,114.0,39.0,70.0,2730.0,0.5571428571428572
inclusion_91.xml,inclusion_91.jpg,inclusion,42.0,8.0,65.0,74.0,23.0,66.0,1518.0,0.3484848484848485
inclusion_91.xml,inclusion_91.jpg,inclusion,28.0,119.0,58.0,186.0,30.0,67.0,2010.0,0.44776119402985076
inclusion_91.xml,inclusion_91.jpg,inclusion,25.0,1.0,36.0,24.0,11.0,23.0,253.0,0.4782608695652174
inclusion_92.xml,inclusion_92.jpg,inclusion,120.0,58.0,154.0,180.0,34.0,122.0,4148.0,0.2786885245901639
inclusion_92.xml,inclusion_92.jpg,inclusion,148.0,45.0,170.0,84.0,22.0,39.0,858.0,0.5641025641025641
inclusion_92.xml,inclusion_92.jpg,inclusion,29.0,32.0,61.0,77.0,32.0,45.0,1440.0,0.7111111111111111
inclusion_92.xml,inclusion_92.jpg,inclusion,79.0,1.0,96.0,37.0,17.0,36.0,612.0,0.4722222222222222
inclusion_93.xml,inclusion_93.jpg,inclusion,42.0,57.0,76.0,133.0,34.0,76.0,2584.0,0.4473684210526316
inclusion_93.xml,inclusion_93.jpg,inclusion,85.0,89.0,115.0,184.0,30.0,95.0,2850.0,0.3157894736842105
inclusion_93.xml,inclusion_93.jpg,inclusion,150.0,95.0,175.0,182.0,25.0,87.0,2175.0,0.28735632183908044
inclusion_93.xml,inclusion_93.jpg,inclusion,154.0,25.0,179.0,85.0,25.0,60.0,1500.0,0.4166666666666667
inclusion_93.xml,inclusion_93.jpg,inclusion,42.0,22.0,60.0,60.0,18.0,38.0,684.0,0.47368421052631576
inclusion_94.xml,inclusion_94.jpg,inclusion,8.0,2.0,38.0,93.0,30.0,91.0,2730.0,0.32967032967032966
inclusion_94.xml,inclusion_94.jpg,inclusion,69.0,9.0,99.0,88.0,30.0,79.0,2370.0,0.379746835443038
inclusion_94.xml,inclusion_94.jpg,inclusion,18.0,110.0,43.0,198.0,25.0,88.0,2200.0,0.2840909090909091
inclusion_94.xml,inclusion_94.jpg,inclusion,115.0,119.0,146.0,184.0,31.0,65.0,2015.0,0.47692307692307695
inclusion_94.xml,inclusion_94.jpg,inclusion,136.0,43.0,159.0,101.0,23.0,58.0,1334.0,0.39655172413793105
inclusion_94.xml,inclusion_94.jpg,inclusion,105.0,30.0,128.0,55.0,23.0,25.0,575.0,0.92
inclusion_95.xml,inclusion_95.jpg,inclusion,37.0,4.0,67.0,131.0,30.0,127.0,3810.0,0.23622047244094488
inclusion_95.xml,inclusion_95.jpg,inclusion,139.0,9.0,175.0,72.0,36.0,63.0,2268.0,0.5714285714285714
inclusion_95.xml,inclusion_95.jpg,inclusion,136.0,84.0,160.0,147.0,24.0,63.0,1512.0,0.38095238095238093
inclusion_96.xml,inclusion_96.jpg,inclusion,119.0,57.0,156.0,160.0,37.0,103.0,3811.0,0.3592233009708738
inclusion_96.xml,inclusion_96.jpg,inclusion,30.0,58.0,55.0,109.0,25.0,51.0,1275.0,0.49019607843137253
inclusion_96.xml,inclusion_96.jpg,inclusion,32.0,144.0,60.0,199.0,28.0,55.0,1540.0,0.509090909090909
inclusion_97.xml,inclusion_97.jpg,inclusion,150.0,26.0,188.0,154.0,38.0,128.0,4864.0,0.296875
inclusion_98.xml,inclusion_98.jpg,inclusion,38.0,1.0,109.0,198.0,71.0,197.0,13987.0,0.3604060913705584
inclusion_99.xml,inclusion_99.jpg,inclusion,109.0,3.0,180.0,198.0,71.0,195.0,13845.0,0.3641025641025641
patches_1.xml,patches_1.jpg,patches,43.0,10.0,106.0,97.0,63.0,87.0,5481.0,0.7241379310344828
patches_1.xml,patches_1.jpg,patches,32.0,91.0,81.0,148.0,49.0,57.0,2793.0,0.8596491228070176
patches_1.xml,patches_1.jpg,patches,23.0,156.0,62.0,198.0,39.0,42.0,1638.0,0.9285714285714286
patches_10.xml,patches_10.jpg,patches,9.0,88.0,49.0,140.0,40.0,52.0,2080.0,0.7692307692307693
patches_10.xml,patches_10.jpg,patches,124.0,1.0,173.0,117.0,49.0,116.0,5684.0,0.4224137931034483
patches_100.xml,patches_100.jpg,patches,1.0,73.0,21.0,132.0,20.0,59.0,1180.0,0.3389830508474576
patches_100.xml,patches_100.jpg,patches,109.0,1.0,160.0,111.0,51.0,110.0,5610.0,0.4636363636363636
patches_100.xml,patches_100.jpg,patches,120.0,117.0,163.0,186.0,43.0,69.0,2967.0,0.6231884057971014
patches_101.xml,patches_101.jpg,patches,27.0,1.0,78.0,92.0,51.0,91.0,4641.0,0.5604395604395604
patches_101.xml,patches_101.jpg,patches,113.0,1.0,175.0,59.0,62.0,58.0,3596.0,1.0689655172413792
patches_101.xml,patches_101.jpg,patches,129.0,79.0,176.0,200.0,47.0,121.0,5687.0,0.3884297520661157
patches_102.xml,patches_102.jpg,patches,20.0,53.0,94.0,139.0,74.0,86.0,6364.0,0.8604651162790697
patches_102.xml,patches_102.jpg,patches,126.0,108.0,166.0,156.0,40.0,48.0,1920.0,0.8333333333333334
patches_103.xml,patches_103.jpg,patches,64.0,30.0,117.0,181.0,53.0,151.0,8003.0,0.3509933774834437
patches_104.xml,patches_104.jpg,patches,1.0,88.0,41.0,200.0,40.0,112.0,4480.0,0.35714285714285715
patches_104.xml,patches_104.jpg,patches,50.0,107.0,84.0,157.0,34.0,50.0,1700.0,0.68
patches_104.xml,patches_104.jpg,patches,129.0,26.0,168.0,94.0,39.0,68.0,2652.0,0.5735294117647058
patches_104.xml,patches_104.jpg,patches,152.0,140.0,199.0,200.0,47.0,60.0,2820.0,0.7833333333333333
patches_105.xml,patches_105.jpg,patches,29.0,1.0,76.0,92.0,47.0,91.0,4277.0,0.5164835164835165
patches_105.xml,patches_105.jpg,patches,116.0,1.0,174.0,53.0,58.0,52.0,3016.0,1.1153846153846154
patches_105.xml,patches_105.jpg,patches,130.0,78.0,173.0,200.0,43.0,122.0,5246.0,0.3524590163934426
patches_106.xml,patches_106.jpg,patches,75.0,67.0,108.0,139.0,33.0,72.0,2376.0,0.4583333333333333
patches_107.xml,patches_107.jpg,patches,97.0,9.0,152.0,111.0,55.0,102.0,5610.0,0.5392156862745098
patches_107.xml,patches_107.jpg,patches,69.0,1.0,103.0,14.0,34.0,13.0,442.0,2.6153846153846154
patches_108.xml,patches_108.jpg,patches,8.0,1.0,64.0,122.0,56.0,121.0,6776.0,0.4628099173553719
patches_108.xml,patches_108.jpg,patches,75.0,1.0,177.0,111.0,102.0,110.0,11220.0,0.9272727272727272
patches_108.xml,patches_108.jpg,patches,145.0,117.0,190.0,187.0,45.0,70.0,3150.0,0.6428571428571429
patches_109.xml,patches_109.jpg,patches,1.0,124.0,23.0,153.0,22.0,29.0,638.0,0.7586206896551724
patches_109.xml,patches_109.jpg,patches,67.0,20.0,130.0,170.0,63.0,150.0,9450.0,0.42
patches_109.xml,patches_109.jpg,patches,176.0,116.0,200.0,157.0,24.0,41.0,984.0,0.5853658536585366
patches_11.xml,patches_11.jpg,patches,1.0,65.0,50.0,164.0,49.0,99.0,4851.0,0.494949494949495
patches_11.xml,patches_11.jpg,patches,158.0,65.0,192.0,168.0,34.0,103.0,3502.0,0.3300970873786408
patches_110.xml,patches_110.jpg,patches,11.0,94.0,47.0,137.0,36.0,43.0,1548.0,0.8372093023255814
patches_110.xml,patches_110.jpg,patches,61.0,68.0,140.0,165.0,79.0,97.0,7663.0,0.8144329896907216
patches_111.xml,patches_111.jpg,patches,53.0,147.0,102.0,199.0,49.0,52.0,2548.0,0.9423076923076923
patches_111.xml,patches_111.jpg,patches,132.0,1.0,195.0,178.0,63.0,177.0,11151.0,0.3559322033898305
patches_112.xml,patches_112.jpg,patches,48.0,136.0,96.0,174.0,48.0,38.0,1824.0,1.263157894736842
patches_112.xml,patches_112.jpg,patches,58.0,9.0,100.0,77.0,42.0,68.0,2856.0,0.6176470588235294
patches_112.xml,patches_112.jpg,patches,132.0,24.0,181.0,76.0,49.0,52.0,2548.0,0.9423076923076923
patches_112.xml,patches_112.jpg,patches,132.0,80.0,200.0,199.0,68.0,119.0,8092.0,0.5714285714285714
patches_113.xml,patches_113.jpg,patches,4.0,71.0,78.0,167.0,74.0,96.0,7104.0,0.7708333333333334
patches_113.xml,patches_113.jpg,patches,135.0,39.0,181.0,76.0,46.0,37.0,1702.0,1.2432432432432432
patches_114.xml,patches_114.jpg,patches,1.0,1.0,88.0,113.0,87.0,112.0,9744.0,0.7767857142857143
patches_114.xml,patches_114.jpg,patches,58.0,120.0,102.0,189.0,44.0,69.0,3036.0,0.6376811594202898
patches_114.xml,patches_114.jpg,patches,131.0,125.0,182.0,198.0,51.0,73.0,3723.0,0.6986301369863014
patches_114.xml,patches_114.jpg,patches,130.0,28.0,178.0,98.0,48.0,70.0,3360.0,0.6857142857142857
patches_114.xml,patches_114.jpg,patches,148.0,1.0,192.0,29.0,44.0,28.0,1232.0,1.5714285714285714
patches_115.xml,patches_115.jpg,patches,16.0,93.0,92.0,200.0,76.0,107.0,8132.0,0.7102803738317757
patches_115.xml,patches_115.jpg,patches,111.0,127.0,161.0,179.0,50.0,52.0,2600.0,0.9615384615384616
patches_115.xml,patches_115.jpg,patches,56.0,6.0,92.0,62.0,36.0,56.0,2016.0,0.6428571428571429
patches_115.xml,patches_115.jpg,patches,147.0,41.0,198.0,133.0,51.0,92.0,4692.0,0.5543478260869565
patches_116.xml,patches_116.jpg,patches,27.0,4.0,92.0,200.0,65.0,196.0,12740.0,0.33163265306122447
patches_116.xml,patches_116.jpg,patches,114.0,62.0,196.0,200.0,82.0,138.0,11316.0,0.5942028985507246
patches_116.xml,patches_116.jpg,patches,163.0,1.0,194.0,29.0,31.0,28.0,868.0,1.1071428571428572
patches_117.xml,patches_117.jpg,patches,1.0,68.0,51.0,123.0,50.0,55.0,2750.0,0.9090909090909091
patches_117.xml,patches_117.jpg,patches,82.0,83.0,155.0,160.0,73.0,77.0,5621.0,0.948051948051948
patches_118.xml,patches_118.jpg,patches,6.0,18.0,90.0,91.0,84.0,73.0,6132.0,1.1506849315068493
patches_118.xml,patches_118.jpg,patches,129.0,10.0,198.0,200.0,69.0,190.0,13110.0,0.3631578947368421
patches_118.xml,patches_118.jpg,patches,87.0,68.0,172.0,199.0,85.0,131.0,11135.0,0.648854961832061
patches_119.xml,patches_119.jpg,patches,1.0,2.0,80.0,199.0,79.0,197.0,15563.0,0.4010152284263959
patches_119.xml,patches_119.jpg,patches,148.0,1.0,186.0,43.0,38.0,42.0,1596.0,0.9047619047619048
patches_119.xml,patches_119.jpg,patches,104.0,89.0,200.0,199.0,96.0,110.0,10560.0,0.8727272727272727
patches_12.xml,patches_12.jpg,patches,15.0,154.0,46.0,200.0,31.0,46.0,1426.0,0.6739130434782609
patches_12.xml,patches_12.jpg,patches,89.0,78.0,166.0,166.0,77.0,88.0,6776.0,0.875
patches_12.xml,patches_12.jpg,patches,125.0,14.0,164.0,63.0,39.0,49.0,1911.0,0.7959183673469388
patches_120.xml,patches_120.jpg,patches,41.0,1.0,83.0,73.0,42.0,72.0,3024.0,0.5833333333333334
patches_120.xml,patches_120.jpg,patches,105.0,1.0,183.0,86.0,78.0,85.0,6630.0,0.9176470588235294
patches_120.xml,patches_120.jpg,patches,34.0,91.0,83.0,200.0,49.0,109.0,5341.0,0.44954128440366975
patches_120.xml,patches_120.jpg,patches,85.0,70.0,147.0,200.0,62.0,130.0,8060.0,0.47692307692307695
patches_120.xml,patches_120.jpg,patches,1.0,154.0,22.0,198.0,21.0,44.0,924.0,0.4772727272727273
patches_121.xml,patches_121.jpg,patches,135.0,1.0,192.0,193.0,57.0,192.0,10944.0,0.296875
patches_122.xml,patches_122.jpg,patches,14.0,1.0,54.0,29.0,40.0,28.0,1120.0,1.4285714285714286
patches_122.xml,patches_122.jpg,patches,68.0,30.0,106.0,63.0,38.0,33.0,1254.0,1.1515151515151516
patches_122.xml,patches_122.jpg,patches,112.0,3.0,158.0,72.0,46.0,69.0,3174.0,0.6666666666666666
patches_122.xml,patches_122.jpg,patches,72.0,75.0,156.0,176.0,84.0,101.0,8484.0,0.8316831683168316
patches_123.xml,patches_123.jpg,patches,56.0,16.0,144.0,198.0,88.0,182.0,16016.0,0.4835164835164835
patches_123.xml,patches_123.jpg,patches,152.0,146.0,190.0,198.0,38.0,52.0,1976.0,0.7307692307692307
patches_124.xml,patches_124.jpg,patches,3.0,1.0,86.0,178.0,83.0,177.0,14691.0,0.4689265536723164
patches_124.xml,patches_124.jpg,patches,96.0,28.0,194.0,167.0,98.0,139.0,13622.0,0.7050359712230215
patches_125.xml,patches_125.jpg,patches,1.0,160.0,33.0,200.0,32.0,40.0,1280.0,0.8
patches_125.xml,patches_125.jpg,patches,128.0,1.0,184.0,111.0,56.0,110.0,6160.0,0.509090909090909
patches_126.xml,patches_126.jpg,patches,66.0,24.0,121.0,166.0,55.0,142.0,7810.0,0.3873239436619718
patches_127.xml,patches_127.jpg,patches,1.0,170.0,44.0,199.0,43.0,29.0,1247.0,1.4827586206896552
patches_127.xml,patches_127.jpg,patches,1.0,1.0,160.0,129.0,159.0,128.0,20352.0,1.2421875
patches_127.xml,patches_127.jpg,patches,148.0,122.0,188.0,197.0,40.0,75.0,3000.0,0.5333333333333333
patches_127.xml,patches_127.jpg,patches,144.0,1.0,192.0,130.0,48.0,129.0,6192.0,0.37209302325581395
patches_129.xml,patches_129.jpg,patches,38.0,34.0,69.0,109.0,31.0,75.0,2325.0,0.41333333333333333
patches_13.xml,patches_13.jpg,patches,64.0,69.0,116.0,178.0,52.0,109.0,5668.0,0.47706422018348627
patches_130.xml,patches_130.jpg,patches,21.0,17.0,64.0,189.0,43.0,172.0,7396.0,0.25
patches_130.xml,patches_130.jpg,patches,116.0,87.0,192.0,199.0,76.0,112.0,8512.0,0.6785714285714286
patches_130.xml,patches_130.jpg,patches,161.0,1.0,187.0,16.0,26.0,15.0,390.0,1.7333333333333334
patches_131.xml,patches_131.jpg,patches,23.0,154.0,45.0,176.0,22.0,22.0,484.0,1.0
patches_131.xml,patches_131.jpg,patches,57.0,73.0,82.0,105.0,25.0,32.0,800.0,0.78125
patches_131.xml,patches_131.jpg,patches,67.0,120.0,144.0,200.0,77.0,80.0,6160.0,0.9625
patches_132.xml,patches_132.jpg,patches,16.0,1.0,59.0,111.0,43.0,110.0,4730.0,0.39090909090909093
patches_132.xml,patches_132.jpg,patches,109.0,14.0,189.0,191.0,80.0,177.0,14160.0,0.4519774011299435
patches_133.xml,patches_133.jpg,patches,58.0,1.0,130.0,38.0,72.0,37.0,2664.0,1.945945945945946
patches_133.xml,patches_133.jpg,patches,103.0,35.0,136.0,94.0,33.0,59.0,1947.0,0.559322033898305
patches_133.xml,patches_133.jpg,patches,64.0,172.0,131.0,199.0,67.0,27.0,1809.0,2.4814814814814814
patches_134.xml,patches_134.jpg,patches,53.0,36.0,124.0,174.0,71.0,138.0,9798.0,0.5144927536231884
patches_134.xml,patches_134.jpg,patches,155.0,118.0,200.0,194.0,45.0,76.0,3420.0,0.5921052631578947
patches_135.xml,patches_135.jpg,patches,73.0,27.0,110.0,94.0,37.0,67.0,2479.0,0.5522388059701493
patches_136.xml,patches_136.jpg,patches,76.0,1.0,132.0,199.0,56.0,198.0,11088.0,0.2828282828282828
patches_137.xml,patches_137.jpg,patches,21.0,48.0,101.0,123.0,80.0,75.0,6000.0,1.0666666666666667
patches_137.xml,patches_137.jpg,patches,99.0,51.0,179.0,190.0,80.0,139.0,11120.0,0.5755395683453237
patches_138.xml,patches_138.jpg,patches,24.0,99.0,109.0,199.0,85.0,100.0,8500.0,0.85
patches_138.xml,patches_138.jpg,patches,64.0,1.0,133.0,89.0,69.0,88.0,6072.0,0.7840909090909091
patches_138.xml,patches_138.jpg,patches,1.0,1.0,43.0,22.0,42.0,21.0,882.0,2.0
patches_139.xml,patches_139.jpg,patches,40.0,85.0,107.0,188.0,67.0,103.0,6901.0,0.6504854368932039
patches_139.xml,patches_139.jpg,patches,135.0,124.0,190.0,179.0,55.0,55.0,3025.0,1.0
patches_139.xml,patches_139.jpg,patches,62.0,11.0,87.0,55.0,25.0,44.0,1100.0,0.5681818181818182
patches_14.xml,patches_14.jpg,patches,78.0,71.0,150.0,127.0,72.0,56.0,4032.0,1.2857142857142858
patches_140.xml,patches_140.jpg,patches,5.0,1.0,70.0,56.0,65.0,55.0,3575.0,1.1818181818181819
patches_140.xml,patches_140.jpg,patches,20.0,118.0,65.0,192.0,45.0,74.0,3330.0,0.6081081081081081
patches_140.xml,patches_140.jpg,patches,82.0,127.0,141.0,193.0,59.0,66.0,3894.0,0.8939393939393939
patches_140.xml,patches_140.jpg,patches,98.0,1.0,154.0,42.0,56.0,41.0,2296.0,1.3658536585365855
patches_140.xml,patches_140.jpg,patches,154.0,10.0,200.0,199.0,46.0,189.0,8694.0,0.24338624338624337
patches_141.xml,patches_141.jpg,patches,71.0,104.0,98.0,130.0,27.0,26.0,702.0,1.0384615384615385
patches_141.xml,patches_141.jpg,patches,131.0,14.0,179.0,90.0,48.0,76.0,3648.0,0.631578947368421
patches_141.xml,patches_141.jpg,patches,129.0,106.0,190.0,200.0,61.0,94.0,5734.0,0.648936170212766
patches_142.xml,patches_142.jpg,patches,1.0,13.0,47.0,88.0,46.0,75.0,3450.0,0.6133333333333333
patches_142.xml,patches_142.jpg,patches,1.0,106.0,60.0,199.0,59.0,93.0,5487.0,0.6344086021505376
patches_142.xml,patches_142.jpg,patches,63.0,26.0,128.0,107.0,65.0,81.0,5265.0,0.8024691358024691
patches_142.xml,patches_142.jpg,patches,130.0,1.0,197.0,161.0,67.0,160.0,10720.0,0.41875
patches_142.xml,patches_142.jpg,patches,100.0,127.0,179.0,199.0,79.0,72.0,5688.0,1.0972222222222223
patches_143.xml,patches_143.jpg,patches,35.0,6.0,125.0,163.0,90.0,157.0,14130.0,0.5732484076433121
patches_143.xml,patches_143.jpg,patches,1.0,20.0,30.0,54.0,29.0,34.0,986.0,0.8529411764705882
patches_143.xml,patches_143.jpg,patches,39.0,173.0,80.0,200.0,41.0,27.0,1107.0,1.5185185185185186
patches_144.xml,patches_144.jpg,patches,17.0,47.0,74.0,139.0,57.0,92.0,5244.0,0.6195652173913043
patches_144.xml,patches_144.jpg,patches,80.0,10.0,167.0,118.0,87.0,108.0,9396.0,0.8055555555555556
patches_145.xml,patches_145.jpg,patches,6.0,1.0,76.0,67.0,70.0,66.0,4620.0,1.0606060606060606
patches_145.xml,patches_145.jpg,patches,4.0,76.0,65.0,200.0,61.0,124.0,7564.0,0.49193548387096775
patches_145.xml,patches_145.jpg,patches,109.0,1.0,174.0,80.0,65.0,79.0,5135.0,0.8227848101265823
patches_145.xml,patches_145.jpg,patches,113.0,69.0,190.0,199.0,77.0,130.0,10010.0,0.5923076923076923
patches_146.xml,patches_146.jpg,patches,1.0,1.0,66.0,79.0,65.0,78.0,5070.0,0.8333333333333334
patches_146.xml,patches_146.jpg,patches,6.0,68.0,74.0,200.0,68.0,132.0,8976.0,0.5151515151515151
patches_146.xml,patches_146.jpg,patches,139.0,1.0,178.0,48.0,39.0,47.0,1833.0,0.8297872340425532
patches_147.xml,patches_147.jpg,patches,40.0,1.0,88.0,76.0,48.0,75.0,3600.0,0.64
patches_147.xml,patches_147.jpg,patches,43.0,88.0,103.0,199.0,60.0,111.0,6660.0,0.5405405405405406
patches_147.xml,patches_147.jpg,patches,161.0,1.0,200.0,199.0,39.0,198.0,7722.0,0.19696969696969696
patches_148.xml,patches_148.jpg,patches,1.0,42.0,41.0,146.0,40.0,104.0,4160.0,0.38461538461538464
patches_148.xml,patches_148.jpg,patches,62.0,1.0,144.0,189.0,82.0,188.0,15416.0,0.43617021276595747
patches_149.xml,patches_149.jpg,patches,38.0,3.0,136.0,194.0,98.0,191.0,18718.0,0.5130890052356021
patches_149.xml,patches_149.jpg,patches,137.0,47.0,199.0,199.0,62.0,152.0,9424.0,0.40789473684210525
patches_149.xml,patches_149.jpg,patches,155.0,1.0,198.0,56.0,43.0,55.0,2365.0,0.7818181818181819
patches_15.xml,patches_15.jpg,patches,59.0,1.0,112.0,52.0,53.0,51.0,2703.0,1.0392156862745099
patches_15.xml,patches_15.jpg,patches,67.0,75.0,109.0,200.0,42.0,125.0,5250.0,0.336
patches_150.xml,patches_150.jpg,patches,3.0,1.0,59.0,157.0,56.0,156.0,8736.0,0.358974358974359
patches_150.xml,patches_150.jpg,patches,1.0,161.0,51.0,200.0,50.0,39.0,1950.0,1.2820512820512822
patches_150.xml,patches_150.jpg,patches,118.0,1.0,194.0,200.0,76.0,199.0,15124.0,0.38190954773869346
patches_152.xml,patches_152.jpg,patches,19.0,1.0,73.0,79.0,54.0,78.0,4212.0,0.6923076923076923
patches_152.xml,patches_152.jpg,patches,7.0,103.0,32.0,149.0,25.0,46.0,1150.0,0.5434782608695652
patches_152.xml,patches_152.jpg,patches,95.0,157.0,132.0,200.0,37.0,43.0,1591.0,0.8604651162790697
patches_152.xml,patches_152.jpg,patches,152.0,149.0,200.0,200.0,48.0,51.0,2448.0,0.9411764705882353
patches_152.xml,patches_152.jpg,patches,96.0,1.0,142.0,110.0,46.0,109.0,5014.0,0.42201834862385323
patches_152.xml,patches_152.jpg,patches,144.0,21.0,195.0,104.0,51.0,83.0,4233.0,0.6144578313253012
patches_153.xml,patches_153.jpg,patches,27.0,53.0,132.0,157.0,105.0,104.0,10920.0,1.0096153846153846
patches_154.xml,patches_154.jpg,patches,28.0,1.0,73.0,63.0,45.0,62.0,2790.0,0.7258064516129032
patches_154.xml,patches_154.jpg,patches,41.0,78.0,74.0,140.0,33.0,62.0,2046.0,0.532258064516129
patches_154.xml,patches_154.jpg,patches,133.0,85.0,156.0,118.0,23.0,33.0,759.0,0.696969696969697
patches_155.xml,patches_155.jpg,patches,1.0,1.0,60.0,156.0,59.0,155.0,9145.0,0.38064516129032255
patches_155.xml,patches_155.jpg,patches,62.0,1.0,116.0,25.0,54.0,24.0,1296.0,2.25
patches_155.xml,patches_155.jpg,patches,134.0,1.0,193.0,99.0,59.0,98.0,5782.0,0.6020408163265306
patches_155.xml,patches_155.jpg,patches,131.0,136.0,177.0,200.0,46.0,64.0,2944.0,0.71875
patches_155.xml,patches_155.jpg,inclusion,75.0,42.0,130.0,120.0,55.0,78.0,4290.0,0.7051282051282052
patches_155.xml,patches_155.jpg,inclusion,154.0,108.0,182.0,143.0,28.0,35.0,980.0,0.8
patches_156.xml,patches_156.jpg,patches,94.0,61.0,127.0,86.0,33.0,25.0,825.0,1.32
patches_156.xml,patches_156.jpg,patches,92.0,105.0,129.0,189.0,37.0,84.0,3108.0,0.44047619047619047
patches_157.xml,patches_157.jpg,patches,50.0,1.0,148.0,190.0,98.0,189.0,18522.0,0.5185185185185185
patches_157.xml,patches_157.jpg,patches,1.0,1.0,37.0,106.0,36.0,105.0,3780.0,0.34285714285714286
patches_158.xml,patches_158.jpg,patches,7.0,1.0,87.0,198.0,80.0,197.0,15760.0,0.40609137055837563
patches_158.xml,patches_158.jpg,patches,103.0,1.0,190.0,198.0,87.0,197.0,17139.0,0.4416243654822335
patches_159.xml,patches_159.jpg,patches,116.0,14.0,158.0,70.0,42.0,56.0,2352.0,0.75
patches_159.xml,patches_159.jpg,patches,113.0,142.0,154.0,199.0,41.0,57.0,2337.0,0.7192982456140351
patches_16.xml,patches_16.jpg,patches,2.0,45.0,43.0,200.0,41.0,155.0,6355.0,0.2645161290322581
patches_16.xml,patches_16.jpg,patches,135.0,149.0,176.0,200.0,41.0,51.0,2091.0,0.803921568627451
patches_16.xml,patches_16.jpg,patches,1.0,1.0,50.0,56.0,49.0,55.0,2695.0,0.8909090909090909
patches_160.xml,patches_160.jpg,patches,122.0,139.0,169.0,200.0,47.0,61.0,2867.0,0.7704918032786885
patches_161.xml,patches_161.jpg,patches,66.0,1.0,150.0,75.0,84.0,74.0,6216.0,1.135135135135135
patches_162.xml,patches_162.jpg,patches,22.0,109.0,101.0,196.0,79.0,87.0,6873.0,0.9080459770114943
patches_163.xml,patches_163.jpg,patches,104.0,1.0,148.0,42.0,44.0,41.0,1804.0,1.0731707317073171
patches_163.xml,patches_163.jpg,patches,1.0,1.0,67.0,25.0,66.0,24.0,1584.0,2.75
patches_164.xml,patches_164.jpg,patches,102.0,45.0,180.0,163.0,78.0,118.0,9204.0,0.6610169491525424
patches_165.xml,patches_165.jpg,patches,44.0,73.0,106.0,197.0,62.0,124.0,7688.0,0.5
patches_165.xml,patches_165.jpg,patches,183.0,14.0,200.0,92.0,17.0,78.0,1326.0,0.21794871794871795
patches_165.xml,patches_165.jpg,patches,1.0,155.0,22.0,200.0,21.0,45.0,945.0,0.4666666666666667
patches_165.xml,patches_165.jpg,patches,165.0,155.0,199.0,200.0,34.0,45.0,1530.0,0.7555555555555555
patches_166.xml,patches_166.jpg,patches,34.0,4.0,74.0,86.0,40.0,82.0,3280.0,0.4878048780487805
patches_166.xml,patches_166.jpg,patches,101.0,17.0,179.0,170.0,78.0,153.0,11934.0,0.5098039215686274
patches_166.xml,patches_166.jpg,patches,25.0,159.0,55.0,199.0,30.0,40.0,1200.0,0.75
patches_167.xml,patches_167.jpg,patches,39.0,1.0,102.0,132.0,63.0,131.0,8253.0,0.48091603053435117
patches_167.xml,patches_167.jpg,patches,108.0,1.0,165.0,115.0,57.0,114.0,6498.0,0.5
patches_167.xml,patches_167.jpg,patches,168.0,1.0,200.0,85.0,32.0,84.0,2688.0,0.38095238095238093
patches_167.xml,patches_167.jpg,inclusion,176.0,154.0,200.0,180.0,24.0,26.0,624.0,0.9230769230769231
patches_167.xml,patches_167.jpg,inclusion,149.0,126.0,170.0,145.0,21.0,19.0,399.0,1.105263157894737
patches_168.xml,patches_168.jpg,patches,34.0,75.0,78.0,177.0,44.0,102.0,4488.0,0.43137254901960786
patches_168.xml,patches_168.jpg,patches,121.0,90.0,178.0,156.0,57.0,66.0,3762.0,0.8636363636363636
patches_168.xml,patches_168.jpg,patches,133.0,1.0,200.0,62.0,67.0,61.0,4087.0,1.098360655737705
patches_168.xml,patches_168.jpg,inclusion,1.0,108.0,30.0,149.0,29.0,41.0,1189.0,0.7073170731707317
patches_168.xml,patches_168.jpg,inclusion,79.0,54.0,104.0,74.0,25.0,20.0,500.0,1.25
patches_168.xml,patches_168.jpg,inclusion,149.0,138.0,196.0,169.0,47.0,31.0,1457.0,1.5161290322580645
patches_168.xml,patches_168.jpg,inclusion,161.0,78.0,200.0,112.0,39.0,34.0,1326.0,1.1470588235294117
patches_169.xml,patches_169.jpg,patches,17.0,9.0,93.0,149.0,76.0,140.0,10640.0,0.5428571428571428
patches_169.xml,patches_169.jpg,patches,100.0,33.0,158.0,199.0,58.0,166.0,9628.0,0.3493975903614458
patches_17.xml,patches_17.jpg,patches,22.0,13.0,69.0,198.0,47.0,185.0,8695.0,0.25405405405405407
patches_17.xml,patches_17.jpg,patches,113.0,1.0,182.0,128.0,69.0,127.0,8763.0,0.5433070866141733
patches_17.xml,patches_17.jpg,patches,106.0,134.0,183.0,199.0,77.0,65.0,5005.0,1.1846153846153846
patches_170.xml,patches_170.jpg,patches,54.0,1.0,140.0,96.0,86.0,95.0,8170.0,0.9052631578947369
patches_171.xml,patches_171.jpg,patches,1.0,54.0,62.0,90.0,61.0,36.0,2196.0,1.6944444444444444
patches_171.xml,patches_171.jpg,patches,94.0,1.0,170.0,75.0,76.0,74.0,5624.0,1.027027027027027
patches_171.xml,patches_171.jpg,patches,74.0,109.0,184.0,199.0,110.0,90.0,9900.0,1.2222222222222223
patches_171.xml,patches_171.jpg,inclusion,144.0,93.0,175.0,119.0,31.0,26.0,806.0,1.1923076923076923
patches_171.xml,patches_171.jpg,inclusion,156.0,47.0,198.0,75.0,42.0,28.0,1176.0,1.5
patches_172.xml,patches_172.jpg,patches,21.0,23.0,75.0,146.0,54.0,123.0,6642.0,0.43902439024390244
patches_172.xml,patches_172.jpg,patches,16.0,163.0,71.0,200.0,55.0,37.0,2035.0,1.4864864864864864
patches_172.xml,patches_172.jpg,patches,105.0,87.0,166.0,155.0,61.0,68.0,4148.0,0.8970588235294118
patches_172.xml,patches_172.jpg,patches,164.0,65.0,200.0,149.0,36.0,84.0,3024.0,0.42857142857142855
patches_172.xml,patches_172.jpg,inclusion,171.0,1.0,196.0,21.0,25.0,20.0,500.0,1.25
patches_172.xml,patches_172.jpg,inclusion,160.0,150.0,200.0,184.0,40.0,34.0,1360.0,1.1764705882352942
patches_173.xml,patches_173.jpg,patches,20.0,55.0,84.0,173.0,64.0,118.0,7552.0,0.5423728813559322
patches_174.xml,patches_174.jpg,patches,11.0,1.0,68.0,200.0,57.0,199.0,11343.0,0.2864321608040201
patches_174.xml,patches_174.jpg,patches,132.0,1.0,200.0,200.0,68.0,199.0,13532.0,0.3417085427135678
patches_174.xml,patches_174.jpg,inclusion,1.0,122.0,21.0,178.0,20.0,56.0,1120.0,0.35714285714285715
patches_174.xml,patches_174.jpg,inclusion,102.0,88.0,125.0,111.0,23.0,23.0,529.0,1.0
patches_175.xml,patches_175.jpg,patches,10.0,12.0,117.0,110.0,107.0,98.0,10486.0,1.0918367346938775
patches_175.xml,patches_175.jpg,patches,1.0,116.0,53.0,200.0,52.0,84.0,4368.0,0.6190476190476191
patches_175.xml,patches_175.jpg,patches,129.0,1.0,193.0,200.0,64.0,199.0,12736.0,0.32160804020100503
patches_175.xml,patches_175.jpg,inclusion,74.0,7.0,112.0,27.0,38.0,20.0,760.0,1.9
patches_175.xml,patches_175.jpg,inclusion,97.0,143.0,138.0,199.0,41.0,56.0,2296.0,0.7321428571428571
patches_176.xml,patches_176.jpg,patches,20.0,1.0,80.0,198.0,60.0,197.0,11820.0,0.30456852791878175
patches_176.xml,patches_176.jpg,patches,149.0,1.0,199.0,53.0,50.0,52.0,2600.0,0.9615384615384616
patches_176.xml,patches_176.jpg,inclusion,2.0,17.0,23.0,40.0,21.0,23.0,483.0,0.9130434782608695
patches_176.xml,patches_176.jpg,inclusion,1.0,107.0,24.0,172.0,23.0,65.0,1495.0,0.35384615384615387
patches_176.xml,patches_176.jpg,inclusion,162.0,4.0,182.0,22.0,20.0,18.0,360.0,1.1111111111111112
patches_177.xml,patches_177.jpg,patches,49.0,46.0,135.0,175.0,86.0,129.0,11094.0,0.6666666666666666
patches_177.xml,patches_177.jpg,patches,139.0,60.0,199.0,182.0,60.0,122.0,7320.0,0.4918032786885246
patches_177.xml,patches_177.jpg,patches,141.0,1.0,182.0,48.0,41.0,47.0,1927.0,0.8723404255319149
patches_178.xml,patches_178.jpg,patches,61.0,6.0,140.0,162.0,79.0,156.0,12324.0,0.5064102564102564
patches_179.xml,patches_179.jpg,patches,89.0,1.0,137.0,59.0,48.0,58.0,2784.0,0.8275862068965517
patches_179.xml,patches_179.jpg,patches,14.0,101.0,132.0,193.0,118.0,92.0,10856.0,1.2826086956521738
patches_179.xml,patches_179.jpg,inclusion,50.0,165.0,82.0,192.0,32.0,27.0,864.0,1.1851851851851851
patches_179.xml,patches_179.jpg,inclusion,57.0,23.0,92.0,53.0,35.0,30.0,1050.0,1.1666666666666667
patches_18.xml,patches_18.jpg,patches,42.0,1.0,108.0,78.0,66.0,77.0,5082.0,0.8571428571428571
patches_18.xml,patches_18.jpg,patches,116.0,47.0,183.0,108.0,67.0,61.0,4087.0,1.098360655737705
patches_18.xml,patches_18.jpg,patches,50.0,116.0,97.0,200.0,47.0,84.0,3948.0,0.5595238095238095
patches_180.xml,patches_180.jpg,patches,1.0,52.0,34.0,118.0,33.0,66.0,2178.0,0.5
patches_180.xml,patches_180.jpg,patches,62.0,13.0,109.0,131.0,47.0,118.0,5546.0,0.3983050847457627
patches_180.xml,patches_180.jpg,patches,112.0,1.0,154.0,48.0,42.0,47.0,1974.0,0.8936170212765957
patches_181.xml,patches_181.jpg,patches,4.0,5.0,87.0,73.0,83.0,68.0,5644.0,1.2205882352941178
patches_181.xml,patches_181.jpg,patches,102.0,86.0,156.0,165.0,54.0,79.0,4266.0,0.6835443037974683
patches_181.xml,patches_181.jpg,patches,126.0,10.0,200.0,76.0,74.0,66.0,4884.0,1.121212121212121
patches_181.xml,patches_181.jpg,patches,54.0,156.0,95.0,198.0,41.0,42.0,1722.0,0.9761904761904762
patches_182.xml,patches_182.jpg,patches,50.0,16.0,136.0,139.0,86.0,123.0,10578.0,0.6991869918699187
patches_183.xml,patches_183.jpg,patches,42.0,32.0,121.0,199.0,79.0,167.0,13193.0,0.47305389221556887
patches_183.xml,patches_183.jpg,patches,125.0,1.0,199.0,133.0,74.0,132.0,9768.0,0.5606060606060606
patches_184.xml,patches_184.jpg,patches,34.0,96.0,137.0,186.0,103.0,90.0,9270.0,1.1444444444444444
patches_184.xml,patches_184.jpg,patches,89.0,1.0,126.0,51.0,37.0,50.0,1850.0,0.74
patches_184.xml,patches_184.jpg,patches,161.0,1.0,200.0,21.0,39.0,20.0,780.0,1.95
patches_184.xml,patches_184.jpg,inclusion,84.0,62.0,110.0,99.0,26.0,37.0,962.0,0.7027027027027027
patches_184.xml,patches_184.jpg,inclusion,92.0,185.0,121.0,200.0,29.0,15.0,435.0,1.9333333333333333
patches_184.xml,patches_184.jpg,inclusion,127.0,93.0,137.0,144.0,10.0,51.0,510.0,0.19607843137254902
patches_184.xml,patches_184.jpg,patches,1.0,97.0,28.0,152.0,27.0,55.0,1485.0,0.4909090909090909
patches_185.xml,patches_185.jpg,patches,52.0,1.0,122.0,168.0,70.0,167.0,11690.0,0.41916167664670656
patches_186.xml,patches_186.jpg,patches,37.0,1.0,102.0,131.0,65.0,130.0,8450.0,0.5
patches_186.xml,patches_186.jpg,patches,122.0,56.0,200.0,159.0,78.0,103.0,8034.0,0.7572815533980582
patches_186.xml,patches_186.jpg,patches,57.0,140.0,119.0,198.0,62.0,58.0,3596.0,1.0689655172413792
patches_187.xml,patches_187.jpg,patches,59.0,1.0,117.0,114.0,58.0,113.0,6554.0,0.5132743362831859
patches_187.xml,patches_187.jpg,patches,1.0,62.0,55.0,133.0,54.0,71.0,3834.0,0.7605633802816901
patches_187.xml,patches_187.jpg,patches,64.0,155.0,112.0,200.0,48.0,45.0,2160.0,1.0666666666666667
patches_187.xml,patches_187.jpg,inclusion,32.0,109.0,53.0,136.0,21.0,27.0,567.0,0.7777777777777778
patches_187.xml,patches_187.jpg,inclusion,46.0,156.0,64.0,179.0,18.0,23.0,414.0,0.782608695652174
patches_187.xml,patches_187.jpg,inclusion,165.0,35.0,190.0,64.0,25.0,29.0,725.0,0.8620689655172413
patches_187.xml,patches_187.jpg,inclusion,175.0,91.0,190.0,113.0,15.0,22.0,330.0,0.6818181818181818
patches_187.xml,patches_187.jpg,inclusion,181.0,179.0,200.0,199.0,19.0,20.0,380.0,0.95
patches_188.xml,patches_188.jpg,patches,1.0,1.0,61.0,106.0,60.0,105.0,6300.0,0.5714285714285714
patches_188.xml,patches_188.jpg,patches,1.0,130.0,52.0,199.0,51.0,69.0,3519.0,0.7391304347826086
patches_188.xml,patches_188.jpg,patches,138.0,1.0,200.0,181.0,62.0,180.0,11160.0,0.34444444444444444
patches_188.xml,patches_188.jpg,inclusion,1.0,19.0,25.0,39.0,24.0,20.0,480.0,1.2
patches_188.xml,patches_188.jpg,inclusion,112.0,91.0,136.0,124.0,24.0,33.0,792.0,0.7272727272727273
patches_189.xml,patches_189.jpg,patches,64.0,98.0,115.0,166.0,51.0,68.0,3468.0,0.75
patches_189.xml,patches_189.jpg,patches,55.0,1.0,107.0,75.0,52.0,74.0,3848.0,0.7027027027027027
patches_189.xml,patches_189.jpg,patches,108.0,40.0,161.0,71.0,53.0,31.0,1643.0,1.7096774193548387
patches_189.xml,patches_189.jpg,patches,122.0,75.0,193.0,200.0,71.0,125.0,8875.0,0.568
patches_19.xml,patches_19.jpg,patches,20.0,1.0,72.0,140.0,52.0,139.0,7228.0,0.37410071942446044
patches_19.xml,patches_19.jpg,patches,94.0,38.0,180.0,200.0,86.0,162.0,13932.0,0.5308641975308642
patches_19.xml,patches_19.jpg,patches,24.0,142.0,105.0,199.0,81.0,57.0,4617.0,1.4210526315789473
patches_19.xml,patches_19.jpg,patches,115.0,1.0,186.0,37.0,71.0,36.0,2556.0,1.9722222222222223
patches_190.xml,patches_190.jpg,patches,21.0,1.0,82.0,154.0,61.0,153.0,9333.0,0.39869281045751637
patches_190.xml,patches_190.jpg,patches,130.0,21.0,200.0,63.0,70.0,42.0,2940.0,1.6666666666666667
patches_190.xml,patches_190.jpg,patches,123.0,101.0,200.0,185.0,77.0,84.0,6468.0,0.9166666666666666
patches_190.xml,patches_190.jpg,inclusion,136.0,58.0,160.0,99.0,24.0,41.0,984.0,0.5853658536585366
patches_190.xml,patches_190.jpg,inclusion,172.0,71.0,194.0,97.0,22.0,26.0,572.0,0.8461538461538461
patches_190.xml,patches_190.jpg,inclusion,6.0,12.0,27.0,43.0,21.0,31.0,651.0,0.6774193548387096
patches_190.xml,patches_190.jpg,patches,23.0,151.0,71.0,200.0,48.0,49.0,2352.0,0.9795918367346939
patches_191.xml,patches_191.jpg,patches,27.0,14.0,79.0,91.0,52.0,77.0,4004.0,0.6753246753246753
patches_191.xml,patches_191.jpg,patches,31.0,117.0,103.0,200.0,72.0,83.0,5976.0,0.8674698795180723
patches_191.xml,patches_191.jpg,patches,91.0,2.0,184.0,198.0,93.0,196.0,18228.0,0.4744897959183674
patches_192.xml,patches_192.jpg,patches,41.0,70.0,163.0,189.0,122.0,119.0,14518.0,1.0252100840336134
patches_192.xml,patches_192.jpg,patches,33.0,7.0,84.0,75.0,51.0,68.0,3468.0,0.75
patches_192.xml,patches_192.jpg,patches,92.0,1.0,148.0,79.0,56.0,78.0,4368.0,0.717948717948718
patches_192.xml,patches_192.jpg,patches,1.0,91.0,47.0,168.0,46.0,77.0,3542.0,0.5974025974025974
patches_193.xml,patches_193.jpg,patches,62.0,4.0,136.0,72.0,74.0,68.0,5032.0,1.088235294117647
patches_193.xml,patches_193.jpg,patches,72.0,96.0,125.0,167.0,53.0,71.0,3763.0,0.7464788732394366
patches_193.xml,patches_193.jpg,patches,130.0,76.0,195.0,200.0,65.0,124.0,8060.0,0.5241935483870968
patches_193.xml,patches_193.jpg,patches,107.0,35.0,179.0,75.0,72.0,40.0,2880.0,1.8
patches_194.xml,patches_194.jpg,patches,72.0,1.0,144.0,199.0,72.0,198.0,14256.0,0.36363636363636365
patches_194.xml,patches_194.jpg,patches,146.0,1.0,200.0,83.0,54.0,82.0,4428.0,0.6585365853658537
patches_195.xml,patches_195.jpg,patches,1.0,1.0,59.0,146.0,58.0,145.0,8410.0,0.4
patches_195.xml,patches_195.jpg,patches,45.0,57.0,170.0,197.0,125.0,140.0,17500.0,0.8928571428571429
patches_195.xml,patches_195.jpg,patches,133.0,8.0,178.0,51.0,45.0,43.0,1935.0,1.0465116279069768
patches_195.xml,patches_195.jpg,patches,121.0,139.0,180.0,200.0,59.0,61.0,3599.0,0.9672131147540983
patches_195.xml,patches_195.jpg,inclusion,113.0,77.0,144.0,104.0,31.0,27.0,837.0,1.1481481481481481
patches_195.xml,patches_195.jpg,inclusion,83.0,20.0,109.0,43.0,26.0,23.0,598.0,1.1304347826086956
patches_196.xml,patches_196.jpg,patches,51.0,1.0,107.0,53.0,56.0,52.0,2912.0,1.0769230769230769
patches_196.xml,patches_196.jpg,patches,50.0,55.0,124.0,200.0,74.0,145.0,10730.0,0.5103448275862069
patches_197.xml,patches_197.jpg,patches,1.0,1.0,61.0,26.0,60.0,25.0,1500.0,2.4
patches_197.xml,patches_197.jpg,patches,1.0,66.0,54.0,193.0,53.0,127.0,6731.0,0.41732283464566927
patches_197.xml,patches_197.jpg,patches,111.0,36.0,187.0,133.0,76.0,97.0,7372.0,0.7835051546391752
patches_198.xml,patches_198.jpg,patches,21.0,1.0,99.0,198.0,78.0,197.0,15366.0,0.39593908629441626
patches_198.xml,patches_198.jpg,patches,158.0,68.0,200.0,158.0,42.0,90.0,3780.0,0.4666666666666667
patches_198.xml,patches_198.jpg,patches,158.0,68.0,200.0,158.0,42.0,90.0,3780.0,0.4666666666666667
patches_198.xml,patches_198.jpg,patches,109.0,64.0,154.0,140.0,45.0,76.0,3420.0,0.5921052631578947
patches_198.xml,patches_198.jpg,inclusion,1.0,21.0,21.0,50.0,20.0,29.0,580.0,0.6896551724137931
patches_199.xml,patches_199.jpg,patches,6.0,6.0,163.0,131.0,157.0,125.0,19625.0,1.256
patches_199.xml,patches_199.jpg,patches,91.0,120.0,142.0,199.0,51.0,79.0,4029.0,0.6455696202531646
patches_199.xml,patches_199.jpg,inclusion,55.0,148.0,116.0,195.0,61.0,47.0,2867.0,1.297872340425532
patches_2.xml,patches_2.jpg,patches,36.0,1.0,98.0,152.0,62.0,151.0,9362.0,0.4105960264900662
patches_2.xml,patches_2.jpg,patches,115.0,52.0,174.0,190.0,59.0,138.0,8142.0,0.427536231884058
patches_2.xml,patches_2.jpg,patches,113.0,1.0,200.0,26.0,87.0,25.0,2175.0,3.48
patches_20.xml,patches_20.jpg,patches,56.0,1.0,115.0,191.0,59.0,190.0,11210.0,0.3105263157894737
patches_200.xml,patches_200.jpg,patches,3.0,1.0,73.0,189.0,70.0,188.0,13160.0,0.3723404255319149
patches_200.xml,patches_200.jpg,patches,133.0,1.0,200.0,157.0,67.0,156.0,10452.0,0.42948717948717946
patches_201.xml,patches_201.jpg,patches,18.0,17.0,170.0,134.0,152.0,117.0,17784.0,1.2991452991452992
patches_201.xml,patches_201.jpg,patches,1.0,1.0,50.0,30.0,49.0,29.0,1421.0,1.6896551724137931
patches_201.xml,patches_201.jpg,patches,95.0,124.0,155.0,185.0,60.0,61.0,3660.0,0.9836065573770492
patches_201.xml,patches_201.jpg,inclusion,63.0,140.0,131.0,197.0,68.0,57.0,3876.0,1.1929824561403508
patches_202.xml,patches_202.jpg,patches,30.0,1.0,183.0,89.0,153.0,88.0,13464.0,1.7386363636363635
patches_202.xml,patches_202.jpg,patches,20.0,108.0,85.0,199.0,65.0,91.0,5915.0,0.7142857142857143
patches_202.xml,patches_202.jpg,patches,145.0,64.0,185.0,153.0,40.0,89.0,3560.0,0.449438202247191
patches_202.xml,patches_202.jpg,inclusion,101.0,121.0,133.0,147.0,32.0,26.0,832.0,1.2307692307692308
patches_202.xml,patches_202.jpg,patches,94.0,158.0,121.0,188.0,27.0,30.0,810.0,0.9
patches_203.xml,patches_203.jpg,patches,57.0,127.0,122.0,200.0,65.0,73.0,4745.0,0.8904109589041096
patches_203.xml,patches_203.jpg,patches,29.0,1.0,122.0,119.0,93.0,118.0,10974.0,0.788135593220339
patches_204.xml,patches_204.jpg,patches,48.0,1.0,110.0,200.0,62.0,199.0,12338.0,0.31155778894472363
patches_204.xml,patches_204.jpg,patches,160.0,14.0,199.0,98.0,39.0,84.0,3276.0,0.4642857142857143
patches_205.xml,patches_205.jpg,patches,1.0,1.0,74.0,96.0,73.0,95.0,6935.0,0.7684210526315789
patches_205.xml,patches_205.jpg,patches,1.0,103.0,70.0,200.0,69.0,97.0,6693.0,0.711340206185567
patches_205.xml,patches_205.jpg,patches,108.0,58.0,195.0,200.0,87.0,142.0,12354.0,0.6126760563380281
patches_206.xml,patches_206.jpg,patches,1.0,1.0,42.0,98.0,41.0,97.0,3977.0,0.422680412371134
patches_206.xml,patches_206.jpg,patches,75.0,97.0,116.0,166.0,41.0,69.0,2829.0,0.5942028985507246
patches_206.xml,patches_206.jpg,patches,140.0,1.0,200.0,180.0,60.0,179.0,10740.0,0.33519553072625696
patches_206.xml,patches_206.jpg,inclusion,123.0,99.0,141.0,126.0,18.0,27.0,486.0,0.6666666666666666
patches_207.xml,patches_207.jpg,patches,62.0,1.0,131.0,114.0,69.0,113.0,7797.0,0.6106194690265486
patches_207.xml,patches_207.jpg,patches,62.0,148.0,140.0,199.0,78.0,51.0,3978.0,1.5294117647058822
patches_208.xml,patches_208.jpg,patches,57.0,47.0,143.0,198.0,86.0,151.0,12986.0,0.5695364238410596
patches_208.xml,patches_208.jpg,patches,17.0,128.0,64.0,171.0,47.0,43.0,2021.0,1.0930232558139534
patches_209.xml,patches_209.jpg,patches,1.0,1.0,86.0,140.0,85.0,139.0,11815.0,0.6115107913669064
patches_209.xml,patches_209.jpg,patches,28.0,149.0,129.0,199.0,101.0,50.0,5050.0,2.02
patches_209.xml,patches_209.jpg,patches,89.0,1.0,180.0,144.0,91.0,143.0,13013.0,0.6363636363636364
patches_21.xml,patches_21.jpg,patches,32.0,1.0,109.0,180.0,77.0,179.0,13783.0,0.4301675977653631
patches_21.xml,patches_21.jpg,patches,119.0,1.0,190.0,199.0,71.0,198.0,14058.0,0.35858585858585856
patches_210.xml,patches_210.jpg,patches,1.0,1.0,59.0,200.0,58.0,199.0,11542.0,0.2914572864321608
patches_210.xml,patches_210.jpg,patches,61.0,1.0,200.0,191.0,139.0,190.0,26410.0,0.7315789473684211
patches_210.xml,patches_210.jpg,inclusion,109.0,149.0,147.0,188.0,38.0,39.0,1482.0,0.9743589743589743
patches_211.xml,patches_211.jpg,patches,54.0,1.0,103.0,154.0,49.0,153.0,7497.0,0.3202614379084967
patches_211.xml,patches_211.jpg,patches,95.0,61.0,185.0,197.0,90.0,136.0,12240.0,0.6617647058823529
patches_211.xml,patches_211.jpg,patches,2.0,1.0,44.0,16.0,42.0,15.0,630.0,2.8
patches_211.xml,patches_211.jpg,patches,54.0,129.0,99.0,200.0,45.0,71.0,3195.0,0.6338028169014085
patches_211.xml,patches_211.jpg,inclusion,147.0,25.0,184.0,77.0,37.0,52.0,1924.0,0.7115384615384616
patches_212.xml,patches_212.jpg,patches,1.0,76.0,36.0,199.0,35.0,123.0,4305.0,0.2845528455284553
patches_212.xml,patches_212.jpg,patches,19.0,1.0,114.0,136.0,95.0,135.0,12825.0,0.7037037037037037
patches_212.xml,patches_212.jpg,patches,121.0,72.0,166.0,195.0,45.0,123.0,5535.0,0.36585365853658536
patches_212.xml,patches_212.jpg,patches,117.0,1.0,173.0,26.0,56.0,25.0,1400.0,2.24
patches_213.xml,patches_213.jpg,patches,104.0,1.0,165.0,112.0,61.0,111.0,6771.0,0.5495495495495496
patches_213.xml,patches_213.jpg,patches,16.0,1.0,65.0,64.0,49.0,63.0,3087.0,0.7777777777777778
patches_214.xml,patches_214.jpg,patches,48.0,83.0,119.0,178.0,71.0,95.0,6745.0,0.7473684210526316
patches_214.xml,patches_214.jpg,patches,99.0,56.0,183.0,127.0,84.0,71.0,5964.0,1.1830985915492958
patches_215.xml,patches_215.jpg,patches,7.0,1.0,85.0,109.0,78.0,108.0,8424.0,0.7222222222222222
patches_215.xml,patches_215.jpg,patches,125.0,1.0,196.0,131.0,71.0,130.0,9230.0,0.5461538461538461
patches_215.xml,patches_215.jpg,patches,1.0,87.0,67.0,193.0,66.0,106.0,6996.0,0.6226415094339622
patches_215.xml,patches_215.jpg,patches,60.0,65.0,133.0,200.0,73.0,135.0,9855.0,0.5407407407407407
patches_215.xml,patches_215.jpg,patches,135.0,136.0,197.0,200.0,62.0,64.0,3968.0,0.96875
patches_216.xml,patches_216.jpg,patches,61.0,1.0,97.0,28.0,36.0,27.0,972.0,1.3333333333333333
patches_216.xml,patches_216.jpg,patches,113.0,1.0,168.0,67.0,55.0,66.0,3630.0,0.8333333333333334
patches_216.xml,patches_216.jpg,patches,22.0,96.0,167.0,164.0,145.0,68.0,9860.0,2.1323529411764706
patches_216.xml,patches_216.jpg,patches,118.0,168.0,158.0,199.0,40.0,31.0,1240.0,1.2903225806451613
patches_216.xml,patches_216.jpg,patches,14.0,122.0,62.0,199.0,48.0,77.0,3696.0,0.6233766233766234
patches_216.xml,patches_216.jpg,patches,177.0,1.0,200.0,30.0,23.0,29.0,667.0,0.7931034482758621
patches_217.xml,patches_217.jpg,patches,2.0,1.0,49.0,66.0,47.0,65.0,3055.0,0.7230769230769231
patches_217.xml,patches_217.jpg,patches,1.0,167.0,32.0,200.0,31.0,33.0,1023.0,0.9393939393939394
patches_217.xml,patches_217.jpg,patches,1.0,95.0,46.0,169.0,45.0,74.0,3330.0,0.6081081081081081
patches_217.xml,patches_217.jpg,patches,70.0,88.0,163.0,198.0,93.0,110.0,10230.0,0.8454545454545455
patches_217.xml,patches_217.jpg,patches,107.0,1.0,196.0,104.0,89.0,103.0,9167.0,0.8640776699029126
patches_217.xml,patches_217.jpg,patches,55.0,1.0,103.0,33.0,48.0,32.0,1536.0,1.5
patches_218.xml,patches_218.jpg,patches,1.0,73.0,76.0,134.0,75.0,61.0,4575.0,1.2295081967213115
patches_218.xml,patches_218.jpg,patches,1.0,133.0,83.0,196.0,82.0,63.0,5166.0,1.3015873015873016
patches_218.xml,patches_218.jpg,patches,98.0,2.0,193.0,196.0,95.0,194.0,18430.0,0.4896907216494845
patches_218.xml,patches_218.jpg,patches,1.0,1.0,42.0,48.0,41.0,47.0,1927.0,0.8723404255319149
patches_219.xml,patches_219.jpg,patches,46.0,96.0,122.0,200.0,76.0,104.0,7904.0,0.7307692307692307
patches_22.xml,patches_22.jpg,patches,10.0,148.0,57.0,200.0,47.0,52.0,2444.0,0.9038461538461539
patches_22.xml,patches_22.jpg,patches,109.0,1.0,179.0,200.0,70.0,199.0,13930.0,0.35175879396984927
patches_220.xml,patches_220.jpg,patches,1.0,151.0,39.0,200.0,38.0,49.0,1862.0,0.7755102040816326
patches_220.xml,patches_220.jpg,patches,3.0,16.0,103.0,145.0,100.0,129.0,12900.0,0.7751937984496124
patches_220.xml,patches_220.jpg,patches,92.0,9.0,197.0,82.0,105.0,73.0,7665.0,1.4383561643835616
patches_220.xml,patches_220.jpg,patches,91.0,77.0,170.0,198.0,79.0,121.0,9559.0,0.6528925619834711
patches_221.xml,patches_221.jpg,patches,1.0,18.0,49.0,71.0,48.0,53.0,2544.0,0.9056603773584906
patches_221.xml,patches_221.jpg,patches,85.0,33.0,176.0,199.0,91.0,166.0,15106.0,0.5481927710843374
patches_221.xml,patches_221.jpg,patches,47.0,1.0,166.0,53.0,119.0,52.0,6188.0,2.2884615384615383
patches_222.xml,patches_222.jpg,patches,99.0,1.0,181.0,200.0,82.0,199.0,16318.0,0.4120603015075377
patches_222.xml,patches_222.jpg,patches,61.0,125.0,110.0,200.0,49.0,75.0,3675.0,0.6533333333333333
patches_222.xml,patches_222.jpg,patches,60.0,91.0,96.0,129.0,36.0,38.0,1368.0,0.9473684210526315
patches_223.xml,patches_223.jpg,patches,1.0,53.0,75.0,196.0,74.0,143.0,10582.0,0.5174825174825175
patches_223.xml,patches_223.jpg,patches,86.0,1.0,159.0,45.0,73.0,44.0,3212.0,1.6590909090909092
patches_223.xml,patches_223.jpg,patches,118.0,19.0,160.0,189.0,42.0,170.0,7140.0,0.24705882352941178
patches_224.xml,patches_224.jpg,patches,97.0,50.0,189.0,188.0,92.0,138.0,12696.0,0.6666666666666666
patches_224.xml,patches_224.jpg,patches,106.0,8.0,153.0,56.0,47.0,48.0,2256.0,0.9791666666666666
patches_224.xml,patches_224.jpg,patches,1.0,1.0,64.0,198.0,63.0,197.0,12411.0,0.3197969543147208
patches_224.xml,patches_224.jpg,patches,71.0,164.0,160.0,199.0,89.0,35.0,3115.0,2.5428571428571427
patches_225.xml,patches_225.jpg,patches,73.0,46.0,145.0,157.0,72.0,111.0,7992.0,0.6486486486486487
patches_226.xml,patches_226.jpg,patches,31.0,80.0,81.0,164.0,50.0,84.0,4200.0,0.5952380952380952
patches_226.xml,patches_226.jpg,patches,115.0,24.0,192.0,96.0,77.0,72.0,5544.0,1.0694444444444444
patches_227.xml,patches_227.jpg,patches,1.0,66.0,84.0,193.0,83.0,127.0,10541.0,0.6535433070866141
patches_227.xml,patches_227.jpg,patches,93.0,101.0,160.0,149.0,67.0,48.0,3216.0,1.3958333333333333
patches_227.xml,patches_227.jpg,patches,98.0,1.0,163.0,94.0,65.0,93.0,6045.0,0.6989247311827957
patches_227.xml,patches_227.jpg,patches,7.0,1.0,101.0,29.0,94.0,28.0,2632.0,3.357142857142857
patches_227.xml,patches_227.jpg,inclusion,166.0,164.0,194.0,188.0,28.0,24.0,672.0,1.1666666666666667
patches_228.xml,patches_228.jpg,patches,13.0,110.0,70.0,176.0,57.0,66.0,3762.0,0.8636363636363636
patches_228.xml,patches_228.jpg,patches,79.0,12.0,160.0,198.0,81.0,186.0,15066.0,0.43548387096774194
patches_229.xml,patches_229.jpg,patches,70.0,6.0,166.0,190.0,96.0,184.0,17664.0,0.5217391304347826
patches_229.xml,patches_229.jpg,patches,1.0,1.0,61.0,29.0,60.0,28.0,1680.0,2.142857142857143
patches_229.xml,patches_229.jpg,patches,175.0,134.0,200.0,200.0,25.0,66.0,1650.0,0.3787878787878788
patches_23.xml,patches_23.jpg,patches,90.0,1.0,157.0,198.0,67.0,197.0,13199.0,0.3401015228426396
patches_230.xml,patches_230.jpg,patches,56.0,1.0,151.0,198.0,95.0,197.0,18715.0,0.48223350253807107
patches_230.xml,patches_230.jpg,patches,1.0,139.0,25.0,200.0,24.0,61.0,1464.0,0.39344262295081966
patches_230.xml,patches_230.jpg,patches,1.0,24.0,25.0,97.0,24.0,73.0,1752.0,0.3287671232876712
patches_230.xml,patches_230.jpg,patches,123.0,148.0,159.0,200.0,36.0,52.0,1872.0,0.6923076923076923
patches_230.xml,patches_230.jpg,inclusion,146.0,53.0,177.0,109.0,31.0,56.0,1736.0,0.5535714285714286
patches_231.xml,patches_231.jpg,patches,1.0,1.0,63.0,69.0,62.0,68.0,4216.0,0.9117647058823529
patches_231.xml,patches_231.jpg,patches,64.0,1.0,149.0,130.0,85.0,129.0,10965.0,0.6589147286821705
patches_231.xml,patches_231.jpg,patches,65.0,143.0,124.0,185.0,59.0,42.0,2478.0,1.4047619047619047
patches_231.xml,patches_231.jpg,patches,1.0,115.0,44.0,200.0,43.0,85.0,3655.0,0.5058823529411764
patches_231.xml,patches_231.jpg,patches,179.0,127.0,200.0,160.0,21.0,33.0,693.0,0.6363636363636364
patches_231.xml,patches_231.jpg,patches,83.0,1.0,161.0,37.0,78.0,36.0,2808.0,2.1666666666666665
patches_232.xml,patches_232.jpg,patches,14.0,41.0,63.0,80.0,49.0,39.0,1911.0,1.2564102564102564
patches_232.xml,patches_232.jpg,patches,103.0,12.0,146.0,80.0,43.0,68.0,2924.0,0.6323529411764706
patches_232.xml,patches_232.jpg,patches,37.0,163.0,85.0,199.0,48.0,36.0,1728.0,1.3333333333333333
patches_232.xml,patches_232.jpg,patches,113.0,66.0,185.0,115.0,72.0,49.0,3528.0,1.469387755102041
patches_232.xml,patches_232.jpg,patches,1.0,1.0,40.0,25.0,39.0,24.0,936.0,1.625
patches_232.xml,patches_232.jpg,patches,71.0,130.0,141.0,169.0,70.0,39.0,2730.0,1.794871794871795
patches_233.xml,patches_233.jpg,patches,68.0,12.0,169.0,153.0,101.0,141.0,14241.0,0.7163120567375887
patches_233.xml,patches_233.jpg,patches,26.0,127.0,111.0,186.0,85.0,59.0,5015.0,1.4406779661016949
patches_234.xml,patches_234.jpg,patches,9.0,1.0,80.0,94.0,71.0,93.0,6603.0,0.7634408602150538
patches_234.xml,patches_234.jpg,patches,15.0,107.0,83.0,146.0,68.0,39.0,2652.0,1.7435897435897436
patches_234.xml,patches_234.jpg,patches,126.0,72.0,189.0,121.0,63.0,49.0,3087.0,1.2857142857142858
patches_234.xml,patches_234.jpg,patches,12.0,157.0,75.0,199.0,63.0,42.0,2646.0,1.5
patches_235.xml,patches_235.jpg,patches,12.0,71.0,68.0,123.0,56.0,52.0,2912.0,1.0769230769230769
patches_235.xml,patches_235.jpg,patches,107.0,1.0,177.0,140.0,70.0,139.0,9730.0,0.5035971223021583
patches_235.xml,patches_235.jpg,patches,91.0,128.0,179.0,200.0,88.0,72.0,6336.0,1.2222222222222223
patches_236.xml,patches_236.jpg,patches,3.0,76.0,79.0,192.0,76.0,116.0,8816.0,0.6551724137931034
patches_236.xml,patches_236.jpg,patches,124.0,79.0,192.0,195.0,68.0,116.0,7888.0,0.5862068965517241
patches_236.xml,patches_236.jpg,patches,132.0,1.0,190.0,86.0,58.0,85.0,4930.0,0.6823529411764706
patches_237.xml,patches_237.jpg,patches,4.0,18.0,73.0,146.0,69.0,128.0,8832.0,0.5390625
patches_237.xml,patches_237.jpg,patches,1.0,149.0,74.0,200.0,73.0,51.0,3723.0,1.4313725490196079
patches_237.xml,patches_237.jpg,patches,106.0,8.0,177.0,196.0,71.0,188.0,13348.0,0.3776595744680851
patches_238.xml,patches_238.jpg,patches,61.0,62.0,122.0,151.0,61.0,89.0,5429.0,0.6853932584269663
patches_238.xml,patches_238.jpg,patches,51.0,1.0,124.0,52.0,73.0,51.0,3723.0,1.4313725490196079
patches_239.xml,patches_239.jpg,patches,97.0,32.0,162.0,142.0,65.0,110.0,7150.0,0.5909090909090909
patches_239.xml,patches_239.jpg,patches,20.0,118.0,72.0,153.0,52.0,35.0,1820.0,1.4857142857142858
patches_24.xml,patches_24.jpg,patches,1.0,14.0,37.0,200.0,36.0,186.0,6696.0,0.1935483870967742
patches_24.xml,patches_24.jpg,patches,135.0,10.0,185.0,76.0,50.0,66.0,3300.0,0.7575757575757576
patches_24.xml,patches_24.jpg,patches,155.0,96.0,198.0,142.0,43.0,46.0,1978.0,0.9347826086956522
patches_240.xml,patches_240.jpg,patches,120.0,126.0,192.0,187.0,72.0,61.0,4392.0,1.180327868852459
patches_241.xml,patches_241.jpg,patches,71.0,41.0,125.0,177.0,54.0,136.0,7344.0,0.39705882352941174
patches_242.xml,patches_242.jpg,patches,7.0,37.0,85.0,157.0,78.0,120.0,9360.0,0.65
patches_242.xml,patches_242.jpg,patches,103.0,92.0,165.0,135.0,62.0,43.0,2666.0,1.441860465116279
patches_242.xml,patches_242.jpg,patches,147.0,1.0,194.0,55.0,47.0,54.0,2538.0,0.8703703703703703
patches_243.xml,patches_243.jpg,patches,21.0,1.0,96.0,76.0,75.0,75.0,5625.0,1.0
patches_243.xml,patches_243.jpg,patches,111.0,10.0,182.0,53.0,71.0,43.0,3053.0,1.6511627906976745
patches_243.xml,patches_243.jpg,patches,10.0,149.0,84.0,200.0,74.0,51.0,3774.0,1.4509803921568627
patches_243.xml,patches_243.jpg,patches,139.0,101.0,187.0,158.0,48.0,57.0,2736.0,0.8421052631578947
patches_243.xml,patches_243.jpg,patches,27.0,88.0,72.0,162.0,45.0,74.0,3330.0,0.6081081081081081
patches_244.xml,patches_244.jpg,patches,24.0,50.0,75.0,90.0,51.0,40.0,2040.0,1.275
patches_244.xml,patches_244.jpg,patches,43.0,106.0,128.0,167.0,85.0,61.0,5185.0,1.3934426229508197
patches_245.xml,patches_245.jpg,patches,5.0,37.0,44.0,71.0,39.0,34.0,1326.0,1.1470588235294117
patches_245.xml,patches_245.jpg,patches,3.0,1.0,60.0,17.0,57.0,16.0,912.0,3.5625
patches_245.xml,patches_245.jpg,patches,1.0,98.0,84.0,195.0,83.0,97.0,8051.0,0.8556701030927835
patches_245.xml,patches_245.jpg,patches,115.0,2.0,178.0,97.0,63.0,95.0,5985.0,0.6631578947368421
patches_245.xml,patches_245.jpg,patches,131.0,122.0,182.0,163.0,51.0,41.0,2091.0,1.2439024390243902
patches_245.xml,patches_245.jpg,patches,144.0,166.0,188.0,199.0,44.0,33.0,1452.0,1.3333333333333333
patches_245.xml,patches_245.jpg,inclusion,176.0,3.0,199.0,41.0,23.0,38.0,874.0,0.6052631578947368
patches_246.xml,patches_246.jpg,patches,145.0,39.0,193.0,82.0,48.0,43.0,2064.0,1.1162790697674418
patches_246.xml,patches_246.jpg,patches,4.0,1.0,60.0,172.0,56.0,171.0,9576.0,0.32748538011695905
patches_246.xml,patches_246.jpg,patches,158.0,95.0,199.0,142.0,41.0,47.0,1927.0,0.8723404255319149
patches_246.xml,patches_246.jpg,patches,100.0,128.0,163.0,170.0,63.0,42.0,2646.0,1.5
patches_246.xml,patches_246.jpg,patches,30.0,33.0,95.0,98.0,65.0,65.0,4225.0,1.0
patches_247.xml,patches_247.jpg,patches,8.0,56.0,44.0,199.0,36.0,143.0,5148.0,0.2517482517482518
patches_247.xml,patches_247.jpg,patches,95.0,1.0,171.0,193.0,76.0,192.0,14592.0,0.3958333333333333
patches_248.xml,patches_248.jpg,patches,10.0,1.0,73.0,68.0,63.0,67.0,4221.0,0.9402985074626866
patches_248.xml,patches_248.jpg,patches,17.0,104.0,75.0,200.0,58.0,96.0,5568.0,0.6041666666666666
patches_248.xml,patches_248.jpg,patches,159.0,1.0,198.0,36.0,39.0,35.0,1365.0,1.1142857142857143
patches_248.xml,patches_248.jpg,patches,121.0,26.0,179.0,73.0,58.0,47.0,2726.0,1.2340425531914894
patches_248.xml,patches_248.jpg,patches,141.0,79.0,179.0,121.0,38.0,42.0,1596.0,0.9047619047619048
patches_249.xml,patches_249.jpg,patches,66.0,7.0,158.0,180.0,92.0,173.0,15916.0,0.5317919075144508
patches_249.xml,patches_249.jpg,patches,116.0,25.0,156.0,102.0,40.0,77.0,3080.0,0.5194805194805194
patches_249.xml,patches_249.jpg,inclusion,22.0,74.0,50.0,144.0,28.0,70.0,1960.0,0.4
patches_25.xml,patches_25.jpg,patches,8.0,1.0,104.0,37.0,96.0,36.0,3456.0,2.6666666666666665
patches_25.xml,patches_25.jpg,patches,103.0,1.0,168.0,63.0,65.0,62.0,4030.0,1.0483870967741935
patches_25.xml,patches_25.jpg,patches,112.0,66.0,198.0,196.0,86.0,130.0,11180.0,0.6615384615384615
patches_25.xml,patches_25.jpg,patches,36.0,128.0,71.0,162.0,35.0,34.0,1190.0,1.0294117647058822
patches_250.xml,patches_250.jpg,patches,37.0,1.0,80.0,60.0,43.0,59.0,2537.0,0.7288135593220338
patches_250.xml,patches_250.jpg,patches,19.0,103.0,71.0,200.0,52.0,97.0,5044.0,0.5360824742268041
patches_250.xml,patches_250.jpg,patches,107.0,1.0,152.0,52.0,45.0,51.0,2295.0,0.8823529411764706
patches_250.xml,patches_250.jpg,patches,119.0,130.0,156.0,195.0,37.0,65.0,2405.0,0.5692307692307692
patches_251.xml,patches_251.jpg,patches,72.0,1.0,126.0,91.0,54.0,90.0,4860.0,0.6
patches_252.xml,patches_252.jpg,patches,127.0,106.0,193.0,156.0,66.0,50.0,3300.0,1.32
patches_252.xml,patches_252.jpg,patches,121.0,163.0,176.0,200.0,55.0,37.0,2035.0,1.4864864864864864
patches_252.xml,patches_252.jpg,patches,19.0,150.0,62.0,197.0,43.0,47.0,2021.0,0.9148936170212766
patches_253.xml,patches_253.jpg,patches,65.0,64.0,130.0,155.0,65.0,91.0,5915.0,0.7142857142857143
patches_253.xml,patches_253.jpg,patches,2.0,29.0,34.0,89.0,32.0,60.0,1920.0,0.5333333333333333
patches_253.xml,patches_253.jpg,patches,128.0,62.0,167.0,118.0,39.0,56.0,2184.0,0.6964285714285714
patches_254.xml,patches_254.jpg,patches,60.0,128.0,109.0,191.0,49.0,63.0,3087.0,0.7777777777777778
patches_254.xml,patches_254.jpg,patches,45.0,27.0,129.0,86.0,84.0,59.0,4956.0,1.423728813559322
patches_255.xml,patches_255.jpg,patches,111.0,126.0,184.0,200.0,73.0,74.0,5402.0,0.9864864864864865
patches_255.xml,patches_255.jpg,patches,142.0,10.0,178.0,39.0,36.0,29.0,1044.0,1.2413793103448276
patches_255.xml,patches_255.jpg,patches,1.0,68.0,26.0,109.0,25.0,41.0,1025.0,0.6097560975609756
patches_256.xml,patches_256.jpg,patches,6.0,1.0,88.0,79.0,82.0,78.0,6396.0,1.0512820512820513
patches_256.xml,patches_256.jpg,patches,119.0,54.0,171.0,125.0,52.0,71.0,3692.0,0.7323943661971831
patches_257.xml,patches_257.jpg,patches,10.0,131.0,60.0,175.0,50.0,44.0,2200.0,1.1363636363636365
patches_257.xml,patches_257.jpg,patches,2.0,85.0,65.0,126.0,63.0,41.0,2583.0,1.5365853658536586
patches_257.xml,patches_257.jpg,patches,1.0,13.0,42.0,89.0,41.0,76.0,3116.0,0.5394736842105263
patches_257.xml,patches_257.jpg,patches,134.0,23.0,199.0,134.0,65.0,111.0,7215.0,0.5855855855855856
patches_258.xml,patches_258.jpg,patches,91.0,60.0,154.0,148.0,63.0,88.0,5544.0,0.7159090909090909
patches_258.xml,patches_258.jpg,patches,132.0,144.0,167.0,185.0,35.0,41.0,1435.0,0.8536585365853658
patches_258.xml,patches_258.jpg,patches,22.0,81.0,52.0,116.0,30.0,35.0,1050.0,0.8571428571428571
patches_259.xml,patches_259.jpg,patches,1.0,124.0,62.0,187.0,61.0,63.0,3843.0,0.9682539682539683
patches_259.xml,patches_259.jpg,patches,78.0,8.0,119.0,36.0,41.0,28.0,1148.0,1.4642857142857142
patches_259.xml,patches_259.jpg,patches,7.0,49.0,52.0,152.0,45.0,103.0,4635.0,0.4368932038834951
patches_259.xml,patches_259.jpg,inclusion,34.0,47.0,68.0,81.0,34.0,34.0,1156.0,1.0
patches_259.xml,patches_259.jpg,inclusion,171.0,8.0,199.0,26.0,28.0,18.0,504.0,1.5555555555555556
patches_26.xml,patches_26.jpg,patches,80.0,11.0,189.0,143.0,109.0,132.0,14388.0,0.8257575757575758
patches_26.xml,patches_26.jpg,patches,136.0,153.0,185.0,195.0,49.0,42.0,2058.0,1.1666666666666667
patches_26.xml,patches_26.jpg,patches,1.0,132.0,51.0,200.0,50.0,68.0,3400.0,0.7352941176470589
patches_26.xml,patches_26.jpg,patches,2.0,3.0,70.0,129.0,68.0,126.0,8568.0,0.5396825396825397
patches_260.xml,patches_260.jpg,patches,96.0,127.0,180.0,197.0,84.0,70.0,5880.0,1.2
patches_260.xml,patches_260.jpg,inclusion,166.0,78.0,196.0,145.0,30.0,67.0,2010.0,0.44776119402985076
patches_261.xml,patches_261.jpg,patches,15.0,75.0,60.0,141.0,45.0,66.0,2970.0,0.6818181818181818
patches_261.xml,patches_261.jpg,patches,132.0,114.0,191.0,184.0,59.0,70.0,4130.0,0.8428571428571429
patches_261.xml,patches_261.jpg,patches,100.0,122.0,135.0,163.0,35.0,41.0,1435.0,0.8536585365853658
patches_261.xml,patches_261.jpg,patches,162.0,56.0,200.0,105.0,38.0,49.0,1862.0,0.7755102040816326
patches_262.xml,patches_262.jpg,patches,81.0,82.0,149.0,200.0,68.0,118.0,8024.0,0.576271186440678
patches_262.xml,patches_262.jpg,patches,1.0,112.0,40.0,187.0,39.0,75.0,2925.0,0.52
patches_262.xml,patches_262.jpg,patches,14.0,53.0,53.0,101.0,39.0,48.0,1872.0,0.8125
patches_263.xml,patches_263.jpg,patches,42.0,59.0,100.0,185.0,58.0,126.0,7308.0,0.4603174603174603
patches_263.xml,patches_263.jpg,patches,58.0,124.0,162.0,200.0,104.0,76.0,7904.0,1.368421052631579
patches_264.xml,patches_264.jpg,patches,34.0,52.0,104.0,185.0,70.0,133.0,9310.0,0.5263157894736842
patches_264.xml,patches_264.jpg,patches,119.0,102.0,175.0,199.0,56.0,97.0,5432.0,0.5773195876288659
patches_265.xml,patches_265.jpg,patches,1.0,115.0,62.0,197.0,61.0,82.0,5002.0,0.7439024390243902
patches_265.xml,patches_265.jpg,patches,127.0,6.0,188.0,95.0,61.0,89.0,5429.0,0.6853932584269663
patches_265.xml,patches_265.jpg,patches,18.0,43.0,52.0,82.0,34.0,39.0,1326.0,0.8717948717948718
patches_265.xml,patches_265.jpg,inclusion,135.0,167.0,174.0,198.0,39.0,31.0,1209.0,1.2580645161290323
patches_266.xml,patches_266.jpg,patches,74.0,5.0,182.0,103.0,108.0,98.0,10584.0,1.1020408163265305
patches_266.xml,patches_266.jpg,patches,4.0,2.0,38.0,31.0,34.0,29.0,986.0,1.1724137931034482
patches_266.xml,patches_266.jpg,patches,9.0,6.0,62.0,76.0,53.0,70.0,3710.0,0.7571428571428571
patches_267.xml,patches_267.jpg,patches,11.0,1.0,94.0,121.0,83.0,120.0,9960.0,0.6916666666666667
patches_267.xml,patches_267.jpg,patches,21.0,149.0,78.0,189.0,57.0,40.0,2280.0,1.425
patches_267.xml,patches_267.jpg,patches,138.0,62.0,194.0,197.0,56.0,135.0,7560.0,0.4148148148148148
patches_267.xml,patches_267.jpg,patches,141.0,1.0,194.0,64.0,53.0,63.0,3339.0,0.8412698412698413
patches_268.xml,patches_268.jpg,patches,14.0,9.0,78.0,199.0,64.0,190.0,12160.0,0.3368421052631579
patches_268.xml,patches_268.jpg,patches,122.0,124.0,180.0,167.0,58.0,43.0,2494.0,1.3488372093023255
patches_268.xml,patches_268.jpg,patches,144.0,16.0,181.0,58.0,37.0,42.0,1554.0,0.8809523809523809
patches_269.xml,patches_269.jpg,patches,2.0,52.0,53.0,151.0,51.0,99.0,5049.0,0.5151515151515151
patches_269.xml,patches_269.jpg,patches,115.0,40.0,159.0,174.0,44.0,134.0,5896.0,0.3283582089552239
patches_269.xml,patches_269.jpg,patches,115.0,169.0,158.0,200.0,43.0,31.0,1333.0,1.3870967741935485
patches_27.xml,patches_27.jpg,patches,12.0,46.0,116.0,152.0,104.0,106.0,11024.0,0.9811320754716981
patches_27.xml,patches_27.jpg,patches,136.0,74.0,198.0,122.0,62.0,48.0,2976.0,1.2916666666666667
patches_27.xml,patches_27.jpg,patches,58.0,10.0,105.0,49.0,47.0,39.0,1833.0,1.205128205128205
patches_270.xml,patches_270.jpg,patches,88.0,72.0,146.0,171.0,58.0,99.0,5742.0,0.5858585858585859
patches_270.xml,patches_270.jpg,patches,88.0,1.0,145.0,34.0,57.0,33.0,1881.0,1.7272727272727273
patches_271.xml,patches_271.jpg,patches,87.0,53.0,175.0,125.0,88.0,72.0,6336.0,1.2222222222222223
patches_271.xml,patches_271.jpg,patches,129.0,157.0,166.0,200.0,37.0,43.0,1591.0,0.8604651162790697
patches_272.xml,patches_272.jpg,patches,51.0,29.0,109.0,141.0,58.0,112.0,6496.0,0.5178571428571429
patches_273.xml,patches_273.jpg,patches,10.0,117.0,67.0,175.0,57.0,58.0,3306.0,0.9827586206896551
patches_273.xml,patches_273.jpg,patches,13.0,50.0,53.0,95.0,40.0,45.0,1800.0,0.8888888888888888
patches_273.xml,patches_273.jpg,patches,123.0,1.0,187.0,185.0,64.0,184.0,11776.0,0.34782608695652173
patches_275.xml,patches_275.jpg,patches,31.0,24.0,81.0,143.0,50.0,119.0,5950.0,0.42016806722689076
patches_275.xml,patches_275.jpg,patches,64.0,126.0,108.0,169.0,44.0,43.0,1892.0,1.0232558139534884
patches_276.xml,patches_276.jpg,patches,4.0,101.0,50.0,150.0,46.0,49.0,2254.0,0.9387755102040817
patches_276.xml,patches_276.jpg,patches,34.0,1.0,84.0,71.0,50.0,70.0,3500.0,0.7142857142857143
patches_276.xml,patches_276.jpg,patches,138.0,1.0,194.0,105.0,56.0,104.0,5824.0,0.5384615384615384
patches_276.xml,patches_276.jpg,patches,141.0,68.0,176.0,131.0,35.0,63.0,2205.0,0.5555555555555556
patches_277.xml,patches_277.jpg,patches,13.0,88.0,83.0,194.0,70.0,106.0,7420.0,0.660377358490566
patches_277.xml,patches_277.jpg,patches,139.0,110.0,187.0,166.0,48.0,56.0,2688.0,0.8571428571428571
patches_277.xml,patches_277.jpg,patches,131.0,1.0,181.0,53.0,50.0,52.0,2600.0,0.9615384615384616
patches_277.xml,patches_277.jpg,patches,8.0,1.0,27.0,23.0,19.0,22.0,418.0,0.8636363636363636
patches_278.xml,patches_278.jpg,patches,41.0,1.0,115.0,120.0,74.0,119.0,8806.0,0.6218487394957983
patches_278.xml,patches_278.jpg,patches,39.0,93.0,112.0,199.0,73.0,106.0,7738.0,0.6886792452830188
patches_279.xml,patches_279.jpg,patches,11.0,33.0,72.0,81.0,61.0,48.0,2928.0,1.2708333333333333
patches_279.xml,patches_279.jpg,patches,121.0,32.0,171.0,116.0,50.0,84.0,4200.0,0.5952380952380952
patches_279.xml,patches_279.jpg,patches,154.0,153.0,189.0,199.0,35.0,46.0,1610.0,0.7608695652173914
patches_280.xml,patches_280.jpg,patches,60.0,56.0,125.0,200.0,65.0,144.0,9360.0,0.4513888888888889
patches_280.xml,patches_280.jpg,patches,77.0,4.0,114.0,93.0,37.0,89.0,3293.0,0.4157303370786517
patches_281.xml,patches_281.jpg,patches,21.0,1.0,62.0,43.0,41.0,42.0,1722.0,0.9761904761904762
patches_281.xml,patches_281.jpg,patches,119.0,1.0,172.0,198.0,53.0,197.0,10441.0,0.26903553299492383
patches_281.xml,patches_281.jpg,patches,19.0,107.0,52.0,153.0,33.0,46.0,1518.0,0.717391304347826
patches_282.xml,patches_282.jpg,patches,10.0,65.0,72.0,149.0,62.0,84.0,5208.0,0.7380952380952381
patches_282.xml,patches_282.jpg,patches,131.0,70.0,186.0,200.0,55.0,130.0,7150.0,0.4230769230769231
patches_282.xml,patches_282.jpg,patches,128.0,1.0,170.0,73.0,42.0,72.0,3024.0,0.5833333333333334
patches_283.xml,patches_283.jpg,patches,51.0,4.0,104.0,73.0,53.0,69.0,3657.0,0.7681159420289855
patches_283.xml,patches_283.jpg,patches,28.0,127.0,110.0,191.0,82.0,64.0,5248.0,1.28125
patches_283.xml,patches_283.jpg,patches,76.0,109.0,126.0,162.0,50.0,53.0,2650.0,0.9433962264150944
patches_283.xml,patches_283.jpg,patches,151.0,136.0,177.0,162.0,26.0,26.0,676.0,1.0
patches_284.xml,patches_284.jpg,patches,86.0,1.0,164.0,192.0,78.0,191.0,14898.0,0.4083769633507853
patches_284.xml,patches_284.jpg,patches,46.0,120.0,105.0,179.0,59.0,59.0,3481.0,1.0
patches_285.xml,patches_285.jpg,patches,64.0,1.0,127.0,135.0,63.0,134.0,8442.0,0.4701492537313433
patches_285.xml,patches_285.jpg,patches,148.0,1.0,200.0,46.0,52.0,45.0,2340.0,1.1555555555555554
patches_285.xml,patches_285.jpg,patches,73.0,126.0,135.0,200.0,62.0,74.0,4588.0,0.8378378378378378
patches_286.xml,patches_286.jpg,patches,65.0,29.0,143.0,199.0,78.0,170.0,13260.0,0.4588235294117647
patches_286.xml,patches_286.jpg,patches,168.0,91.0,200.0,157.0,32.0,66.0,2112.0,0.48484848484848486
patches_286.xml,patches_286.jpg,patches,68.0,1.0,139.0,34.0,71.0,33.0,2343.0,2.1515151515151514
patches_286.xml,patches_286.jpg,patches,1.0,54.0,15.0,89.0,14.0,35.0,490.0,0.4
patches_287.xml,patches_287.jpg,patches,77.0,1.0,146.0,199.0,69.0,198.0,13662.0,0.3484848484848485
patches_287.xml,patches_287.jpg,patches,172.0,1.0,200.0,18.0,28.0,17.0,476.0,1.6470588235294117
patches_288.xml,patches_288.jpg,patches,114.0,17.0,194.0,190.0,80.0,173.0,13840.0,0.4624277456647399
patches_288.xml,patches_288.jpg,patches,26.0,155.0,56.0,183.0,30.0,28.0,840.0,1.0714285714285714
patches_289.xml,patches_289.jpg,patches,1.0,10.0,39.0,90.0,38.0,80.0,3040.0,0.475
patches_289.xml,patches_289.jpg,patches,2.0,96.0,37.0,199.0,35.0,103.0,3605.0,0.33980582524271846
patches_289.xml,patches_289.jpg,patches,114.0,101.0,193.0,181.0,79.0,80.0,6320.0,0.9875
patches_289.xml,patches_289.jpg,patches,150.0,18.0,179.0,46.0,29.0,28.0,812.0,1.0357142857142858
patches_289.xml,patches_289.jpg,patches,52.0,68.0,85.0,110.0,33.0,42.0,1386.0,0.7857142857142857
patches_29.xml,patches_29.jpg,patches,60.0,1.0,133.0,88.0,73.0,87.0,6351.0,0.8390804597701149
patches_29.xml,patches_29.jpg,patches,71.0,100.0,131.0,179.0,60.0,79.0,4740.0,0.759493670886076
patches_29.xml,patches_29.jpg,patches,1.0,1.0,49.0,104.0,48.0,103.0,4944.0,0.46601941747572817
patches_290.xml,patches_290.jpg,patches,10.0,25.0,60.0,107.0,50.0,82.0,4100.0,0.6097560975609756
patches_290.xml,patches_290.jpg,patches,7.0,119.0,63.0,199.0,56.0,80.0,4480.0,0.7
patches_290.xml,patches_290.jpg,patches,127.0,105.0,186.0,200.0,59.0,95.0,5605.0,0.6210526315789474
patches_290.xml,patches_290.jpg,patches,125.0,1.0,190.0,50.0,65.0,49.0,3185.0,1.3265306122448979
patches_290.xml,patches_290.jpg,patches,132.0,45.0,190.0,115.0,58.0,70.0,4060.0,0.8285714285714286
patches_291.xml,patches_291.jpg,patches,21.0,40.0,68.0,119.0,47.0,79.0,3713.0,0.5949367088607594
patches_291.xml,patches_291.jpg,patches,9.0,122.0,84.0,198.0,75.0,76.0,5700.0,0.9868421052631579
patches_291.xml,patches_291.jpg,patches,125.0,1.0,187.0,195.0,62.0,194.0,12028.0,0.31958762886597936
patches_291.xml,patches_291.jpg,patches,9.0,1.0,49.0,28.0,40.0,27.0,1080.0,1.4814814814814814
patches_292.xml,patches_292.jpg,patches,59.0,49.0,106.0,118.0,47.0,69.0,3243.0,0.6811594202898551
patches_292.xml,patches_292.jpg,patches,52.0,1.0,100.0,22.0,48.0,21.0,1008.0,2.2857142857142856
patches_292.xml,patches_292.jpg,patches,142.0,51.0,194.0,170.0,52.0,119.0,6188.0,0.4369747899159664
patches_292.xml,patches_292.jpg,patches,1.0,8.0,24.0,47.0,23.0,39.0,897.0,0.5897435897435898
patches_292.xml,patches_292.jpg,patches,66.0,174.0,107.0,200.0,41.0,26.0,1066.0,1.5769230769230769
patches_293.xml,patches_293.jpg,patches,119.0,54.0,187.0,199.0,68.0,145.0,9860.0,0.4689655172413793
patches_293.xml,patches_293.jpg,patches,135.0,10.0,175.0,85.0,40.0,75.0,3000.0,0.5333333333333333
patches_294.xml,patches_294.jpg,patches,3.0,1.0,67.0,191.0,64.0,190.0,12160.0,0.3368421052631579
patches_294.xml,patches_294.jpg,patches,131.0,67.0,196.0,198.0,65.0,131.0,8515.0,0.4961832061068702
patches_295.xml,patches_295.jpg,patches,6.0,1.0,85.0,191.0,79.0,190.0,15010.0,0.41578947368421054
patches_295.xml,patches_295.jpg,patches,144.0,1.0,200.0,124.0,56.0,123.0,6888.0,0.45528455284552843
patches_295.xml,patches_295.jpg,patches,143.0,118.0,183.0,198.0,40.0,80.0,3200.0,0.5
patches_296.xml,patches_296.jpg,patches,26.0,1.0,92.0,79.0,66.0,78.0,5148.0,0.8461538461538461
patches_296.xml,patches_296.jpg,patches,116.0,1.0,182.0,70.0,66.0,69.0,4554.0,0.9565217391304348
patches_296.xml,patches_296.jpg,patches,114.0,85.0,178.0,192.0,64.0,107.0,6848.0,0.5981308411214953
patches_297.xml,patches_297.jpg,patches,8.0,27.0,90.0,193.0,82.0,166.0,13612.0,0.4939759036144578
patches_297.xml,patches_297.jpg,patches,135.0,79.0,199.0,195.0,64.0,116.0,7424.0,0.5517241379310345
patches_297.xml,patches_297.jpg,patches,142.0,1.0,198.0,74.0,56.0,73.0,4088.0,0.7671232876712328
patches_298.xml,patches_298.jpg,patches,2.0,84.0,51.0,166.0,49.0,82.0,4018.0,0.5975609756097561
patches_298.xml,patches_298.jpg,patches,133.0,45.0,194.0,108.0,61.0,63.0,3843.0,0.9682539682539683
patches_298.xml,patches_298.jpg,patches,164.0,164.0,197.0,194.0,33.0,30.0,990.0,1.1
patches_298.xml,patches_298.jpg,patches,41.0,90.0,83.0,143.0,42.0,53.0,2226.0,0.7924528301886793
patches_299.xml,patches_299.jpg,patches,89.0,26.0,170.0,181.0,81.0,155.0,12555.0,0.5225806451612903
patches_299.xml,patches_299.jpg,patches,1.0,1.0,46.0,34.0,45.0,33.0,1485.0,1.3636363636363635
patches_299.xml,patches_299.jpg,patches,1.0,73.0,54.0,200.0,53.0,127.0,6731.0,0.41732283464566927
patches_3.xml,patches_3.jpg,patches,4.0,101.0,48.0,193.0,44.0,92.0,4048.0,0.4782608695652174
patches_3.xml,patches_3.jpg,patches,80.0,64.0,128.0,181.0,48.0,117.0,5616.0,0.41025641025641024
patches_3.xml,patches_3.jpg,patches,130.0,120.0,171.0,197.0,41.0,77.0,3157.0,0.5324675324675324
patches_3.xml,patches_3.jpg,patches,153.0,1.0,199.0,102.0,46.0,101.0,4646.0,0.45544554455445546
patches_3.xml,patches_3.jpg,patches,6.0,15.0,46.0,90.0,40.0,75.0,3000.0,0.5333333333333333
patches_3.xml,patches_3.jpg,patches,69.0,1.0,106.0,22.0,37.0,21.0,777.0,1.7619047619047619
patches_30.xml,patches_30.jpg,patches,36.0,38.0,128.0,189.0,92.0,151.0,13892.0,0.609271523178808
patches_30.xml,patches_30.jpg,patches,176.0,1.0,200.0,38.0,24.0,37.0,888.0,0.6486486486486487
patches_300.xml,patches_300.jpg,patches,41.0,64.0,98.0,161.0,57.0,97.0,5529.0,0.5876288659793815
patches_300.xml,patches_300.jpg,patches,47.0,15.0,99.0,86.0,52.0,71.0,3692.0,0.7323943661971831
patches_31.xml,patches_31.jpg,patches,58.0,63.0,130.0,185.0,72.0,122.0,8784.0,0.5901639344262295
patches_31.xml,patches_31.jpg,patches,137.0,104.0,189.0,176.0,52.0,72.0,3744.0,0.7222222222222222
patches_32.xml,patches_32.jpg,patches,31.0,85.0,105.0,151.0,74.0,66.0,4884.0,1.121212121212121
patches_32.xml,patches_32.jpg,patches,106.0,111.0,150.0,154.0,44.0,43.0,1892.0,1.0232558139534884
patches_32.xml,patches_32.jpg,patches,108.0,44.0,164.0,111.0,56.0,67.0,3752.0,0.835820895522388
patches_33.xml,patches_33.jpg,patches,73.0,1.0,134.0,77.0,61.0,76.0,4636.0,0.8026315789473685
patches_33.xml,patches_33.jpg,patches,67.0,121.0,128.0,168.0,61.0,47.0,2867.0,1.297872340425532
patches_33.xml,patches_33.jpg,patches,79.0,170.0,124.0,198.0,45.0,28.0,1260.0,1.6071428571428572
patches_34.xml,patches_34.jpg,patches,58.0,101.0,102.0,158.0,44.0,57.0,2508.0,0.7719298245614035
patches_34.xml,patches_34.jpg,patches,47.0,45.0,100.0,95.0,53.0,50.0,2650.0,1.06
patches_34.xml,patches_34.jpg,patches,145.0,123.0,191.0,167.0,46.0,44.0,2024.0,1.0454545454545454
patches_35.xml,patches_35.jpg,patches,44.0,2.0,93.0,60.0,49.0,58.0,2842.0,0.8448275862068966
patches_35.xml,patches_35.jpg,patches,141.0,29.0,183.0,73.0,42.0,44.0,1848.0,0.9545454545454546
patches_35.xml,patches_35.jpg,patches,51.0,109.0,100.0,199.0,49.0,90.0,4410.0,0.5444444444444444
patches_36.xml,patches_36.jpg,patches,16.0,101.0,70.0,135.0,54.0,34.0,1836.0,1.588235294117647
patches_36.xml,patches_36.jpg,patches,109.0,5.0,164.0,199.0,55.0,194.0,10670.0,0.28350515463917525
patches_37.xml,patches_37.jpg,patches,49.0,110.0,114.0,157.0,65.0,47.0,3055.0,1.3829787234042554
patches_37.xml,patches_37.jpg,patches,63.0,167.0,96.0,200.0,33.0,33.0,1089.0,1.0
patches_38.xml,patches_38.jpg,patches,11.0,1.0,67.0,198.0,56.0,197.0,11032.0,0.28426395939086296
patches_38.xml,patches_38.jpg,patches,132.0,108.0,196.0,159.0,64.0,51.0,3264.0,1.2549019607843137
patches_38.xml,patches_38.jpg,patches,145.0,155.0,183.0,200.0,38.0,45.0,1710.0,0.8444444444444444
patches_39.xml,patches_39.jpg,patches,68.0,47.0,107.0,97.0,39.0,50.0,1950.0,0.78
patches_4.xml,patches_4.jpg,patches,93.0,36.0,137.0,83.0,44.0,47.0,2068.0,0.9361702127659575
patches_4.xml,patches_4.jpg,patches,118.0,92.0,165.0,158.0,47.0,66.0,3102.0,0.7121212121212122
patches_40.xml,patches_40.jpg,patches,14.0,79.0,55.0,167.0,41.0,88.0,3608.0,0.4659090909090909
patches_40.xml,patches_40.jpg,patches,128.0,107.0,187.0,160.0,59.0,53.0,3127.0,1.1132075471698113
patches_41.xml,patches_41.jpg,patches,18.0,40.0,57.0,81.0,39.0,41.0,1599.0,0.9512195121951219
patches_41.xml,patches_41.jpg,patches,33.0,118.0,77.0,192.0,44.0,74.0,3256.0,0.5945945945945946
patches_42.xml,patches_42.jpg,patches,90.0,7.0,129.0,60.0,39.0,53.0,2067.0,0.7358490566037735
patches_42.xml,patches_42.jpg,patches,65.0,69.0,144.0,193.0,79.0,124.0,9796.0,0.6370967741935484
patches_43.xml,patches_43.jpg,patches,70.0,88.0,128.0,186.0,58.0,98.0,5684.0,0.5918367346938775
patches_43.xml,patches_43.jpg,patches,61.0,32.0,113.0,93.0,52.0,61.0,3172.0,0.8524590163934426
patches_44.xml,patches_44.jpg,patches,70.0,100.0,128.0,159.0,58.0,59.0,3422.0,0.9830508474576272
patches_45.xml,patches_45.jpg,patches,1.0,56.0,41.0,138.0,40.0,82.0,3280.0,0.4878048780487805
patches_45.xml,patches_45.jpg,patches,1.0,1.0,24.0,50.0,23.0,49.0,1127.0,0.46938775510204084
patches_45.xml,patches_45.jpg,patches,153.0,71.0,178.0,120.0,25.0,49.0,1225.0,0.5102040816326531
patches_45.xml,patches_45.jpg,patches,136.0,159.0,170.0,199.0,34.0,40.0,1360.0,0.85
patches_46.xml,patches_46.jpg,patches,69.0,91.0,125.0,187.0,56.0,96.0,5376.0,0.5833333333333334
patches_46.xml,patches_46.jpg,patches,85.0,2.0,134.0,84.0,49.0,82.0,4018.0,0.5975609756097561
patches_46.xml,patches_46.jpg,patches,145.0,29.0,177.0,79.0,32.0,50.0,1600.0,0.64
patches_47.xml,patches_47.jpg,patches,27.0,34.0,98.0,138.0,71.0,104.0,7384.0,0.6826923076923077
patches_47.xml,patches_47.jpg,patches,105.0,24.0,191.0,114.0,86.0,90.0,7740.0,0.9555555555555556
patches_47.xml,patches_47.jpg,patches,104.0,130.0,144.0,189.0,40.0,59.0,2360.0,0.6779661016949152
patches_48.xml,patches_48.jpg,patches,70.0,43.0,122.0,122.0,52.0,79.0,4108.0,0.6582278481012658
patches_48.xml,patches_48.jpg,patches,1.0,1.0,33.0,24.0,32.0,23.0,736.0,1.391304347826087
patches_49.xml,patches_49.jpg,patches,11.0,2.0,49.0,58.0,38.0,56.0,2128.0,0.6785714285714286
patches_49.xml,patches_49.jpg,patches,6.0,142.0,56.0,200.0,50.0,58.0,2900.0,0.8620689655172413
patches_49.xml,patches_49.jpg,patches,136.0,1.0,198.0,126.0,62.0,125.0,7750.0,0.496
patches_5.xml,patches_5.jpg,patches,33.0,1.0,94.0,155.0,61.0,154.0,9394.0,0.3961038961038961
patches_5.xml,patches_5.jpg,patches,115.0,65.0,163.0,194.0,48.0,129.0,6192.0,0.37209302325581395
patches_5.xml,patches_5.jpg,patches,118.0,1.0,200.0,34.0,82.0,33.0,2706.0,2.484848484848485
patches_50.xml,patches_50.jpg,patches,61.0,2.0,106.0,58.0,45.0,56.0,2520.0,0.8035714285714286
patches_50.xml,patches_50.jpg,patches,80.0,125.0,119.0,178.0,39.0,53.0,2067.0,0.7358490566037735
patches_51.xml,patches_51.jpg,patches,60.0,59.0,124.0,139.0,64.0,80.0,5120.0,0.8
patches_52.xml,patches_52.jpg,patches,47.0,12.0,138.0,184.0,91.0,172.0,15652.0,0.5290697674418605
patches_53.xml,patches_53.jpg,patches,28.0,10.0,67.0,59.0,39.0,49.0,1911.0,0.7959183673469388
patches_53.xml,patches_53.jpg,patches,12.0,102.0,86.0,200.0,74.0,98.0,7252.0,0.7551020408163265
patches_53.xml,patches_53.jpg,patches,138.0,74.0,200.0,157.0,62.0,83.0,5146.0,0.7469879518072289
patches_54.xml,patches_54.jpg,patches,89.0,18.0,150.0,120.0,61.0,102.0,6222.0,0.5980392156862745
patches_55.xml,patches_55.jpg,patches,26.0,80.0,69.0,122.0,43.0,42.0,1806.0,1.0238095238095237
patches_55.xml,patches_55.jpg,patches,78.0,27.0,148.0,163.0,70.0,136.0,9520.0,0.5147058823529411
patches_56.xml,patches_56.jpg,patches,31.0,67.0,105.0,96.0,74.0,29.0,2146.0,2.5517241379310347
patches_56.xml,patches_56.jpg,patches,34.0,101.0,66.0,129.0,32.0,28.0,896.0,1.1428571428571428
patches_56.xml,patches_56.jpg,patches,117.0,99.0,142.0,124.0,25.0,25.0,625.0,1.0
patches_56.xml,patches_56.jpg,patches,160.0,82.0,200.0,144.0,40.0,62.0,2480.0,0.6451612903225806
patches_57.xml,patches_57.jpg,patches,87.0,15.0,129.0,148.0,42.0,133.0,5586.0,0.3157894736842105
patches_57.xml,patches_57.jpg,patches,82.0,154.0,132.0,200.0,50.0,46.0,2300.0,1.0869565217391304
patches_58.xml,patches_58.jpg,patches,22.0,14.0,60.0,110.0,38.0,96.0,3648.0,0.3958333333333333
patches_58.xml,patches_58.jpg,patches,69.0,26.0,109.0,84.0,40.0,58.0,2320.0,0.6896551724137931
patches_58.xml,patches_58.jpg,patches,30.0,136.0,70.0,200.0,40.0,64.0,2560.0,0.625
patches_58.xml,patches_58.jpg,patches,138.0,92.0,186.0,136.0,48.0,44.0,2112.0,1.0909090909090908
patches_59.xml,patches_59.jpg,patches,78.0,2.0,117.0,127.0,39.0,125.0,4875.0,0.312
patches_59.xml,patches_59.jpg,patches,69.0,142.0,123.0,200.0,54.0,58.0,3132.0,0.9310344827586207
patches_6.xml,patches_6.jpg,patches,13.0,6.0,90.0,200.0,77.0,194.0,14938.0,0.39690721649484534
patches_6.xml,patches_6.jpg,patches,84.0,33.0,197.0,160.0,113.0,127.0,14351.0,0.889763779527559
patches_60.xml,patches_60.jpg,patches,3.0,112.0,43.0,159.0,40.0,47.0,1880.0,0.851063829787234
patches_60.xml,patches_60.jpg,patches,162.0,151.0,199.0,199.0,37.0,48.0,1776.0,0.7708333333333334
patches_60.xml,patches_60.jpg,patches,143.0,50.0,191.0,147.0,48.0,97.0,4656.0,0.4948453608247423
patches_60.xml,patches_60.jpg,patches,146.0,1.0,190.0,43.0,44.0,42.0,1848.0,1.0476190476190477
patches_61.xml,patches_61.jpg,patches,76.0,1.0,124.0,63.0,48.0,62.0,2976.0,0.7741935483870968
patches_62.xml,patches_62.jpg,patches,89.0,34.0,122.0,126.0,33.0,92.0,3036.0,0.358695652173913
patches_64.xml,patches_64.jpg,patches,67.0,103.0,134.0,139.0,67.0,36.0,2412.0,1.8611111111111112
patches_65.xml,patches_65.jpg,patches,55.0,71.0,138.0,148.0,83.0,77.0,6391.0,1.077922077922078
patches_66.xml,patches_66.jpg,patches,35.0,14.0,72.0,69.0,37.0,55.0,2035.0,0.6727272727272727
patches_66.xml,patches_66.jpg,patches,99.0,75.0,160.0,148.0,61.0,73.0,4453.0,0.8356164383561644
patches_67.xml,patches_67.jpg,patches,15.0,75.0,81.0,147.0,66.0,72.0,4752.0,0.9166666666666666
patches_67.xml,patches_67.jpg,patches,143.0,35.0,179.0,108.0,36.0,73.0,2628.0,0.4931506849315068
patches_67.xml,patches_67.jpg,patches,163.0,163.0,194.0,200.0,31.0,37.0,1147.0,0.8378378378378378
patches_68.xml,patches_68.jpg,patches,21.0,32.0,58.0,110.0,37.0,78.0,2886.0,0.47435897435897434
patches_68.xml,patches_68.jpg,patches,160.0,13.0,199.0,67.0,39.0,54.0,2106.0,0.7222222222222222
patches_68.xml,patches_68.jpg,patches,37.0,163.0,70.0,200.0,33.0,37.0,1221.0,0.8918918918918919
patches_69.xml,patches_69.jpg,patches,39.0,145.0,87.0,200.0,48.0,55.0,2640.0,0.8727272727272727
patches_69.xml,patches_69.jpg,patches,109.0,147.0,155.0,200.0,46.0,53.0,2438.0,0.8679245283018868
patches_7.xml,patches_7.jpg,patches,32.0,12.0,123.0,198.0,91.0,186.0,16926.0,0.489247311827957
patches_70.xml,patches_70.jpg,patches,63.0,74.0,152.0,199.0,89.0,125.0,11125.0,0.712
patches_71.xml,patches_71.jpg,patches,1.0,1.0,37.0,51.0,36.0,50.0,1800.0,0.72
patches_71.xml,patches_71.jpg,patches,118.0,1.0,159.0,60.0,41.0,59.0,2419.0,0.6949152542372882
patches_71.xml,patches_71.jpg,patches,123.0,75.0,199.0,190.0,76.0,115.0,8740.0,0.6608695652173913
patches_72.xml,patches_72.jpg,patches,12.0,48.0,53.0,91.0,41.0,43.0,1763.0,0.9534883720930233
patches_72.xml,patches_72.jpg,patches,153.0,50.0,192.0,116.0,39.0,66.0,2574.0,0.5909090909090909
patches_73.xml,patches_73.jpg,patches,45.0,1.0,78.0,29.0,33.0,28.0,924.0,1.1785714285714286
patches_73.xml,patches_73.jpg,patches,102.0,1.0,134.0,24.0,32.0,23.0,736.0,1.391304347826087
patches_73.xml,patches_73.jpg,patches,107.0,138.0,153.0,177.0,46.0,39.0,1794.0,1.1794871794871795
patches_74.xml,patches_74.jpg,patches,3.0,117.0,43.0,200.0,40.0,83.0,3320.0,0.4819277108433735
patches_74.xml,patches_74.jpg,patches,122.0,2.0,199.0,158.0,77.0,156.0,12012.0,0.4935897435897436
patches_75.xml,patches_75.jpg,patches,55.0,100.0,95.0,169.0,40.0,69.0,2760.0,0.5797101449275363
patches_75.xml,patches_75.jpg,patches,107.0,24.0,158.0,110.0,51.0,86.0,4386.0,0.5930232558139535
patches_76.xml,patches_76.jpg,patches,70.0,33.0,123.0,154.0,53.0,121.0,6413.0,0.4380165289256198
patches_76.xml,patches_76.jpg,patches,35.0,1.0,111.0,21.0,76.0,20.0,1520.0,3.8
patches_77.xml,patches_77.jpg,patches,164.0,74.0,199.0,110.0,35.0,36.0,1260.0,0.9722222222222222
patches_77.xml,patches_77.jpg,patches,136.0,153.0,197.0,199.0,61.0,46.0,2806.0,1.326086956521739
patches_77.xml,patches_77.jpg,patches,23.0,1.0,52.0,32.0,29.0,31.0,899.0,0.9354838709677419
patches_78.xml,patches_78.jpg,patches,9.0,36.0,47.0,178.0,38.0,142.0,5396.0,0.2676056338028169
patches_78.xml,patches_78.jpg,patches,146.0,119.0,185.0,179.0,39.0,60.0,2340.0,0.65
patches_78.xml,patches_78.jpg,patches,12.0,166.0,53.0,200.0,41.0,34.0,1394.0,1.2058823529411764
patches_79.xml,patches_79.jpg,patches,47.0,47.0,128.0,149.0,81.0,102.0,8262.0,0.7941176470588235
patches_79.xml,patches_79.jpg,patches,102.0,157.0,133.0,196.0,31.0,39.0,1209.0,0.7948717948717948
patches_79.xml,patches_79.jpg,patches,83.0,1.0,121.0,45.0,38.0,44.0,1672.0,0.8636363636363636
patches_8.xml,patches_8.jpg,patches,40.0,18.0,74.0,57.0,34.0,39.0,1326.0,0.8717948717948718
patches_8.xml,patches_8.jpg,patches,86.0,42.0,166.0,128.0,80.0,86.0,6880.0,0.9302325581395349
patches_8.xml,patches_8.jpg,patches,41.0,133.0,70.0,199.0,29.0,66.0,1914.0,0.4393939393939394
patches_80.xml,patches_80.jpg,patches,73.0,74.0,124.0,186.0,51.0,112.0,5712.0,0.45535714285714285
patches_80.xml,patches_80.jpg,patches,66.0,24.0,103.0,82.0,37.0,58.0,2146.0,0.6379310344827587
patches_81.xml,patches_81.jpg,patches,1.0,32.0,53.0,144.0,52.0,112.0,5824.0,0.4642857142857143
patches_81.xml,patches_81.jpg,patches,1.0,1.0,43.0,38.0,42.0,37.0,1554.0,1.135135135135135
patches_81.xml,patches_81.jpg,patches,134.0,1.0,182.0,51.0,48.0,50.0,2400.0,0.96
patches_81.xml,patches_81.jpg,patches,21.0,151.0,58.0,195.0,37.0,44.0,1628.0,0.8409090909090909
patches_81.xml,patches_81.jpg,patches,152.0,133.0,195.0,200.0,43.0,67.0,2881.0,0.6417910447761194
patches_82.xml,patches_82.jpg,patches,70.0,4.0,143.0,102.0,73.0,98.0,7154.0,0.7448979591836735
patches_83.xml,patches_83.jpg,patches,79.0,55.0,125.0,199.0,46.0,144.0,6624.0,0.3194444444444444
patches_84.xml,patches_84.jpg,patches,26.0,102.0,99.0,168.0,73.0,66.0,4818.0,1.106060606060606
patches_84.xml,patches_84.jpg,patches,113.0,72.0,169.0,189.0,56.0,117.0,6552.0,0.47863247863247865
patches_84.xml,patches_84.jpg,patches,114.0,1.0,159.0,80.0,45.0,79.0,3555.0,0.569620253164557
patches_85.xml,patches_85.jpg,patches,44.0,12.0,98.0,66.0,54.0,54.0,2916.0,1.0
patches_85.xml,patches_85.jpg,patches,107.0,1.0,156.0,79.0,49.0,78.0,3822.0,0.6282051282051282
patches_86.xml,patches_86.jpg,patches,40.0,37.0,145.0,150.0,105.0,113.0,11865.0,0.9292035398230089
patches_87.xml,patches_87.jpg,patches,9.0,7.0,93.0,67.0,84.0,60.0,5040.0,1.4
patches_87.xml,patches_87.jpg,patches,106.0,26.0,154.0,102.0,48.0,76.0,3648.0,0.631578947368421
patches_87.xml,patches_87.jpg,patches,114.0,139.0,198.0,199.0,84.0,60.0,5040.0,1.4
patches_87.xml,patches_87.jpg,patches,156.0,27.0,200.0,103.0,44.0,76.0,3344.0,0.5789473684210527
patches_88.xml,patches_88.jpg,patches,1.0,28.0,35.0,98.0,34.0,70.0,2380.0,0.4857142857142857
patches_88.xml,patches_88.jpg,patches,39.0,45.0,117.0,102.0,78.0,57.0,4446.0,1.368421052631579
patches_88.xml,patches_88.jpg,patches,123.0,15.0,172.0,138.0,49.0,123.0,6027.0,0.3983739837398374
patches_88.xml,patches_88.jpg,patches,1.0,138.0,87.0,200.0,86.0,62.0,5332.0,1.3870967741935485
patches_89.xml,patches_89.jpg,patches,1.0,1.0,19.0,36.0,18.0,35.0,630.0,0.5142857142857142
patches_89.xml,patches_89.jpg,patches,29.0,5.0,70.0,70.0,41.0,65.0,2665.0,0.6307692307692307
patches_89.xml,patches_89.jpg,patches,78.0,8.0,146.0,72.0,68.0,64.0,4352.0,1.0625
patches_89.xml,patches_89.jpg,patches,156.0,1.0,198.0,115.0,42.0,114.0,4788.0,0.3684210526315789
patches_89.xml,patches_89.jpg,patches,35.0,113.0,125.0,200.0,90.0,87.0,7830.0,1.0344827586206897
patches_89.xml,patches_89.jpg,patches,173.0,172.0,200.0,200.0,27.0,28.0,756.0,0.9642857142857143
patches_9.xml,patches_9.jpg,patches,65.0,66.0,139.0,138.0,74.0,72.0,5328.0,1.0277777777777777
patches_90.xml,patches_90.jpg,patches,69.0,7.0,162.0,200.0,93.0,193.0,17949.0,0.48186528497409326
patches_90.xml,patches_90.jpg,patches,130.0,120.0,182.0,200.0,52.0,80.0,4160.0,0.65
patches_90.xml,patches_90.jpg,patches,20.0,103.0,73.0,161.0,53.0,58.0,3074.0,0.9137931034482759
patches_91.xml,patches_91.jpg,patches,25.0,110.0,68.0,187.0,43.0,77.0,3311.0,0.5584415584415584
patches_91.xml,patches_91.jpg,patches,1.0,126.0,21.0,200.0,20.0,74.0,1480.0,0.2702702702702703
patches_91.xml,patches_91.jpg,patches,98.0,61.0,150.0,181.0,52.0,120.0,6240.0,0.43333333333333335
patches_91.xml,patches_91.jpg,patches,1.0,1.0,52.0,28.0,51.0,27.0,1377.0,1.8888888888888888
patches_92.xml,patches_92.jpg,patches,10.0,72.0,64.0,193.0,54.0,121.0,6534.0,0.4462809917355372
patches_92.xml,patches_92.jpg,patches,98.0,30.0,171.0,125.0,73.0,95.0,6935.0,0.7684210526315789
patches_92.xml,patches_92.jpg,patches,111.0,134.0,155.0,200.0,44.0,66.0,2904.0,0.6666666666666666
patches_92.xml,patches_92.jpg,patches,1.0,1.0,23.0,66.0,22.0,65.0,1430.0,0.3384615384615385
patches_92.xml,patches_92.jpg,patches,29.0,1.0,70.0,19.0,41.0,18.0,738.0,2.2777777777777777
patches_92.xml,patches_92.jpg,patches,112.0,1.0,153.0,18.0,41.0,17.0,697.0,2.411764705882353
patches_93.xml,patches_93.jpg,patches,10.0,1.0,76.0,128.0,66.0,127.0,8382.0,0.5196850393700787
patches_93.xml,patches_93.jpg,patches,81.0,9.0,127.0,82.0,46.0,73.0,3358.0,0.6301369863013698
patches_93.xml,patches_93.jpg,patches,69.0,136.0,120.0,200.0,51.0,64.0,3264.0,0.796875
patches_93.xml,patches_93.jpg,patches,157.0,101.0,200.0,200.0,43.0,99.0,4257.0,0.43434343434343436
patches_93.xml,patches_93.jpg,patches,163.0,1.0,200.0,83.0,37.0,82.0,3034.0,0.45121951219512196
patches_94.xml,patches_94.jpg,patches,85.0,73.0,120.0,127.0,35.0,54.0,1890.0,0.6481481481481481
patches_95.xml,patches_95.jpg,patches,89.0,73.0,170.0,170.0,81.0,97.0,7857.0,0.8350515463917526
patches_95.xml,patches_95.jpg,patches,43.0,74.0,94.0,145.0,51.0,71.0,3621.0,0.7183098591549296
patches_95.xml,patches_95.jpg,patches,174.0,97.0,200.0,158.0,26.0,61.0,1586.0,0.4262295081967213
patches_96.xml,patches_96.jpg,patches,67.0,51.0,143.0,165.0,76.0,114.0,8664.0,0.6666666666666666
patches_97.xml,patches_97.jpg,patches,75.0,51.0,133.0,145.0,58.0,94.0,5452.0,0.6170212765957447
patches_97.xml,patches_97.jpg,patches,90.0,146.0,130.0,193.0,40.0,47.0,1880.0,0.851063829787234
patches_98.xml,patches_98.jpg,patches,15.0,68.0,106.0,185.0,91.0,117.0,10647.0,0.7777777777777778
patches_98.xml,patches_98.jpg,patches,100.0,94.0,172.0,191.0,72.0,97.0,6984.0,0.7422680412371134
patches_99.xml,patches_99.jpg,patches,17.0,1.0,94.0,53.0,77.0,52.0,4004.0,1.4807692307692308
patches_99.xml,patches_99.jpg,patches,29.0,133.0,79.0,200.0,50.0,67.0,3350.0,0.746268656716418
patches_99.xml,patches_99.jpg,patches,110.0,45.0,165.0,199.0,55.0,154.0,8470.0,0.35714285714285715
patches_99.xml,patches_99.jpg,patches,105.0,1.0,156.0,58.0,51.0,57.0,2907.0,0.8947368421052632
pitted_surface_1.xml,pitted_surface_1.jpg,pitted_surface,21.0,2.0,92.0,196.0,71.0,194.0,13774.0,0.36597938144329895
pitted_surface_1.xml,pitted_surface_1.jpg,pitted_surface,85.0,3.0,188.0,195.0,103.0,192.0,19776.0,0.5364583333333334
pitted_surface_10.xml,pitted_surface_10.jpg,pitted_surface,5.0,56.0,195.0,194.0,190.0,138.0,26220.0,1.3768115942028984
pitted_surface_100.xml,pitted_surface_100.jpg,pitted_surface,60.0,6.0,198.0,198.0,138.0,192.0,26496.0,0.71875
pitted_surface_100.xml,pitted_surface_100.jpg,pitted_surface,2.0,2.0,50.0,194.0,48.0,192.0,9216.0,0.25
pitted_surface_101.xml,pitted_surface_101.jpg,pitted_surface,76.0,1.0,153.0,173.0,77.0,172.0,13244.0,0.4476744186046512
pitted_surface_101.xml,pitted_surface_101.jpg,pitted_surface,77.0,176.0,138.0,200.0,61.0,24.0,1464.0,2.5416666666666665
pitted_surface_101.xml,pitted_surface_101.jpg,pitted_surface,155.0,104.0,200.0,198.0,45.0,94.0,4230.0,0.4787234042553192
pitted_surface_101.xml,pitted_surface_101.jpg,pitted_surface,168.0,1.0,200.0,30.0,32.0,29.0,928.0,1.103448275862069
pitted_surface_102.xml,pitted_surface_102.jpg,pitted_surface,144.0,1.0,190.0,20.0,46.0,19.0,874.0,2.4210526315789473
pitted_surface_102.xml,pitted_surface_102.jpg,pitted_surface,161.0,17.0,199.0,153.0,38.0,136.0,5168.0,0.27941176470588236
pitted_surface_102.xml,pitted_surface_102.jpg,pitted_surface,156.0,158.0,200.0,199.0,44.0,41.0,1804.0,1.0731707317073171
pitted_surface_102.xml,pitted_surface_102.jpg,pitted_surface,88.0,1.0,147.0,198.0,59.0,197.0,11623.0,0.29949238578680204
pitted_surface_102.xml,pitted_surface_102.jpg,pitted_surface,5.0,11.0,72.0,192.0,67.0,181.0,12127.0,0.3701657458563536
pitted_surface_103.xml,pitted_surface_103.jpg,pitted_surface,17.0,3.0,95.0,140.0,78.0,137.0,10686.0,0.5693430656934306
pitted_surface_103.xml,pitted_surface_103.jpg,pitted_surface,111.0,1.0,195.0,189.0,84.0,188.0,15792.0,0.44680851063829785
pitted_surface_104.xml,pitted_surface_104.jpg,pitted_surface,3.0,1.0,138.0,185.0,135.0,184.0,24840.0,0.7336956521739131
pitted_surface_105.xml,pitted_surface_105.jpg,pitted_surface,1.0,1.0,129.0,188.0,128.0,187.0,23936.0,0.6844919786096256
pitted_surface_106.xml,pitted_surface_106.jpg,pitted_surface,82.0,2.0,197.0,199.0,115.0,197.0,22655.0,0.583756345177665
pitted_surface_107.xml,pitted_surface_107.jpg,pitted_surface,26.0,2.0,188.0,200.0,162.0,198.0,32076.0,0.8181818181818182
pitted_surface_108.xml,pitted_surface_108.jpg,pitted_surface,48.0,55.0,170.0,199.0,122.0,144.0,17568.0,0.8472222222222222
pitted_surface_109.xml,pitted_surface_109.jpg,pitted_surface,25.0,2.0,143.0,199.0,118.0,197.0,23246.0,0.5989847715736041
pitted_surface_109.xml,pitted_surface_109.jpg,pitted_surface,152.0,1.0,195.0,199.0,43.0,198.0,8514.0,0.21717171717171718
pitted_surface_11.xml,pitted_surface_11.jpg,pitted_surface,2.0,37.0,178.0,197.0,176.0,160.0,28160.0,1.1
pitted_surface_111.xml,pitted_surface_111.jpg,pitted_surface,6.0,18.0,171.0,196.0,165.0,178.0,29370.0,0.9269662921348315
pitted_surface_111.xml,pitted_surface_111.jpg,pitted_surface,53.0,8.0,177.0,89.0,124.0,81.0,10044.0,1.5308641975308641
pitted_surface_112.xml,pitted_surface_112.jpg,pitted_surface,9.0,25.0,63.0,191.0,54.0,166.0,8964.0,0.3253012048192771
pitted_surface_112.xml,pitted_surface_112.jpg,pitted_surface,70.0,104.0,131.0,181.0,61.0,77.0,4697.0,0.7922077922077922
pitted_surface_112.xml,pitted_surface_112.jpg,pitted_surface,55.0,39.0,189.0,96.0,134.0,57.0,7638.0,2.3508771929824563
pitted_surface_112.xml,pitted_surface_112.jpg,pitted_surface,159.0,86.0,197.0,197.0,38.0,111.0,4218.0,0.34234234234234234
pitted_surface_113.xml,pitted_surface_113.jpg,pitted_surface,35.0,3.0,138.0,198.0,103.0,195.0,20085.0,0.5282051282051282
pitted_surface_113.xml,pitted_surface_113.jpg,pitted_surface,168.0,1.0,198.0,185.0,30.0,184.0,5520.0,0.16304347826086957
pitted_surface_114.xml,pitted_surface_114.jpg,pitted_surface,1.0,1.0,54.0,189.0,53.0,188.0,9964.0,0.28191489361702127
pitted_surface_114.xml,pitted_surface_114.jpg,pitted_surface,78.0,1.0,119.0,197.0,41.0,196.0,8036.0,0.20918367346938777
pitted_surface_114.xml,pitted_surface_114.jpg,pitted_surface,123.0,1.0,197.0,75.0,74.0,74.0,5476.0,1.0
pitted_surface_115.xml,pitted_surface_115.jpg,pitted_surface,91.0,1.0,200.0,199.0,109.0,198.0,21582.0,0.5505050505050505
pitted_surface_115.xml,pitted_surface_115.jpg,pitted_surface,1.0,1.0,101.0,73.0,100.0,72.0,7200.0,1.3888888888888888
pitted_surface_116.xml,pitted_surface_116.jpg,pitted_surface,4.0,1.0,183.0,200.0,179.0,199.0,35621.0,0.8994974874371859
pitted_surface_116.xml,pitted_surface_116.jpg,pitted_surface,170.0,54.0,200.0,199.0,30.0,145.0,4350.0,0.20689655172413793
pitted_surface_117.xml,pitted_surface_117.jpg,pitted_surface,88.0,9.0,200.0,198.0,112.0,189.0,21168.0,0.5925925925925926
pitted_surface_117.xml,pitted_surface_117.jpg,pitted_surface,20.0,139.0,107.0,199.0,87.0,60.0,5220.0,1.45
pitted_surface_117.xml,pitted_surface_117.jpg,pitted_surface,14.0,18.0,90.0,197.0,76.0,179.0,13604.0,0.4245810055865922
pitted_surface_118.xml,pitted_surface_118.jpg,pitted_surface,23.0,1.0,184.0,195.0,161.0,194.0,31234.0,0.8298969072164949
pitted_surface_118.xml,pitted_surface_118.jpg,pitted_surface,1.0,168.0,27.0,200.0,26.0,32.0,832.0,0.8125
pitted_surface_119.xml,pitted_surface_119.jpg,pitted_surface,6.0,1.0,129.0,194.0,123.0,193.0,23739.0,0.6373056994818653
pitted_surface_119.xml,pitted_surface_119.jpg,pitted_surface,160.0,2.0,196.0,164.0,36.0,162.0,5832.0,0.2222222222222222
pitted_surface_12.xml,pitted_surface_12.jpg,pitted_surface,2.0,1.0,195.0,195.0,193.0,194.0,37442.0,0.9948453608247423
pitted_surface_120.xml,pitted_surface_120.jpg,pitted_surface,1.0,1.0,72.0,198.0,71.0,197.0,13987.0,0.3604060913705584
pitted_surface_120.xml,pitted_surface_120.jpg,pitted_surface,79.0,1.0,160.0,197.0,81.0,196.0,15876.0,0.413265306122449
pitted_surface_121.xml,pitted_surface_121.jpg,pitted_surface,16.0,4.0,95.0,195.0,79.0,191.0,15089.0,0.41361256544502617
pitted_surface_121.xml,pitted_surface_121.jpg,pitted_surface,121.0,1.0,200.0,197.0,79.0,196.0,15484.0,0.4030612244897959
pitted_surface_122.xml,pitted_surface_122.jpg,pitted_surface,19.0,1.0,169.0,174.0,150.0,173.0,25950.0,0.8670520231213873
pitted_surface_122.xml,pitted_surface_122.jpg,pitted_surface,177.0,23.0,200.0,117.0,23.0,94.0,2162.0,0.24468085106382978
pitted_surface_122.xml,pitted_surface_122.jpg,pitted_surface,173.0,154.0,200.0,199.0,27.0,45.0,1215.0,0.6
pitted_surface_123.xml,pitted_surface_123.jpg,pitted_surface,67.0,1.0,189.0,195.0,122.0,194.0,23668.0,0.6288659793814433
pitted_surface_124.xml,pitted_surface_124.jpg,pitted_surface,1.0,1.0,103.0,135.0,102.0,134.0,13668.0,0.7611940298507462
pitted_surface_124.xml,pitted_surface_124.jpg,pitted_surface,117.0,1.0,195.0,54.0,78.0,53.0,4134.0,1.471698113207547
pitted_surface_126.xml,pitted_surface_126.jpg,pitted_surface,1.0,2.0,193.0,185.0,192.0,183.0,35136.0,1.0491803278688525
pitted_surface_126.xml,pitted_surface_126.jpg,pitted_surface,1.0,121.0,42.0,195.0,41.0,74.0,3034.0,0.5540540540540541
pitted_surface_127.xml,pitted_surface_127.jpg,pitted_surface,4.0,2.0,81.0,191.0,77.0,189.0,14553.0,0.4074074074074074
pitted_surface_127.xml,pitted_surface_127.jpg,pitted_surface,90.0,2.0,194.0,192.0,104.0,190.0,19760.0,0.5473684210526316
pitted_surface_128.xml,pitted_surface_128.jpg,pitted_surface,73.0,2.0,185.0,181.0,112.0,179.0,20048.0,0.6256983240223464
pitted_surface_129.xml,pitted_surface_129.jpg,pitted_surface,1.0,1.0,78.0,200.0,77.0,199.0,15323.0,0.3869346733668342
pitted_surface_129.xml,pitted_surface_129.jpg,pitted_surface,144.0,98.0,200.0,200.0,56.0,102.0,5712.0,0.5490196078431373
pitted_surface_129.xml,pitted_surface_129.jpg,pitted_surface,82.0,1.0,184.0,187.0,102.0,186.0,18972.0,0.5483870967741935
pitted_surface_13.xml,pitted_surface_13.jpg,pitted_surface,1.0,2.0,70.0,198.0,69.0,196.0,13524.0,0.3520408163265306
pitted_surface_13.xml,pitted_surface_13.jpg,pitted_surface,153.0,3.0,200.0,177.0,47.0,174.0,8178.0,0.27011494252873564
pitted_surface_130.xml,pitted_surface_130.jpg,pitted_surface,24.0,38.0,147.0,195.0,123.0,157.0,19311.0,0.7834394904458599
pitted_surface_130.xml,pitted_surface_130.jpg,pitted_surface,171.0,1.0,199.0,198.0,28.0,197.0,5516.0,0.14213197969543148
pitted_surface_131.xml,pitted_surface_131.jpg,pitted_surface,62.0,21.0,177.0,188.0,115.0,167.0,19205.0,0.688622754491018
pitted_surface_132.xml,pitted_surface_132.jpg,pitted_surface,58.0,1.0,175.0,190.0,117.0,189.0,22113.0,0.6190476190476191
pitted_surface_133.xml,pitted_surface_133.jpg,pitted_surface,31.0,1.0,165.0,151.0,134.0,150.0,20100.0,0.8933333333333333
pitted_surface_134.xml,pitted_surface_134.jpg,pitted_surface,1.0,1.0,166.0,118.0,165.0,117.0,19305.0,1.4102564102564104
pitted_surface_135.xml,pitted_surface_135.jpg,pitted_surface,1.0,2.0,86.0,193.0,85.0,191.0,16235.0,0.44502617801047123
pitted_surface_135.xml,pitted_surface_135.jpg,pitted_surface,112.0,1.0,199.0,198.0,87.0,197.0,17139.0,0.4416243654822335
pitted_surface_136.xml,pitted_surface_136.jpg,pitted_surface,1.0,1.0,200.0,198.0,199.0,197.0,39203.0,1.0101522842639594
pitted_surface_137.xml,pitted_surface_137.jpg,pitted_surface,2.0,3.0,99.0,195.0,97.0,192.0,18624.0,0.5052083333333334
pitted_surface_137.xml,pitted_surface_137.jpg,pitted_surface,152.0,3.0,198.0,196.0,46.0,193.0,8878.0,0.23834196891191708
pitted_surface_138.xml,pitted_surface_138.jpg,pitted_surface,10.0,1.0,200.0,198.0,190.0,197.0,37430.0,0.9644670050761421
pitted_surface_139.xml,pitted_surface_139.jpg,pitted_surface,1.0,3.0,195.0,195.0,194.0,192.0,37248.0,1.0104166666666667
pitted_surface_14.xml,pitted_surface_14.jpg,pitted_surface,2.0,2.0,195.0,197.0,193.0,195.0,37635.0,0.9897435897435898
pitted_surface_140.xml,pitted_surface_140.jpg,pitted_surface,106.0,1.0,200.0,197.0,94.0,196.0,18424.0,0.47959183673469385
pitted_surface_140.xml,pitted_surface_140.jpg,pitted_surface,2.0,1.0,73.0,193.0,71.0,192.0,13632.0,0.3697916666666667
pitted_surface_141.xml,pitted_surface_141.jpg,pitted_surface,1.0,1.0,198.0,200.0,197.0,199.0,39203.0,0.9899497487437185
pitted_surface_142.xml,pitted_surface_142.jpg,pitted_surface,4.0,1.0,196.0,196.0,192.0,195.0,37440.0,0.9846153846153847
pitted_surface_143.xml,pitted_surface_143.jpg,pitted_surface,95.0,1.0,200.0,199.0,105.0,198.0,20790.0,0.5303030303030303
pitted_surface_144.xml,pitted_surface_144.jpg,pitted_surface,1.0,1.0,199.0,199.0,198.0,198.0,39204.0,1.0
pitted_surface_145.xml,pitted_surface_145.jpg,pitted_surface,1.0,1.0,199.0,197.0,198.0,196.0,38808.0,1.010204081632653
pitted_surface_146.xml,pitted_surface_146.jpg,pitted_surface,2.0,5.0,195.0,195.0,193.0,190.0,36670.0,1.0157894736842106
pitted_surface_147.xml,pitted_surface_147.jpg,pitted_surface,2.0,1.0,199.0,199.0,197.0,198.0,39006.0,0.9949494949494949
pitted_surface_148.xml,pitted_surface_148.jpg,pitted_surface,51.0,7.0,136.0,198.0,85.0,191.0,16235.0,0.44502617801047123
pitted_surface_148.xml,pitted_surface_148.jpg,pitted_surface,2.0,66.0,57.0,171.0,55.0,105.0,5775.0,0.5238095238095238
pitted_surface_148.xml,pitted_surface_148.jpg,pitted_surface,138.0,146.0,197.0,199.0,59.0,53.0,3127.0,1.1132075471698113
pitted_surface_148.xml,pitted_surface_148.jpg,pitted_surface,132.0,1.0,196.0,54.0,64.0,53.0,3392.0,1.2075471698113207
pitted_surface_149.xml,pitted_surface_149.jpg,pitted_surface,23.0,1.0,144.0,199.0,121.0,198.0,23958.0,0.6111111111111112
pitted_surface_149.xml,pitted_surface_149.jpg,pitted_surface,159.0,49.0,198.0,198.0,39.0,149.0,5811.0,0.26174496644295303
pitted_surface_15.xml,pitted_surface_15.jpg,pitted_surface,1.0,1.0,198.0,199.0,197.0,198.0,39006.0,0.9949494949494949
pitted_surface_150.xml,pitted_surface_150.jpg,pitted_surface,42.0,124.0,123.0,191.0,81.0,67.0,5427.0,1.208955223880597
pitted_surface_150.xml,pitted_surface_150.jpg,pitted_surface,44.0,20.0,127.0,130.0,83.0,110.0,9130.0,0.7545454545454545
pitted_surface_150.xml,pitted_surface_150.jpg,pitted_surface,122.0,40.0,198.0,198.0,76.0,158.0,12008.0,0.4810126582278481
pitted_surface_150.xml,pitted_surface_150.jpg,pitted_surface,1.0,1.0,35.0,152.0,34.0,151.0,5134.0,0.2251655629139073
pitted_surface_151.xml,pitted_surface_151.jpg,pitted_surface,1.0,2.0,88.0,197.0,87.0,195.0,16965.0,0.4461538461538462
pitted_surface_151.xml,pitted_surface_151.jpg,pitted_surface,76.0,8.0,194.0,196.0,118.0,188.0,22184.0,0.6276595744680851
pitted_surface_152.xml,pitted_surface_152.jpg,pitted_surface,4.0,2.0,192.0,196.0,188.0,194.0,36472.0,0.9690721649484536
pitted_surface_153.xml,pitted_surface_153.jpg,pitted_surface,16.0,1.0,134.0,158.0,118.0,157.0,18526.0,0.7515923566878981
pitted_surface_154.xml,pitted_surface_154.jpg,pitted_surface,3.0,1.0,83.0,195.0,80.0,194.0,15520.0,0.41237113402061853
pitted_surface_154.xml,pitted_surface_154.jpg,pitted_surface,134.0,3.0,200.0,178.0,66.0,175.0,11550.0,0.37714285714285717
pitted_surface_155.xml,pitted_surface_155.jpg,pitted_surface,36.0,91.0,189.0,196.0,153.0,105.0,16065.0,1.457142857142857
pitted_surface_155.xml,pitted_surface_155.jpg,pitted_surface,10.0,7.0,196.0,134.0,186.0,127.0,23622.0,1.4645669291338583
pitted_surface_155.xml,pitted_surface_155.jpg,patches,1.0,1.0,28.0,61.0,27.0,60.0,1620.0,0.45
pitted_surface_155.xml,pitted_surface_155.jpg,patches,78.0,1.0,108.0,20.0,30.0,19.0,570.0,1.5789473684210527
pitted_surface_156.xml,pitted_surface_156.jpg,pitted_surface,28.0,2.0,144.0,196.0,116.0,194.0,22504.0,0.5979381443298969
pitted_surface_156.xml,pitted_surface_156.jpg,patches,1.0,78.0,36.0,113.0,35.0,35.0,1225.0,1.0
pitted_surface_157.xml,pitted_surface_157.jpg,pitted_surface,11.0,2.0,196.0,195.0,185.0,193.0,35705.0,0.9585492227979274
pitted_surface_158.xml,pitted_surface_158.jpg,pitted_surface,12.0,8.0,198.0,198.0,186.0,190.0,35340.0,0.9789473684210527
pitted_surface_159.xml,pitted_surface_159.jpg,pitted_surface,14.0,9.0,188.0,198.0,174.0,189.0,32886.0,0.9206349206349206
pitted_surface_159.xml,pitted_surface_159.jpg,patches,174.0,1.0,200.0,48.0,26.0,47.0,1222.0,0.5531914893617021
pitted_surface_16.xml,pitted_surface_16.jpg,pitted_surface,1.0,1.0,199.0,198.0,198.0,197.0,39006.0,1.0050761421319796
pitted_surface_160.xml,pitted_surface_160.jpg,pitted_surface,2.0,10.0,196.0,198.0,194.0,188.0,36472.0,1.0319148936170213
pitted_surface_160.xml,pitted_surface_160.jpg,patches,153.0,1.0,198.0,68.0,45.0,67.0,3015.0,0.6716417910447762
pitted_surface_161.xml,pitted_surface_161.jpg,pitted_surface,1.0,11.0,164.0,198.0,163.0,187.0,30481.0,0.8716577540106952
pitted_surface_161.xml,pitted_surface_161.jpg,patches,92.0,1.0,197.0,197.0,105.0,196.0,20580.0,0.5357142857142857
pitted_surface_162.xml,pitted_surface_162.jpg,pitted_surface,4.0,9.0,195.0,191.0,191.0,182.0,34762.0,1.0494505494505495
pitted_surface_162.xml,pitted_surface_162.jpg,patches,159.0,1.0,200.0,48.0,41.0,47.0,1927.0,0.8723404255319149
pitted_surface_163.xml,pitted_surface_163.jpg,pitted_surface,78.0,1.0,200.0,200.0,122.0,199.0,24278.0,0.6130653266331658
pitted_surface_163.xml,pitted_surface_163.jpg,pitted_surface,12.0,4.0,74.0,199.0,62.0,195.0,12090.0,0.31794871794871793
pitted_surface_164.xml,pitted_surface_164.jpg,pitted_surface,1.0,1.0,196.0,200.0,195.0,199.0,38805.0,0.9798994974874372
pitted_surface_165.xml,pitted_surface_165.jpg,pitted_surface,1.0,1.0,159.0,198.0,158.0,197.0,31126.0,0.8020304568527918
pitted_surface_165.xml,pitted_surface_165.jpg,patches,155.0,21.0,195.0,187.0,40.0,166.0,6640.0,0.24096385542168675
pitted_surface_166.xml,pitted_surface_166.jpg,pitted_surface,1.0,1.0,93.0,198.0,92.0,197.0,18124.0,0.467005076142132
pitted_surface_166.xml,pitted_surface_166.jpg,pitted_surface,114.0,36.0,199.0,161.0,85.0,125.0,10625.0,0.68
pitted_surface_166.xml,pitted_surface_166.jpg,patches,96.0,1.0,123.0,127.0,27.0,126.0,3402.0,0.21428571428571427
pitted_surface_167.xml,pitted_surface_167.jpg,pitted_surface,1.0,2.0,188.0,192.0,187.0,190.0,35530.0,0.9842105263157894
pitted_surface_168.xml,pitted_surface_168.jpg,pitted_surface,103.0,1.0,199.0,194.0,96.0,193.0,18528.0,0.49740932642487046
pitted_surface_168.xml,pitted_surface_168.jpg,pitted_surface,27.0,1.0,101.0,115.0,74.0,114.0,8436.0,0.6491228070175439
pitted_surface_169.xml,pitted_surface_169.jpg,pitted_surface,1.0,1.0,200.0,198.0,199.0,197.0,39203.0,1.0101522842639594
pitted_surface_17.xml,pitted_surface_17.jpg,pitted_surface,1.0,1.0,199.0,199.0,198.0,198.0,39204.0,1.0
pitted_surface_170.xml,pitted_surface_170.jpg,pitted_surface,1.0,1.0,108.0,182.0,107.0,181.0,19367.0,0.5911602209944752
pitted_surface_170.xml,pitted_surface_170.jpg,pitted_surface,105.0,1.0,200.0,161.0,95.0,160.0,15200.0,0.59375
pitted_surface_170.xml,pitted_surface_170.jpg,patches,99.0,74.0,146.0,143.0,47.0,69.0,3243.0,0.6811594202898551
pitted_surface_170.xml,pitted_surface_170.jpg,patches,142.0,162.0,172.0,199.0,30.0,37.0,1110.0,0.8108108108108109
pitted_surface_171.xml,pitted_surface_171.jpg,pitted_surface,20.0,1.0,200.0,128.0,180.0,127.0,22860.0,1.4173228346456692
pitted_surface_171.xml,pitted_surface_171.jpg,patches,26.0,136.0,70.0,198.0,44.0,62.0,2728.0,0.7096774193548387
pitted_surface_171.xml,pitted_surface_171.jpg,patches,2.0,50.0,41.0,116.0,39.0,66.0,2574.0,0.5909090909090909
pitted_surface_171.xml,pitted_surface_171.jpg,pitted_surface,77.0,70.0,199.0,189.0,122.0,119.0,14518.0,1.0252100840336134
pitted_surface_172.xml,pitted_surface_172.jpg,pitted_surface,74.0,1.0,199.0,174.0,125.0,173.0,21625.0,0.7225433526011561
pitted_surface_172.xml,pitted_surface_172.jpg,patches,20.0,166.0,72.0,200.0,52.0,34.0,1768.0,1.5294117647058822
pitted_surface_172.xml,pitted_surface_172.jpg,patches,155.0,157.0,200.0,200.0,45.0,43.0,1935.0,1.0465116279069768
pitted_surface_173.xml,pitted_surface_173.jpg,pitted_surface,4.0,1.0,200.0,182.0,196.0,181.0,35476.0,1.0828729281767955
pitted_surface_173.xml,pitted_surface_173.jpg,patches,98.0,176.0,147.0,199.0,49.0,23.0,1127.0,2.130434782608696
pitted_surface_173.xml,pitted_surface_173.jpg,patches,152.0,155.0,196.0,200.0,44.0,45.0,1980.0,0.9777777777777777
pitted_surface_174.xml,pitted_surface_174.jpg,pitted_surface,1.0,1.0,184.0,153.0,183.0,152.0,27816.0,1.2039473684210527
pitted_surface_174.xml,pitted_surface_174.jpg,patches,174.0,46.0,200.0,115.0,26.0,69.0,1794.0,0.37681159420289856
pitted_surface_174.xml,pitted_surface_174.jpg,patches,37.0,173.0,95.0,200.0,58.0,27.0,1566.0,2.1481481481481484
pitted_surface_174.xml,pitted_surface_174.jpg,patches,102.0,149.0,153.0,200.0,51.0,51.0,2601.0,1.0
pitted_surface_176.xml,pitted_surface_176.jpg,pitted_surface,88.0,64.0,199.0,194.0,111.0,130.0,14430.0,0.8538461538461538
pitted_surface_176.xml,pitted_surface_176.jpg,pitted_surface,19.0,24.0,127.0,183.0,108.0,159.0,17172.0,0.6792452830188679
pitted_surface_176.xml,pitted_surface_176.jpg,pitted_surface,119.0,1.0,199.0,42.0,80.0,41.0,3280.0,1.951219512195122
pitted_surface_177.xml,pitted_surface_177.jpg,pitted_surface,1.0,13.0,198.0,190.0,197.0,177.0,34869.0,1.112994350282486
pitted_surface_178.xml,pitted_surface_178.jpg,pitted_surface,1.0,19.0,56.0,197.0,55.0,178.0,9790.0,0.3089887640449438
pitted_surface_178.xml,pitted_surface_178.jpg,pitted_surface,66.0,29.0,157.0,180.0,91.0,151.0,13741.0,0.6026490066225165
pitted_surface_179.xml,pitted_surface_179.jpg,pitted_surface,5.0,7.0,197.0,199.0,192.0,192.0,36864.0,1.0
pitted_surface_180.xml,pitted_surface_180.jpg,pitted_surface,1.0,1.0,199.0,199.0,198.0,198.0,39204.0,1.0
pitted_surface_181.xml,pitted_surface_181.jpg,pitted_surface,15.0,1.0,197.0,196.0,182.0,195.0,35490.0,0.9333333333333333
pitted_surface_182.xml,pitted_surface_182.jpg,pitted_surface,55.0,86.0,199.0,200.0,144.0,114.0,16416.0,1.263157894736842
pitted_surface_182.xml,pitted_surface_182.jpg,pitted_surface,23.0,1.0,180.0,95.0,157.0,94.0,14758.0,1.6702127659574468
pitted_surface_183.xml,pitted_surface_183.jpg,pitted_surface,3.0,2.0,145.0,191.0,142.0,189.0,26838.0,0.7513227513227513
pitted_surface_184.xml,pitted_surface_184.jpg,pitted_surface,1.0,1.0,196.0,195.0,195.0,194.0,37830.0,1.0051546391752577
pitted_surface_185.xml,pitted_surface_185.jpg,pitted_surface,5.0,1.0,200.0,197.0,195.0,196.0,38220.0,0.9948979591836735
pitted_surface_186.xml,pitted_surface_186.jpg,pitted_surface,1.0,7.0,126.0,199.0,125.0,192.0,24000.0,0.6510416666666666
pitted_surface_187.xml,pitted_surface_187.jpg,pitted_surface,72.0,4.0,177.0,196.0,105.0,192.0,20160.0,0.546875
pitted_surface_188.xml,pitted_surface_188.jpg,pitted_surface,57.0,1.0,199.0,199.0,142.0,198.0,28116.0,0.7171717171717171
pitted_surface_189.xml,pitted_surface_189.jpg,pitted_surface,3.0,6.0,155.0,195.0,152.0,189.0,28728.0,0.8042328042328042
pitted_surface_19.xml,pitted_surface_19.jpg,pitted_surface,9.0,1.0,61.0,197.0,52.0,196.0,10192.0,0.2653061224489796
pitted_surface_19.xml,pitted_surface_19.jpg,pitted_surface,77.0,1.0,199.0,200.0,122.0,199.0,24278.0,0.6130653266331658
pitted_surface_190.xml,pitted_surface_190.jpg,pitted_surface,6.0,2.0,150.0,74.0,144.0,72.0,10368.0,2.0
pitted_surface_190.xml,pitted_surface_190.jpg,pitted_surface,82.0,2.0,197.0,183.0,115.0,181.0,20815.0,0.6353591160220995
pitted_surface_191.xml,pitted_surface_191.jpg,pitted_surface,1.0,1.0,199.0,103.0,198.0,102.0,20196.0,1.9411764705882353
pitted_surface_192.xml,pitted_surface_192.jpg,pitted_surface,8.0,13.0,195.0,197.0,187.0,184.0,34408.0,1.016304347826087
pitted_surface_193.xml,pitted_surface_193.jpg,pitted_surface,3.0,4.0,197.0,197.0,194.0,193.0,37442.0,1.005181347150259
pitted_surface_194.xml,pitted_surface_194.jpg,pitted_surface,45.0,12.0,162.0,195.0,117.0,183.0,21411.0,0.639344262295082
pitted_surface_195.xml,pitted_surface_195.jpg,pitted_surface,14.0,57.0,77.0,193.0,63.0,136.0,8568.0,0.4632352941176471
pitted_surface_195.xml,pitted_surface_195.jpg,pitted_surface,101.0,60.0,147.0,199.0,46.0,139.0,6394.0,0.33093525179856115
pitted_surface_196.xml,pitted_surface_196.jpg,pitted_surface,30.0,1.0,199.0,116.0,169.0,115.0,19435.0,1.4695652173913043
pitted_surface_197.xml,pitted_surface_197.jpg,pitted_surface,114.0,113.0,199.0,200.0,85.0,87.0,7395.0,0.9770114942528736
pitted_surface_197.xml,pitted_surface_197.jpg,pitted_surface,48.0,3.0,103.0,198.0,55.0,195.0,10725.0,0.28205128205128205
pitted_surface_197.xml,pitted_surface_197.jpg,inclusion,176.0,92.0,200.0,116.0,24.0,24.0,576.0,1.0
pitted_surface_198.xml,pitted_surface_198.jpg,pitted_surface,18.0,25.0,144.0,162.0,126.0,137.0,17262.0,0.9197080291970803
pitted_surface_199.xml,pitted_surface_199.jpg,pitted_surface,30.0,5.0,159.0,192.0,129.0,187.0,24123.0,0.6898395721925134
pitted_surface_2.xml,pitted_surface_2.jpg,pitted_surface,24.0,1.0,83.0,175.0,59.0,174.0,10266.0,0.3390804597701149
pitted_surface_2.xml,pitted_surface_2.jpg,pitted_surface,86.0,1.0,200.0,199.0,114.0,198.0,22572.0,0.5757575757575758
pitted_surface_20.xml,pitted_surface_20.jpg,pitted_surface,8.0,1.0,91.0,179.0,83.0,178.0,14774.0,0.46629213483146065
pitted_surface_20.xml,pitted_surface_20.jpg,pitted_surface,97.0,1.0,199.0,200.0,102.0,199.0,20298.0,0.5125628140703518
pitted_surface_200.xml,pitted_surface_200.jpg,pitted_surface,16.0,85.0,144.0,194.0,128.0,109.0,13952.0,1.1743119266055047
pitted_surface_200.xml,pitted_surface_200.jpg,pitted_surface,50.0,3.0,177.0,102.0,127.0,99.0,12573.0,1.2828282828282829
pitted_surface_201.xml,pitted_surface_201.jpg,pitted_surface,87.0,3.0,200.0,197.0,113.0,194.0,21922.0,0.5824742268041238
pitted_surface_202.xml,pitted_surface_202.jpg,pitted_surface,9.0,4.0,200.0,197.0,191.0,193.0,36863.0,0.9896373056994818
pitted_surface_203.xml,pitted_surface_203.jpg,pitted_surface,4.0,8.0,195.0,190.0,191.0,182.0,34762.0,1.0494505494505495
pitted_surface_204.xml,pitted_surface_204.jpg,pitted_surface,1.0,1.0,195.0,192.0,194.0,191.0,37054.0,1.0157068062827226
pitted_surface_205.xml,pitted_surface_205.jpg,pitted_surface,1.0,1.0,179.0,198.0,178.0,197.0,35066.0,0.9035532994923858
pitted_surface_205.xml,pitted_surface_205.jpg,patches,179.0,129.0,200.0,193.0,21.0,64.0,1344.0,0.328125
pitted_surface_206.xml,pitted_surface_206.jpg,pitted_surface,45.0,1.0,199.0,199.0,154.0,198.0,30492.0,0.7777777777777778
pitted_surface_207.xml,pitted_surface_207.jpg,pitted_surface,1.0,12.0,155.0,200.0,154.0,188.0,28952.0,0.8191489361702128
pitted_surface_207.xml,pitted_surface_207.jpg,patches,161.0,8.0,199.0,87.0,38.0,79.0,3002.0,0.4810126582278481
pitted_surface_207.xml,pitted_surface_207.jpg,patches,134.0,136.0,200.0,200.0,66.0,64.0,4224.0,1.03125
pitted_surface_208.xml,pitted_surface_208.jpg,pitted_surface,1.0,1.0,163.0,150.0,162.0,149.0,24138.0,1.087248322147651
pitted_surface_208.xml,pitted_surface_208.jpg,patches,75.0,138.0,147.0,200.0,72.0,62.0,4464.0,1.1612903225806452
pitted_surface_208.xml,pitted_surface_208.jpg,patches,149.0,75.0,200.0,199.0,51.0,124.0,6324.0,0.4112903225806452
pitted_surface_209.xml,pitted_surface_209.jpg,pitted_surface,45.0,30.0,196.0,196.0,151.0,166.0,25066.0,0.9096385542168675
pitted_surface_209.xml,pitted_surface_209.jpg,patches,173.0,4.0,200.0,38.0,27.0,34.0,918.0,0.7941176470588235
pitted_surface_21.xml,pitted_surface_21.jpg,pitted_surface,2.0,2.0,198.0,197.0,196.0,195.0,38220.0,1.005128205128205
pitted_surface_210.xml,pitted_surface_210.jpg,pitted_surface,3.0,18.0,168.0,164.0,165.0,146.0,24090.0,1.13013698630137
pitted_surface_210.xml,pitted_surface_210.jpg,patches,107.0,1.0,157.0,17.0,50.0,16.0,800.0,3.125
pitted_surface_210.xml,pitted_surface_210.jpg,patches,179.0,1.0,200.0,42.0,21.0,41.0,861.0,0.5121951219512195
pitted_surface_210.xml,pitted_surface_210.jpg,patches,170.0,102.0,200.0,164.0,30.0,62.0,1860.0,0.4838709677419355
pitted_surface_210.xml,pitted_surface_210.jpg,patches,114.0,143.0,176.0,200.0,62.0,57.0,3534.0,1.087719298245614
pitted_surface_211.xml,pitted_surface_211.jpg,pitted_surface,75.0,1.0,199.0,171.0,124.0,170.0,21080.0,0.7294117647058823
pitted_surface_212.xml,pitted_surface_212.jpg,pitted_surface,4.0,1.0,191.0,195.0,187.0,194.0,36278.0,0.9639175257731959
pitted_surface_213.xml,pitted_surface_213.jpg,pitted_surface,19.0,1.0,185.0,179.0,166.0,178.0,29548.0,0.9325842696629213
pitted_surface_213.xml,pitted_surface_213.jpg,pitted_surface,1.0,19.0,81.0,199.0,80.0,180.0,14400.0,0.4444444444444444
pitted_surface_214.xml,pitted_surface_214.jpg,pitted_surface,2.0,1.0,163.0,200.0,161.0,199.0,32039.0,0.8090452261306532
pitted_surface_214.xml,pitted_surface_214.jpg,patches,145.0,89.0,200.0,199.0,55.0,110.0,6050.0,0.5
pitted_surface_214.xml,pitted_surface_214.jpg,patches,173.0,40.0,197.0,111.0,24.0,71.0,1704.0,0.3380281690140845
pitted_surface_215.xml,pitted_surface_215.jpg,pitted_surface,2.0,7.0,198.0,199.0,196.0,192.0,37632.0,1.0208333333333333
pitted_surface_216.xml,pitted_surface_216.jpg,pitted_surface,30.0,74.0,200.0,200.0,170.0,126.0,21420.0,1.3492063492063493
pitted_surface_217.xml,pitted_surface_217.jpg,pitted_surface,16.0,22.0,138.0,191.0,122.0,169.0,20618.0,0.7218934911242604
pitted_surface_217.xml,pitted_surface_217.jpg,pitted_surface,155.0,66.0,198.0,200.0,43.0,134.0,5762.0,0.3208955223880597
pitted_surface_218.xml,pitted_surface_218.jpg,pitted_surface,1.0,10.0,197.0,200.0,196.0,190.0,37240.0,1.0315789473684212
pitted_surface_219.xml,pitted_surface_219.jpg,pitted_surface,1.0,16.0,154.0,198.0,153.0,182.0,27846.0,0.8406593406593407
pitted_surface_22.xml,pitted_surface_22.jpg,pitted_surface,1.0,1.0,198.0,198.0,197.0,197.0,38809.0,1.0
pitted_surface_220.xml,pitted_surface_220.jpg,pitted_surface,55.0,1.0,144.0,200.0,89.0,199.0,17711.0,0.4472361809045226
pitted_surface_220.xml,pitted_surface_220.jpg,pitted_surface,135.0,1.0,198.0,198.0,63.0,197.0,12411.0,0.3197969543147208
pitted_surface_221.xml,pitted_surface_221.jpg,pitted_surface,24.0,2.0,194.0,192.0,170.0,190.0,32300.0,0.8947368421052632
pitted_surface_222.xml,pitted_surface_222.jpg,pitted_surface,5.0,3.0,172.0,200.0,167.0,197.0,32899.0,0.8477157360406091
pitted_surface_223.xml,pitted_surface_223.jpg,pitted_surface,20.0,1.0,185.0,200.0,165.0,199.0,32835.0,0.8291457286432161
pitted_surface_223.xml,pitted_surface_223.jpg,patches,1.0,137.0,37.0,198.0,36.0,61.0,2196.0,0.5901639344262295
pitted_surface_223.xml,pitted_surface_223.jpg,patches,131.0,172.0,169.0,200.0,38.0,28.0,1064.0,1.3571428571428572
pitted_surface_224.xml,pitted_surface_224.jpg,pitted_surface,1.0,3.0,177.0,200.0,176.0,197.0,34672.0,0.8934010152284264
pitted_surface_225.xml,pitted_surface_225.jpg,pitted_surface,51.0,4.0,196.0,198.0,145.0,194.0,28130.0,0.7474226804123711
pitted_surface_226.xml,pitted_surface_226.jpg,pitted_surface,2.0,91.0,81.0,197.0,79.0,106.0,8374.0,0.7452830188679245
pitted_surface_226.xml,pitted_surface_226.jpg,pitted_surface,112.0,7.0,189.0,192.0,77.0,185.0,14245.0,0.41621621621621624
pitted_surface_226.xml,pitted_surface_226.jpg,patches,4.0,1.0,43.0,56.0,39.0,55.0,2145.0,0.7090909090909091
pitted_surface_226.xml,pitted_surface_226.jpg,pitted_surface,51.0,14.0,136.0,178.0,85.0,164.0,13940.0,0.5182926829268293
pitted_surface_227.xml,pitted_surface_227.jpg,pitted_surface,34.0,48.0,199.0,198.0,165.0,150.0,24750.0,1.1
pitted_surface_228.xml,pitted_surface_228.jpg,pitted_surface,11.0,16.0,150.0,199.0,139.0,183.0,25437.0,0.7595628415300546
pitted_surface_228.xml,pitted_surface_228.jpg,pitted_surface,138.0,20.0,199.0,199.0,61.0,179.0,10919.0,0.3407821229050279
pitted_surface_229.xml,pitted_surface_229.jpg,pitted_surface,1.0,4.0,117.0,189.0,116.0,185.0,21460.0,0.6270270270270271
pitted_surface_229.xml,pitted_surface_229.jpg,pitted_surface,63.0,20.0,199.0,199.0,136.0,179.0,24344.0,0.7597765363128491
pitted_surface_23.xml,pitted_surface_23.jpg,pitted_surface,1.0,1.0,200.0,198.0,199.0,197.0,39203.0,1.0101522842639594
pitted_surface_230.xml,pitted_surface_230.jpg,pitted_surface,93.0,5.0,194.0,191.0,101.0,186.0,18786.0,0.543010752688172
pitted_surface_230.xml,pitted_surface_230.jpg,pitted_surface,5.0,50.0,156.0,192.0,151.0,142.0,21442.0,1.0633802816901408
pitted_surface_231.xml,pitted_surface_231.jpg,pitted_surface,50.0,5.0,184.0,171.0,134.0,166.0,22244.0,0.8072289156626506
pitted_surface_231.xml,pitted_surface_231.jpg,pitted_surface,1.0,1.0,50.0,200.0,49.0,199.0,9751.0,0.24623115577889448
pitted_surface_232.xml,pitted_surface_232.jpg,pitted_surface,118.0,8.0,193.0,200.0,75.0,192.0,14400.0,0.390625
pitted_surface_233.xml,pitted_surface_233.jpg,pitted_surface,162.0,76.0,198.0,147.0,36.0,71.0,2556.0,0.5070422535211268
pitted_surface_233.xml,pitted_surface_233.jpg,pitted_surface,67.0,7.0,142.0,183.0,75.0,176.0,13200.0,0.42613636363636365
pitted_surface_234.xml,pitted_surface_234.jpg,pitted_surface,21.0,6.0,95.0,147.0,74.0,141.0,10434.0,0.524822695035461
pitted_surface_235.xml,pitted_surface_235.jpg,pitted_surface,14.0,4.0,111.0,190.0,97.0,186.0,18042.0,0.521505376344086
pitted_surface_235.xml,pitted_surface_235.jpg,pitted_surface,78.0,50.0,136.0,182.0,58.0,132.0,7656.0,0.4393939393939394
pitted_surface_236.xml,pitted_surface_236.jpg,pitted_surface,31.0,8.0,166.0,185.0,135.0,177.0,23895.0,0.7627118644067796
pitted_surface_236.xml,pitted_surface_236.jpg,pitted_surface,145.0,2.0,196.0,199.0,51.0,197.0,10047.0,0.25888324873096447
pitted_surface_236.xml,pitted_surface_236.jpg,patches,1.0,25.0,29.0,53.0,28.0,28.0,784.0,1.0
pitted_surface_236.xml,pitted_surface_236.jpg,patches,5.0,135.0,37.0,172.0,32.0,37.0,1184.0,0.8648648648648649
pitted_surface_237.xml,pitted_surface_237.jpg,pitted_surface,22.0,25.0,191.0,197.0,169.0,172.0,29068.0,0.9825581395348837
pitted_surface_237.xml,pitted_surface_237.jpg,patches,8.0,2.0,40.0,27.0,32.0,25.0,800.0,1.28
pitted_surface_238.xml,pitted_surface_238.jpg,pitted_surface,1.0,15.0,82.0,196.0,81.0,181.0,14661.0,0.44751381215469616
pitted_surface_238.xml,pitted_surface_238.jpg,pitted_surface,52.0,23.0,185.0,199.0,133.0,176.0,23408.0,0.7556818181818182
pitted_surface_239.xml,pitted_surface_239.jpg,pitted_surface,2.0,10.0,131.0,200.0,129.0,190.0,24510.0,0.6789473684210526
pitted_surface_239.xml,pitted_surface_239.jpg,pitted_surface,99.0,15.0,184.0,197.0,85.0,182.0,15470.0,0.46703296703296704
pitted_surface_24.xml,pitted_surface_24.jpg,pitted_surface,1.0,1.0,200.0,199.0,199.0,198.0,39402.0,1.005050505050505
pitted_surface_240.xml,pitted_surface_240.jpg,pitted_surface,11.0,1.0,194.0,183.0,183.0,182.0,33306.0,1.0054945054945055
pitted_surface_241.xml,pitted_surface_241.jpg,pitted_surface,6.0,17.0,166.0,200.0,160.0,183.0,29280.0,0.8743169398907104
pitted_surface_242.xml,pitted_surface_242.jpg,pitted_surface,1.0,18.0,89.0,188.0,88.0,170.0,14960.0,0.5176470588235295
pitted_surface_242.xml,pitted_surface_242.jpg,pitted_surface,61.0,1.0,200.0,177.0,139.0,176.0,24464.0,0.7897727272727273
pitted_surface_243.xml,pitted_surface_243.jpg,pitted_surface,6.0,1.0,195.0,196.0,189.0,195.0,36855.0,0.9692307692307692
pitted_surface_244.xml,pitted_surface_244.jpg,pitted_surface,17.0,33.0,168.0,192.0,151.0,159.0,24009.0,0.949685534591195
pitted_surface_245.xml,pitted_surface_245.jpg,pitted_surface,61.0,2.0,198.0,198.0,137.0,196.0,26852.0,0.6989795918367347
pitted_surface_245.xml,pitted_surface_245.jpg,pitted_surface,15.0,5.0,101.0,192.0,86.0,187.0,16082.0,0.45989304812834225
pitted_surface_245.xml,pitted_surface_245.jpg,patches,2.0,1.0,41.0,46.0,39.0,45.0,1755.0,0.8666666666666667
pitted_surface_246.xml,pitted_surface_246.jpg,pitted_surface,76.0,2.0,198.0,198.0,122.0,196.0,23912.0,0.6224489795918368
pitted_surface_246.xml,pitted_surface_246.jpg,pitted_surface,4.0,2.0,110.0,197.0,106.0,195.0,20670.0,0.5435897435897435
pitted_surface_247.xml,pitted_surface_247.jpg,pitted_surface,8.0,6.0,111.0,161.0,103.0,155.0,15965.0,0.6645161290322581
pitted_surface_247.xml,pitted_surface_247.jpg,patches,20.0,171.0,73.0,200.0,53.0,29.0,1537.0,1.8275862068965518
pitted_surface_248.xml,pitted_surface_248.jpg,pitted_surface,48.0,1.0,200.0,200.0,152.0,199.0,30248.0,0.7638190954773869
pitted_surface_248.xml,pitted_surface_248.jpg,pitted_surface,1.0,75.0,45.0,200.0,44.0,125.0,5500.0,0.352
pitted_surface_25.xml,pitted_surface_25.jpg,pitted_surface,1.0,1.0,199.0,198.0,198.0,197.0,39006.0,1.0050761421319796
pitted_surface_250.xml,pitted_surface_250.jpg,pitted_surface,4.0,9.0,197.0,199.0,193.0,190.0,36670.0,1.0157894736842106
pitted_surface_251.xml,pitted_surface_251.jpg,pitted_surface,1.0,1.0,162.0,198.0,161.0,197.0,31717.0,0.817258883248731
pitted_surface_252.xml,pitted_surface_252.jpg,pitted_surface,57.0,1.0,198.0,198.0,141.0,197.0,27777.0,0.7157360406091371
pitted_surface_253.xml,pitted_surface_253.jpg,pitted_surface,63.0,1.0,200.0,198.0,137.0,197.0,26989.0,0.6954314720812182
pitted_surface_253.xml,pitted_surface_253.jpg,pitted_surface,1.0,1.0,62.0,198.0,61.0,197.0,12017.0,0.3096446700507614
pitted_surface_254.xml,pitted_surface_254.jpg,pitted_surface,12.0,2.0,199.0,198.0,187.0,196.0,36652.0,0.9540816326530612
pitted_surface_255.xml,pitted_surface_255.jpg,pitted_surface,9.0,1.0,198.0,196.0,189.0,195.0,36855.0,0.9692307692307692
pitted_surface_256.xml,pitted_surface_256.jpg,pitted_surface,95.0,1.0,200.0,198.0,105.0,197.0,20685.0,0.5329949238578681
pitted_surface_256.xml,pitted_surface_256.jpg,pitted_surface,2.0,1.0,99.0,198.0,97.0,197.0,19109.0,0.49238578680203043
pitted_surface_257.xml,pitted_surface_257.jpg,pitted_surface,80.0,3.0,197.0,197.0,117.0,194.0,22698.0,0.6030927835051546
pitted_surface_258.xml,pitted_surface_258.jpg,pitted_surface,33.0,3.0,197.0,195.0,164.0,192.0,31488.0,0.8541666666666666
pitted_surface_258.xml,pitted_surface_258.jpg,patches,1.0,2.0,35.0,90.0,34.0,88.0,2992.0,0.38636363636363635
pitted_surface_259.xml,pitted_surface_259.jpg,pitted_surface,4.0,3.0,199.0,197.0,195.0,194.0,37830.0,1.0051546391752577
pitted_surface_26.xml,pitted_surface_26.jpg,pitted_surface,35.0,1.0,200.0,200.0,165.0,199.0,32835.0,0.8291457286432161
pitted_surface_260.xml,pitted_surface_260.jpg,pitted_surface,1.0,1.0,148.0,198.0,147.0,197.0,28959.0,0.7461928934010152
pitted_surface_261.xml,pitted_surface_261.jpg,pitted_surface,51.0,6.0,197.0,157.0,146.0,151.0,22046.0,0.9668874172185431
pitted_surface_261.xml,pitted_surface_261.jpg,patches,1.0,104.0,59.0,199.0,58.0,95.0,5510.0,0.6105263157894737
pitted_surface_261.xml,pitted_surface_261.jpg,patches,4.0,1.0,33.0,30.0,29.0,29.0,841.0,1.0
pitted_surface_262.xml,pitted_surface_262.jpg,pitted_surface,13.0,3.0,198.0,172.0,185.0,169.0,31265.0,1.0946745562130178
pitted_surface_263.xml,pitted_surface_263.jpg,pitted_surface,13.0,7.0,198.0,200.0,185.0,193.0,35705.0,0.9585492227979274
pitted_surface_264.xml,pitted_surface_264.jpg,pitted_surface,1.0,1.0,196.0,149.0,195.0,148.0,28860.0,1.3175675675675675
pitted_surface_265.xml,pitted_surface_265.jpg,pitted_surface,2.0,1.0,196.0,184.0,194.0,183.0,35502.0,1.0601092896174864
pitted_surface_266.xml,pitted_surface_266.jpg,pitted_surface,75.0,15.0,196.0,187.0,121.0,172.0,20812.0,0.7034883720930233
pitted_surface_266.xml,pitted_surface_266.jpg,pitted_surface,1.0,1.0,44.0,74.0,43.0,73.0,3139.0,0.589041095890411
pitted_surface_266.xml,pitted_surface_266.jpg,pitted_surface,1.0,69.0,48.0,177.0,47.0,108.0,5076.0,0.4351851851851852
pitted_surface_267.xml,pitted_surface_267.jpg,pitted_surface,49.0,3.0,200.0,173.0,151.0,170.0,25670.0,0.888235294117647
pitted_surface_267.xml,pitted_surface_267.jpg,pitted_surface,4.0,10.0,90.0,185.0,86.0,175.0,15050.0,0.49142857142857144
pitted_surface_268.xml,pitted_surface_268.jpg,pitted_surface,31.0,2.0,197.0,191.0,166.0,189.0,31374.0,0.8783068783068783
pitted_surface_268.xml,pitted_surface_268.jpg,pitted_surface,8.0,29.0,77.0,199.0,69.0,170.0,11730.0,0.40588235294117647
pitted_surface_269.xml,pitted_surface_269.jpg,pitted_surface,5.0,13.0,149.0,188.0,144.0,175.0,25200.0,0.8228571428571428
pitted_surface_269.xml,pitted_surface_269.jpg,pitted_surface,141.0,1.0,197.0,199.0,56.0,198.0,11088.0,0.2828282828282828
pitted_surface_27.xml,pitted_surface_27.jpg,pitted_surface,37.0,1.0,127.0,188.0,90.0,187.0,16830.0,0.48128342245989303
pitted_surface_27.xml,pitted_surface_27.jpg,pitted_surface,119.0,1.0,200.0,198.0,81.0,197.0,15957.0,0.41116751269035534
pitted_surface_270.xml,pitted_surface_270.jpg,pitted_surface,53.0,3.0,196.0,197.0,143.0,194.0,27742.0,0.7371134020618557
pitted_surface_271.xml,pitted_surface_271.jpg,pitted_surface,5.0,7.0,124.0,185.0,119.0,178.0,21182.0,0.6685393258426966
pitted_surface_271.xml,pitted_surface_271.jpg,pitted_surface,101.0,1.0,184.0,194.0,83.0,193.0,16019.0,0.43005181347150256
pitted_surface_272.xml,pitted_surface_272.jpg,pitted_surface,5.0,1.0,126.0,194.0,121.0,193.0,23353.0,0.6269430051813472
pitted_surface_272.xml,pitted_surface_272.jpg,pitted_surface,115.0,3.0,199.0,198.0,84.0,195.0,16380.0,0.4307692307692308
pitted_surface_272.xml,pitted_surface_272.jpg,patches,96.0,1.0,143.0,31.0,47.0,30.0,1410.0,1.5666666666666667
pitted_surface_273.xml,pitted_surface_273.jpg,pitted_surface,56.0,16.0,199.0,200.0,143.0,184.0,26312.0,0.7771739130434783
pitted_surface_274.xml,pitted_surface_274.jpg,pitted_surface,10.0,7.0,198.0,198.0,188.0,191.0,35908.0,0.9842931937172775
pitted_surface_275.xml,pitted_surface_275.jpg,pitted_surface,23.0,1.0,174.0,192.0,151.0,191.0,28841.0,0.7905759162303665
pitted_surface_276.xml,pitted_surface_276.jpg,pitted_surface,1.0,1.0,120.0,193.0,119.0,192.0,22848.0,0.6197916666666666
pitted_surface_276.xml,pitted_surface_276.jpg,patches,95.0,124.0,171.0,199.0,76.0,75.0,5700.0,1.0133333333333334
pitted_surface_276.xml,pitted_surface_276.jpg,patches,118.0,1.0,183.0,74.0,65.0,73.0,4745.0,0.8904109589041096
pitted_surface_277.xml,pitted_surface_277.jpg,pitted_surface,22.0,6.0,181.0,194.0,159.0,188.0,29892.0,0.8457446808510638
pitted_surface_277.xml,pitted_surface_277.jpg,patches,2.0,44.0,35.0,69.0,33.0,25.0,825.0,1.32
pitted_surface_278.xml,pitted_surface_278.jpg,pitted_surface,42.0,14.0,189.0,194.0,147.0,180.0,26460.0,0.8166666666666667
pitted_surface_279.xml,pitted_surface_279.jpg,pitted_surface,64.0,14.0,200.0,193.0,136.0,179.0,24344.0,0.7597765363128491
pitted_surface_279.xml,pitted_surface_279.jpg,inclusion,45.0,33.0,67.0,63.0,22.0,30.0,660.0,0.7333333333333333
pitted_surface_279.xml,pitted_surface_279.jpg,patches,1.0,112.0,27.0,158.0,26.0,46.0,1196.0,0.5652173913043478
pitted_surface_28.xml,pitted_surface_28.jpg,pitted_surface,1.0,1.0,199.0,199.0,198.0,198.0,39204.0,1.0
pitted_surface_28.xml,pitted_surface_28.jpg,pitted_surface,55.0,1.0,124.0,25.0,69.0,24.0,1656.0,2.875
pitted_surface_280.xml,pitted_surface_280.jpg,pitted_surface,8.0,8.0,93.0,183.0,85.0,175.0,14875.0,0.4857142857142857
pitted_surface_280.xml,pitted_surface_280.jpg,pitted_surface,75.0,17.0,138.0,155.0,63.0,138.0,8694.0,0.45652173913043476
pitted_surface_280.xml,pitted_surface_280.jpg,pitted_surface,136.0,30.0,200.0,198.0,64.0,168.0,10752.0,0.38095238095238093
pitted_surface_281.xml,pitted_surface_281.jpg,pitted_surface,52.0,5.0,200.0,192.0,148.0,187.0,27676.0,0.7914438502673797
pitted_surface_281.xml,pitted_surface_281.jpg,inclusion,10.0,12.0,38.0,198.0,28.0,186.0,5208.0,0.15053763440860216
pitted_surface_282.xml,pitted_surface_282.jpg,pitted_surface,9.0,11.0,103.0,167.0,94.0,156.0,14664.0,0.6025641025641025
pitted_surface_282.xml,pitted_surface_282.jpg,pitted_surface,71.0,18.0,192.0,189.0,121.0,171.0,20691.0,0.7076023391812866
pitted_surface_283.xml,pitted_surface_283.jpg,pitted_surface,2.0,9.0,185.0,198.0,183.0,189.0,34587.0,0.9682539682539683
pitted_surface_284.xml,pitted_surface_284.jpg,pitted_surface,49.0,1.0,198.0,195.0,149.0,194.0,28906.0,0.7680412371134021
pitted_surface_284.xml,pitted_surface_284.jpg,pitted_surface,2.0,23.0,57.0,198.0,55.0,175.0,9625.0,0.3142857142857143
pitted_surface_285.xml,pitted_surface_285.jpg,pitted_surface,19.0,21.0,150.0,191.0,131.0,170.0,22270.0,0.7705882352941177
pitted_surface_286.xml,pitted_surface_286.jpg,pitted_surface,26.0,2.0,198.0,192.0,172.0,190.0,32680.0,0.9052631578947369
pitted_surface_287.xml,pitted_surface_287.jpg,pitted_surface,12.0,1.0,199.0,191.0,187.0,190.0,35530.0,0.9842105263157894
pitted_surface_288.xml,pitted_surface_288.jpg,pitted_surface,22.0,1.0,199.0,141.0,177.0,140.0,24780.0,1.2642857142857142
pitted_surface_289.xml,pitted_surface_289.jpg,pitted_surface,40.0,18.0,198.0,200.0,158.0,182.0,28756.0,0.8681318681318682
pitted_surface_289.xml,pitted_surface_289.jpg,pitted_surface,2.0,31.0,85.0,199.0,83.0,168.0,13944.0,0.49404761904761907
pitted_surface_29.xml,pitted_surface_29.jpg,pitted_surface,1.0,1.0,197.0,198.0,196.0,197.0,38612.0,0.9949238578680203
pitted_surface_290.xml,pitted_surface_290.jpg,pitted_surface,1.0,16.0,180.0,200.0,179.0,184.0,32936.0,0.9728260869565217
pitted_surface_290.xml,pitted_surface_290.jpg,pitted_surface,133.0,1.0,198.0,126.0,65.0,125.0,8125.0,0.52
pitted_surface_290.xml,pitted_surface_290.jpg,pitted_surface,11.0,1.0,129.0,44.0,118.0,43.0,5074.0,2.744186046511628
pitted_surface_291.xml,pitted_surface_291.jpg,pitted_surface,1.0,1.0,179.0,195.0,178.0,194.0,34532.0,0.9175257731958762
pitted_surface_291.xml,pitted_surface_291.jpg,patches,170.0,1.0,198.0,66.0,28.0,65.0,1820.0,0.4307692307692308
pitted_surface_292.xml,pitted_surface_292.jpg,pitted_surface,46.0,1.0,200.0,138.0,154.0,137.0,21098.0,1.1240875912408759
pitted_surface_292.xml,pitted_surface_292.jpg,pitted_surface,73.0,107.0,197.0,191.0,124.0,84.0,10416.0,1.4761904761904763
pitted_surface_292.xml,pitted_surface_292.jpg,patches,26.0,136.0,71.0,198.0,45.0,62.0,2790.0,0.7258064516129032
pitted_surface_292.xml,pitted_surface_292.jpg,patches,1.0,43.0,52.0,126.0,51.0,83.0,4233.0,0.6144578313253012
pitted_surface_293.xml,pitted_surface_293.jpg,pitted_surface,17.0,1.0,199.0,192.0,182.0,191.0,34762.0,0.9528795811518325
pitted_surface_294.xml,pitted_surface_294.jpg,pitted_surface,66.0,66.0,197.0,192.0,131.0,126.0,16506.0,1.0396825396825398
pitted_surface_294.xml,pitted_surface_294.jpg,pitted_surface,1.0,90.0,64.0,199.0,63.0,109.0,6867.0,0.5779816513761468
pitted_surface_294.xml,pitted_surface_294.jpg,patches,51.0,38.0,78.0,74.0,27.0,36.0,972.0,0.75
pitted_surface_295.xml,pitted_surface_295.jpg,pitted_surface,52.0,6.0,200.0,156.0,148.0,150.0,22200.0,0.9866666666666667
pitted_surface_295.xml,pitted_surface_295.jpg,patches,9.0,67.0,55.0,131.0,46.0,64.0,2944.0,0.71875
pitted_surface_296.xml,pitted_surface_296.jpg,pitted_surface,3.0,3.0,112.0,198.0,109.0,195.0,21255.0,0.558974358974359
pitted_surface_296.xml,pitted_surface_296.jpg,pitted_surface,101.0,1.0,199.0,188.0,98.0,187.0,18326.0,0.5240641711229946
pitted_surface_296.xml,pitted_surface_296.jpg,patches,92.0,104.0,141.0,177.0,49.0,73.0,3577.0,0.6712328767123288
pitted_surface_297.xml,pitted_surface_297.jpg,pitted_surface,1.0,4.0,139.0,198.0,138.0,194.0,26772.0,0.711340206185567
pitted_surface_298.xml,pitted_surface_298.jpg,pitted_surface,46.0,1.0,163.0,182.0,117.0,181.0,21177.0,0.6464088397790055
pitted_surface_298.xml,pitted_surface_298.jpg,pitted_surface,166.0,12.0,197.0,142.0,31.0,130.0,4030.0,0.23846153846153847
pitted_surface_299.xml,pitted_surface_299.jpg,pitted_surface,35.0,14.0,112.0,176.0,77.0,162.0,12474.0,0.47530864197530864
pitted_surface_299.xml,pitted_surface_299.jpg,pitted_surface,116.0,21.0,199.0,200.0,83.0,179.0,14857.0,0.46368715083798884
pitted_surface_299.xml,pitted_surface_299.jpg,pitted_surface,2.0,12.0,38.0,178.0,36.0,166.0,5976.0,0.21686746987951808
pitted_surface_3.xml,pitted_surface_3.jpg,pitted_surface,1.0,1.0,51.0,184.0,50.0,183.0,9150.0,0.273224043715847
pitted_surface_3.xml,pitted_surface_3.jpg,pitted_surface,48.0,2.0,198.0,198.0,150.0,196.0,29400.0,0.7653061224489796
pitted_surface_30.xml,pitted_surface_30.jpg,pitted_surface,1.0,1.0,199.0,199.0,198.0,198.0,39204.0,1.0
pitted_surface_300.xml,pitted_surface_300.jpg,pitted_surface,135.0,7.0,198.0,200.0,63.0,193.0,12159.0,0.32642487046632124
pitted_surface_300.xml,pitted_surface_300.jpg,pitted_surface,1.0,1.0,153.0,198.0,152.0,197.0,29944.0,0.7715736040609137
pitted_surface_31.xml,pitted_surface_31.jpg,pitted_surface,1.0,1.0,200.0,199.0,199.0,198.0,39402.0,1.005050505050505
pitted_surface_32.xml,pitted_surface_32.jpg,pitted_surface,1.0,1.0,200.0,199.0,199.0,198.0,39402.0,1.005050505050505
pitted_surface_33.xml,pitted_surface_33.jpg,pitted_surface,9.0,1.0,199.0,199.0,190.0,198.0,37620.0,0.9595959595959596
pitted_surface_34.xml,pitted_surface_34.jpg,pitted_surface,3.0,1.0,85.0,197.0,82.0,196.0,16072.0,0.41836734693877553
pitted_surface_34.xml,pitted_surface_34.jpg,pitted_surface,93.0,1.0,200.0,197.0,107.0,196.0,20972.0,0.5459183673469388
pitted_surface_35.xml,pitted_surface_35.jpg,pitted_surface,89.0,1.0,200.0,186.0,111.0,185.0,20535.0,0.6
pitted_surface_35.xml,pitted_surface_35.jpg,pitted_surface,1.0,1.0,118.0,197.0,117.0,196.0,22932.0,0.5969387755102041
pitted_surface_36.xml,pitted_surface_36.jpg,pitted_surface,1.0,1.0,200.0,198.0,199.0,197.0,39203.0,1.0101522842639594
pitted_surface_37.xml,pitted_surface_37.jpg,pitted_surface,1.0,1.0,200.0,199.0,199.0,198.0,39402.0,1.005050505050505
pitted_surface_38.xml,pitted_surface_38.jpg,pitted_surface,1.0,1.0,200.0,199.0,199.0,198.0,39402.0,1.005050505050505
pitted_surface_39.xml,pitted_surface_39.jpg,pitted_surface,1.0,1.0,200.0,200.0,199.0,199.0,39601.0,1.0
pitted_surface_4.xml,pitted_surface_4.jpg,pitted_surface,19.0,2.0,150.0,199.0,131.0,197.0,25807.0,0.6649746192893401
pitted_surface_40.xml,pitted_surface_40.jpg,pitted_surface,3.0,1.0,200.0,198.0,197.0,197.0,38809.0,1.0
pitted_surface_41.xml,pitted_surface_41.jpg,pitted_surface,2.0,1.0,68.0,199.0,66.0,198.0,13068.0,0.3333333333333333
pitted_surface_41.xml,pitted_surface_41.jpg,pitted_surface,77.0,1.0,200.0,199.0,123.0,198.0,24354.0,0.6212121212121212
pitted_surface_42.xml,pitted_surface_42.jpg,pitted_surface,1.0,1.0,200.0,196.0,199.0,195.0,38805.0,1.0205128205128204
pitted_surface_43.xml,pitted_surface_43.jpg,pitted_surface,1.0,1.0,197.0,183.0,196.0,182.0,35672.0,1.0769230769230769
pitted_surface_44.xml,pitted_surface_44.jpg,pitted_surface,3.0,1.0,198.0,116.0,195.0,115.0,22425.0,1.6956521739130435
pitted_surface_45.xml,pitted_surface_45.jpg,pitted_surface,1.0,1.0,197.0,140.0,196.0,139.0,27244.0,1.410071942446043
pitted_surface_46.xml,pitted_surface_46.jpg,pitted_surface,1.0,1.0,51.0,199.0,50.0,198.0,9900.0,0.25252525252525254
pitted_surface_46.xml,pitted_surface_46.jpg,pitted_surface,69.0,1.0,200.0,196.0,131.0,195.0,25545.0,0.6717948717948717
pitted_surface_47.xml,pitted_surface_47.jpg,pitted_surface,118.0,1.0,199.0,200.0,81.0,199.0,16119.0,0.40703517587939697
pitted_surface_47.xml,pitted_surface_47.jpg,pitted_surface,5.0,1.0,88.0,199.0,83.0,198.0,16434.0,0.41919191919191917
pitted_surface_48.xml,pitted_surface_48.jpg,pitted_surface,2.0,1.0,196.0,197.0,194.0,196.0,38024.0,0.9897959183673469
pitted_surface_49.xml,pitted_surface_49.jpg,pitted_surface,1.0,1.0,197.0,198.0,196.0,197.0,38612.0,0.9949238578680203
pitted_surface_5.xml,pitted_surface_5.jpg,pitted_surface,1.0,1.0,193.0,196.0,192.0,195.0,37440.0,0.9846153846153847
pitted_surface_50.xml,pitted_surface_50.jpg,pitted_surface,9.0,1.0,111.0,200.0,102.0,199.0,20298.0,0.5125628140703518
pitted_surface_50.xml,pitted_surface_50.jpg,pitted_surface,117.0,1.0,200.0,200.0,83.0,199.0,16517.0,0.41708542713567837
pitted_surface_51.xml,pitted_surface_51.jpg,pitted_surface,1.0,1.0,197.0,200.0,196.0,199.0,39004.0,0.9849246231155779
pitted_surface_52.xml,pitted_surface_52.jpg,pitted_surface,1.0,1.0,199.0,200.0,198.0,199.0,39402.0,0.9949748743718593
pitted_surface_53.xml,pitted_surface_53.jpg,pitted_surface,1.0,1.0,200.0,198.0,199.0,197.0,39203.0,1.0101522842639594
pitted_surface_54.xml,pitted_surface_54.jpg,pitted_surface,3.0,1.0,197.0,194.0,194.0,193.0,37442.0,1.005181347150259
pitted_surface_55.xml,pitted_surface_55.jpg,pitted_surface,22.0,1.0,99.0,199.0,77.0,198.0,15246.0,0.3888888888888889
pitted_surface_55.xml,pitted_surface_55.jpg,pitted_surface,94.0,1.0,199.0,199.0,105.0,198.0,20790.0,0.5303030303030303
pitted_surface_56.xml,pitted_surface_56.jpg,pitted_surface,1.0,1.0,73.0,200.0,72.0,199.0,14328.0,0.36180904522613067
pitted_surface_56.xml,pitted_surface_56.jpg,pitted_surface,87.0,1.0,199.0,200.0,112.0,199.0,22288.0,0.5628140703517588
pitted_surface_57.xml,pitted_surface_57.jpg,pitted_surface,1.0,1.0,200.0,200.0,199.0,199.0,39601.0,1.0
pitted_surface_58.xml,pitted_surface_58.jpg,pitted_surface,1.0,1.0,200.0,198.0,199.0,197.0,39203.0,1.0101522842639594
pitted_surface_59.xml,pitted_surface_59.jpg,pitted_surface,6.0,1.0,76.0,186.0,70.0,185.0,12950.0,0.3783783783783784
pitted_surface_59.xml,pitted_surface_59.jpg,pitted_surface,72.0,1.0,200.0,199.0,128.0,198.0,25344.0,0.6464646464646465
pitted_surface_6.xml,pitted_surface_6.jpg,pitted_surface,1.0,1.0,197.0,197.0,196.0,196.0,38416.0,1.0
pitted_surface_60.xml,pitted_surface_60.jpg,pitted_surface,1.0,1.0,200.0,198.0,199.0,197.0,39203.0,1.0101522842639594
pitted_surface_61.xml,pitted_surface_61.jpg,pitted_surface,1.0,1.0,199.0,200.0,198.0,199.0,39402.0,0.9949748743718593
pitted_surface_62.xml,pitted_surface_62.jpg,pitted_surface,77.0,2.0,200.0,200.0,123.0,198.0,24354.0,0.6212121212121212
pitted_surface_63.xml,pitted_surface_63.jpg,pitted_surface,1.0,1.0,198.0,198.0,197.0,197.0,38809.0,1.0
pitted_surface_65.xml,pitted_surface_65.jpg,pitted_surface,5.0,1.0,199.0,195.0,194.0,194.0,37636.0,1.0
pitted_surface_66.xml,pitted_surface_66.jpg,pitted_surface,8.0,1.0,200.0,196.0,192.0,195.0,37440.0,0.9846153846153847
pitted_surface_67.xml,pitted_surface_67.jpg,pitted_surface,35.0,2.0,138.0,200.0,103.0,198.0,20394.0,0.5202020202020202
pitted_surface_67.xml,pitted_surface_67.jpg,pitted_surface,141.0,1.0,200.0,200.0,59.0,199.0,11741.0,0.2964824120603015
pitted_surface_68.xml,pitted_surface_68.jpg,pitted_surface,2.0,3.0,198.0,128.0,196.0,125.0,24500.0,1.568
pitted_surface_69.xml,pitted_surface_69.jpg,pitted_surface,13.0,1.0,104.0,133.0,91.0,132.0,12012.0,0.6893939393939394
pitted_surface_69.xml,pitted_surface_69.jpg,pitted_surface,137.0,1.0,200.0,200.0,63.0,199.0,12537.0,0.3165829145728643
pitted_surface_7.xml,pitted_surface_7.jpg,pitted_surface,1.0,1.0,48.0,198.0,47.0,197.0,9259.0,0.23857868020304568
pitted_surface_7.xml,pitted_surface_7.jpg,pitted_surface,38.0,1.0,200.0,198.0,162.0,197.0,31914.0,0.8223350253807107
pitted_surface_70.xml,pitted_surface_70.jpg,pitted_surface,1.0,1.0,200.0,200.0,199.0,199.0,39601.0,1.0
pitted_surface_71.xml,pitted_surface_71.jpg,pitted_surface,1.0,30.0,198.0,198.0,197.0,168.0,33096.0,1.1726190476190477
pitted_surface_72.xml,pitted_surface_72.jpg,pitted_surface,4.0,1.0,200.0,200.0,196.0,199.0,39004.0,0.9849246231155779
pitted_surface_73.xml,pitted_surface_73.jpg,pitted_surface,1.0,1.0,182.0,197.0,181.0,196.0,35476.0,0.923469387755102
pitted_surface_73.xml,pitted_surface_73.jpg,pitted_surface,137.0,37.0,199.0,199.0,62.0,162.0,10044.0,0.38271604938271603
pitted_surface_74.xml,pitted_surface_74.jpg,pitted_surface,1.0,1.0,200.0,198.0,199.0,197.0,39203.0,1.0101522842639594
pitted_surface_75.xml,pitted_surface_75.jpg,pitted_surface,87.0,1.0,200.0,200.0,113.0,199.0,22487.0,0.5678391959798995
pitted_surface_75.xml,pitted_surface_75.jpg,pitted_surface,12.0,1.0,57.0,192.0,45.0,191.0,8595.0,0.2356020942408377
pitted_surface_76.xml,pitted_surface_76.jpg,pitted_surface,1.0,1.0,200.0,199.0,199.0,198.0,39402.0,1.005050505050505
pitted_surface_77.xml,pitted_surface_77.jpg,pitted_surface,1.0,1.0,199.0,200.0,198.0,199.0,39402.0,0.9949748743718593
pitted_surface_78.xml,pitted_surface_78.jpg,pitted_surface,96.0,1.0,199.0,200.0,103.0,199.0,20497.0,0.5175879396984925
pitted_surface_78.xml,pitted_surface_78.jpg,pitted_surface,1.0,1.0,67.0,198.0,66.0,197.0,13002.0,0.3350253807106599
pitted_surface_79.xml,pitted_surface_79.jpg,pitted_surface,1.0,1.0,200.0,200.0,199.0,199.0,39601.0,1.0
pitted_surface_8.xml,pitted_surface_8.jpg,pitted_surface,1.0,1.0,199.0,199.0,198.0,198.0,39204.0,1.0
pitted_surface_80.xml,pitted_surface_80.jpg,pitted_surface,1.0,1.0,127.0,200.0,126.0,199.0,25074.0,0.6331658291457286
pitted_surface_80.xml,pitted_surface_80.jpg,pitted_surface,128.0,1.0,200.0,200.0,72.0,199.0,14328.0,0.36180904522613067
pitted_surface_81.xml,pitted_surface_81.jpg,pitted_surface,46.0,1.0,200.0,200.0,154.0,199.0,30646.0,0.7738693467336684
pitted_surface_82.xml,pitted_surface_82.jpg,pitted_surface,124.0,1.0,194.0,200.0,70.0,199.0,13930.0,0.35175879396984927
pitted_surface_82.xml,pitted_surface_82.jpg,pitted_surface,1.0,1.0,122.0,174.0,121.0,173.0,20933.0,0.6994219653179191
pitted_surface_83.xml,pitted_surface_83.jpg,pitted_surface,2.0,1.0,95.0,199.0,93.0,198.0,18414.0,0.4696969696969697
pitted_surface_83.xml,pitted_surface_83.jpg,pitted_surface,102.0,1.0,199.0,200.0,97.0,199.0,19303.0,0.48743718592964824
pitted_surface_84.xml,pitted_surface_84.jpg,pitted_surface,7.0,1.0,200.0,200.0,193.0,199.0,38407.0,0.9698492462311558
pitted_surface_85.xml,pitted_surface_85.jpg,pitted_surface,1.0,1.0,199.0,199.0,198.0,198.0,39204.0,1.0
pitted_surface_86.xml,pitted_surface_86.jpg,pitted_surface,13.0,1.0,200.0,200.0,187.0,199.0,37213.0,0.9396984924623115
pitted_surface_87.xml,pitted_surface_87.jpg,pitted_surface,1.0,1.0,56.0,198.0,55.0,197.0,10835.0,0.27918781725888325
pitted_surface_87.xml,pitted_surface_87.jpg,pitted_surface,63.0,1.0,193.0,135.0,130.0,134.0,17420.0,0.9701492537313433
pitted_surface_88.xml,pitted_surface_88.jpg,pitted_surface,1.0,1.0,200.0,200.0,199.0,199.0,39601.0,1.0
pitted_surface_89.xml,pitted_surface_89.jpg,pitted_surface,14.0,6.0,168.0,199.0,154.0,193.0,29722.0,0.7979274611398963
pitted_surface_9.xml,pitted_surface_9.jpg,pitted_surface,1.0,57.0,200.0,200.0,199.0,143.0,28457.0,1.3916083916083917
pitted_surface_90.xml,pitted_surface_90.jpg,pitted_surface,10.0,1.0,138.0,200.0,128.0,199.0,25472.0,0.6432160804020101
pitted_surface_91.xml,pitted_surface_91.jpg,pitted_surface,56.0,1.0,185.0,198.0,129.0,197.0,25413.0,0.6548223350253807
pitted_surface_92.xml,pitted_surface_92.jpg,pitted_surface,1.0,1.0,145.0,191.0,144.0,190.0,27360.0,0.7578947368421053
pitted_surface_93.xml,pitted_surface_93.jpg,pitted_surface,117.0,2.0,199.0,198.0,82.0,196.0,16072.0,0.41836734693877553
pitted_surface_93.xml,pitted_surface_93.jpg,pitted_surface,7.0,1.0,106.0,200.0,99.0,199.0,19701.0,0.49748743718592964
pitted_surface_94.xml,pitted_surface_94.jpg,pitted_surface,25.0,1.0,196.0,180.0,171.0,179.0,30609.0,0.9553072625698324
pitted_surface_95.xml,pitted_surface_95.jpg,pitted_surface,1.0,1.0,199.0,199.0,198.0,198.0,39204.0,1.0
pitted_surface_96.xml,pitted_surface_96.jpg,pitted_surface,1.0,1.0,195.0,199.0,194.0,198.0,38412.0,0.9797979797979798
pitted_surface_97.xml,pitted_surface_97.jpg,pitted_surface,1.0,1.0,200.0,199.0,199.0,198.0,39402.0,1.005050505050505
pitted_surface_98.xml,pitted_surface_98.jpg,pitted_surface,3.0,1.0,199.0,200.0,196.0,199.0,39004.0,0.9849246231155779
pitted_surface_99.xml,pitted_surface_99.jpg,pitted_surface,1.0,1.0,200.0,200.0,199.0,199.0,39601.0,1.0
rolled-in_scale_1.xml,rolled-in_scale_1.jpg,rolled-in_scale,63.0,38.0,139.0,99.0,76.0,61.0,4636.0,1.2459016393442623
rolled-in_scale_1.xml,rolled-in_scale_1.jpg,rolled-in_scale,72.0,111.0,134.0,169.0,62.0,58.0,3596.0,1.0689655172413792
rolled-in_scale_10.xml,rolled-in_scale_10.jpg,rolled-in_scale,59.0,39.0,122.0,71.0,63.0,32.0,2016.0,1.96875
rolled-in_scale_10.xml,rolled-in_scale_10.jpg,rolled-in_scale,54.0,83.0,144.0,139.0,90.0,56.0,5040.0,1.6071428571428572
rolled-in_scale_100.xml,rolled-in_scale_100.jpg,rolled-in_scale,34.0,15.0,110.0,42.0,76.0,27.0,2052.0,2.814814814814815
rolled-in_scale_100.xml,rolled-in_scale_100.jpg,rolled-in_scale,13.0,45.0,102.0,89.0,89.0,44.0,3916.0,2.022727272727273
rolled-in_scale_100.xml,rolled-in_scale_100.jpg,rolled-in_scale,57.0,87.0,117.0,154.0,60.0,67.0,4020.0,0.8955223880597015
rolled-in_scale_100.xml,rolled-in_scale_100.jpg,rolled-in_scale,30.0,179.0,58.0,200.0,28.0,21.0,588.0,1.3333333333333333
rolled-in_scale_101.xml,rolled-in_scale_101.jpg,rolled-in_scale,100.0,3.0,175.0,62.0,75.0,59.0,4425.0,1.271186440677966
rolled-in_scale_101.xml,rolled-in_scale_101.jpg,rolled-in_scale,101.0,76.0,155.0,119.0,54.0,43.0,2322.0,1.255813953488372
rolled-in_scale_101.xml,rolled-in_scale_101.jpg,rolled-in_scale,1.0,104.0,48.0,129.0,47.0,25.0,1175.0,1.88
rolled-in_scale_102.xml,rolled-in_scale_102.jpg,rolled-in_scale,122.0,21.0,153.0,49.0,31.0,28.0,868.0,1.1071428571428572
rolled-in_scale_102.xml,rolled-in_scale_102.jpg,rolled-in_scale,66.0,65.0,132.0,98.0,66.0,33.0,2178.0,2.0
rolled-in_scale_102.xml,rolled-in_scale_102.jpg,rolled-in_scale,96.0,114.0,169.0,149.0,73.0,35.0,2555.0,2.085714285714286
rolled-in_scale_102.xml,rolled-in_scale_102.jpg,rolled-in_scale,84.0,151.0,178.0,199.0,94.0,48.0,4512.0,1.9583333333333333
rolled-in_scale_103.xml,rolled-in_scale_103.jpg,rolled-in_scale,101.0,1.0,133.0,18.0,32.0,17.0,544.0,1.8823529411764706
rolled-in_scale_103.xml,rolled-in_scale_103.jpg,rolled-in_scale,93.0,75.0,200.0,176.0,107.0,101.0,10807.0,1.0594059405940595
rolled-in_scale_104.xml,rolled-in_scale_104.jpg,rolled-in_scale,49.0,67.0,154.0,159.0,105.0,92.0,9660.0,1.141304347826087
rolled-in_scale_104.xml,rolled-in_scale_104.jpg,rolled-in_scale,78.0,18.0,153.0,58.0,75.0,40.0,3000.0,1.875
rolled-in_scale_105.xml,rolled-in_scale_105.jpg,rolled-in_scale,1.0,62.0,103.0,162.0,102.0,100.0,10200.0,1.02
rolled-in_scale_105.xml,rolled-in_scale_105.jpg,rolled-in_scale,27.0,21.0,102.0,56.0,75.0,35.0,2625.0,2.142857142857143
rolled-in_scale_106.xml,rolled-in_scale_106.jpg,rolled-in_scale,47.0,22.0,120.0,136.0,73.0,114.0,8322.0,0.6403508771929824
rolled-in_scale_106.xml,rolled-in_scale_106.jpg,rolled-in_scale,71.0,148.0,173.0,184.0,102.0,36.0,3672.0,2.8333333333333335
rolled-in_scale_107.xml,rolled-in_scale_107.jpg,rolled-in_scale,117.0,94.0,181.0,198.0,64.0,104.0,6656.0,0.6153846153846154
rolled-in_scale_107.xml,rolled-in_scale_107.jpg,rolled-in_scale,73.0,133.0,115.0,200.0,42.0,67.0,2814.0,0.6268656716417911
rolled-in_scale_108.xml,rolled-in_scale_108.jpg,rolled-in_scale,57.0,36.0,128.0,154.0,71.0,118.0,8378.0,0.6016949152542372
rolled-in_scale_108.xml,rolled-in_scale_108.jpg,rolled-in_scale,15.0,64.0,60.0,166.0,45.0,102.0,4590.0,0.4411764705882353
rolled-in_scale_109.xml,rolled-in_scale_109.jpg,rolled-in_scale,70.0,68.0,159.0,198.0,89.0,130.0,11570.0,0.6846153846153846
rolled-in_scale_109.xml,rolled-in_scale_109.jpg,rolled-in_scale,94.0,4.0,115.0,31.0,21.0,27.0,567.0,0.7777777777777778
rolled-in_scale_11.xml,rolled-in_scale_11.jpg,rolled-in_scale,33.0,31.0,91.0,120.0,58.0,89.0,5162.0,0.651685393258427
rolled-in_scale_110.xml,rolled-in_scale_110.jpg,rolled-in_scale,67.0,62.0,129.0,158.0,62.0,96.0,5952.0,0.6458333333333334
rolled-in_scale_110.xml,rolled-in_scale_110.jpg,rolled-in_scale,79.0,32.0,130.0,72.0,51.0,40.0,2040.0,1.275
rolled-in_scale_111.xml,rolled-in_scale_111.jpg,rolled-in_scale,149.0,87.0,190.0,156.0,41.0,69.0,2829.0,0.5942028985507246
rolled-in_scale_112.xml,rolled-in_scale_112.jpg,rolled-in_scale,129.0,81.0,187.0,200.0,58.0,119.0,6902.0,0.48739495798319327
rolled-in_scale_113.xml,rolled-in_scale_113.jpg,rolled-in_scale,69.0,44.0,135.0,200.0,66.0,156.0,10296.0,0.4230769230769231
rolled-in_scale_113.xml,rolled-in_scale_113.jpg,rolled-in_scale,164.0,47.0,192.0,131.0,28.0,84.0,2352.0,0.3333333333333333
rolled-in_scale_113.xml,rolled-in_scale_113.jpg,rolled-in_scale,159.0,1.0,199.0,43.0,40.0,42.0,1680.0,0.9523809523809523
rolled-in_scale_114.xml,rolled-in_scale_114.jpg,rolled-in_scale,3.0,6.0,64.0,195.0,61.0,189.0,11529.0,0.32275132275132273
rolled-in_scale_114.xml,rolled-in_scale_114.jpg,rolled-in_scale,88.0,27.0,125.0,88.0,37.0,61.0,2257.0,0.6065573770491803
rolled-in_scale_115.xml,rolled-in_scale_115.jpg,rolled-in_scale,63.0,42.0,136.0,152.0,73.0,110.0,8030.0,0.6636363636363637
rolled-in_scale_115.xml,rolled-in_scale_115.jpg,rolled-in_scale,161.0,1.0,197.0,51.0,36.0,50.0,1800.0,0.72
rolled-in_scale_115.xml,rolled-in_scale_115.jpg,rolled-in_scale,71.0,136.0,126.0,199.0,55.0,63.0,3465.0,0.873015873015873
rolled-in_scale_115.xml,rolled-in_scale_115.jpg,rolled-in_scale,77.0,2.0,134.0,63.0,57.0,61.0,3477.0,0.9344262295081968
rolled-in_scale_116.xml,rolled-in_scale_116.jpg,rolled-in_scale,81.0,66.0,125.0,163.0,44.0,97.0,4268.0,0.4536082474226804
rolled-in_scale_117.xml,rolled-in_scale_117.jpg,rolled-in_scale,146.0,113.0,200.0,192.0,54.0,79.0,4266.0,0.6835443037974683
rolled-in_scale_118.xml,rolled-in_scale_118.jpg,rolled-in_scale,83.0,151.0,123.0,200.0,40.0,49.0,1960.0,0.8163265306122449
rolled-in_scale_118.xml,rolled-in_scale_118.jpg,rolled-in_scale,81.0,66.0,133.0,128.0,52.0,62.0,3224.0,0.8387096774193549
rolled-in_scale_118.xml,rolled-in_scale_118.jpg,rolled-in_scale,77.0,6.0,121.0,49.0,44.0,43.0,1892.0,1.0232558139534884
rolled-in_scale_119.xml,rolled-in_scale_119.jpg,rolled-in_scale,81.0,1.0,132.0,45.0,51.0,44.0,2244.0,1.1590909090909092
rolled-in_scale_119.xml,rolled-in_scale_119.jpg,rolled-in_scale,86.0,72.0,131.0,161.0,45.0,89.0,4005.0,0.5056179775280899
rolled-in_scale_12.xml,rolled-in_scale_12.jpg,rolled-in_scale,67.0,13.0,114.0,51.0,47.0,38.0,1786.0,1.236842105263158
rolled-in_scale_12.xml,rolled-in_scale_12.jpg,rolled-in_scale,61.0,65.0,124.0,199.0,63.0,134.0,8442.0,0.4701492537313433
rolled-in_scale_120.xml,rolled-in_scale_120.jpg,rolled-in_scale,123.0,39.0,168.0,136.0,45.0,97.0,4365.0,0.4639175257731959
rolled-in_scale_121.xml,rolled-in_scale_121.jpg,rolled-in_scale,151.0,1.0,192.0,37.0,41.0,36.0,1476.0,1.1388888888888888
rolled-in_scale_122.xml,rolled-in_scale_122.jpg,rolled-in_scale,20.0,39.0,75.0,154.0,55.0,115.0,6325.0,0.4782608695652174
rolled-in_scale_122.xml,rolled-in_scale_122.jpg,rolled-in_scale,143.0,1.0,187.0,23.0,44.0,22.0,968.0,2.0
rolled-in_scale_123.xml,rolled-in_scale_123.jpg,rolled-in_scale,125.0,4.0,199.0,117.0,74.0,113.0,8362.0,0.6548672566371682
rolled-in_scale_123.xml,rolled-in_scale_123.jpg,rolled-in_scale,98.0,2.0,168.0,51.0,70.0,49.0,3430.0,1.4285714285714286
rolled-in_scale_123.xml,rolled-in_scale_123.jpg,rolled-in_scale,1.0,1.0,45.0,28.0,44.0,27.0,1188.0,1.6296296296296295
rolled-in_scale_123.xml,rolled-in_scale_123.jpg,rolled-in_scale,114.0,119.0,158.0,199.0,44.0,80.0,3520.0,0.55
rolled-in_scale_124.xml,rolled-in_scale_124.jpg,rolled-in_scale,72.0,10.0,115.0,141.0,43.0,131.0,5633.0,0.3282442748091603
rolled-in_scale_124.xml,rolled-in_scale_124.jpg,rolled-in_scale,160.0,161.0,195.0,189.0,35.0,28.0,980.0,1.25
rolled-in_scale_125.xml,rolled-in_scale_125.jpg,rolled-in_scale,88.0,55.0,128.0,135.0,40.0,80.0,3200.0,0.5
rolled-in_scale_125.xml,rolled-in_scale_125.jpg,rolled-in_scale,113.0,15.0,157.0,40.0,44.0,25.0,1100.0,1.76
rolled-in_scale_125.xml,rolled-in_scale_125.jpg,rolled-in_scale,17.0,140.0,66.0,189.0,49.0,49.0,2401.0,1.0
rolled-in_scale_126.xml,rolled-in_scale_126.jpg,rolled-in_scale,71.0,61.0,110.0,110.0,39.0,49.0,1911.0,0.7959183673469388
rolled-in_scale_126.xml,rolled-in_scale_126.jpg,rolled-in_scale,72.0,126.0,117.0,200.0,45.0,74.0,3330.0,0.6081081081081081
rolled-in_scale_126.xml,rolled-in_scale_126.jpg,rolled-in_scale,143.0,146.0,199.0,200.0,56.0,54.0,3024.0,1.037037037037037
rolled-in_scale_126.xml,rolled-in_scale_126.jpg,rolled-in_scale,85.0,1.0,122.0,40.0,37.0,39.0,1443.0,0.9487179487179487
rolled-in_scale_127.xml,rolled-in_scale_127.jpg,rolled-in_scale,97.0,132.0,186.0,184.0,89.0,52.0,4628.0,1.7115384615384615
rolled-in_scale_128.xml,rolled-in_scale_128.jpg,rolled-in_scale,106.0,71.0,197.0,168.0,91.0,97.0,8827.0,0.9381443298969072
rolled-in_scale_129.xml,rolled-in_scale_129.jpg,rolled-in_scale,88.0,34.0,147.0,135.0,59.0,101.0,5959.0,0.5841584158415841
rolled-in_scale_13.xml,rolled-in_scale_13.jpg,rolled-in_scale,71.0,1.0,137.0,108.0,66.0,107.0,7062.0,0.616822429906542
rolled-in_scale_13.xml,rolled-in_scale_13.jpg,rolled-in_scale,70.0,118.0,137.0,183.0,67.0,65.0,4355.0,1.0307692307692307
rolled-in_scale_130.xml,rolled-in_scale_130.jpg,rolled-in_scale,117.0,12.0,146.0,42.0,29.0,30.0,870.0,0.9666666666666667
rolled-in_scale_130.xml,rolled-in_scale_130.jpg,rolled-in_scale,35.0,129.0,174.0,188.0,139.0,59.0,8201.0,2.3559322033898304
rolled-in_scale_131.xml,rolled-in_scale_131.jpg,rolled-in_scale,72.0,30.0,164.0,117.0,92.0,87.0,8004.0,1.0574712643678161
rolled-in_scale_131.xml,rolled-in_scale_131.jpg,rolled-in_scale,32.0,105.0,163.0,173.0,131.0,68.0,8908.0,1.9264705882352942
rolled-in_scale_131.xml,rolled-in_scale_131.jpg,rolled-in_scale,25.0,35.0,91.0,136.0,66.0,101.0,6666.0,0.6534653465346535
rolled-in_scale_132.xml,rolled-in_scale_132.jpg,rolled-in_scale,69.0,5.0,177.0,69.0,108.0,64.0,6912.0,1.6875
rolled-in_scale_133.xml,rolled-in_scale_133.jpg,rolled-in_scale,41.0,3.0,122.0,67.0,81.0,64.0,5184.0,1.265625
rolled-in_scale_133.xml,rolled-in_scale_133.jpg,rolled-in_scale,109.0,78.0,150.0,160.0,41.0,82.0,3362.0,0.5
rolled-in_scale_134.xml,rolled-in_scale_134.jpg,rolled-in_scale,87.0,77.0,169.0,154.0,82.0,77.0,6314.0,1.0649350649350648
rolled-in_scale_134.xml,rolled-in_scale_134.jpg,rolled-in_scale,28.0,78.0,81.0,161.0,53.0,83.0,4399.0,0.6385542168674698
rolled-in_scale_134.xml,rolled-in_scale_134.jpg,rolled-in_scale,45.0,14.0,85.0,37.0,40.0,23.0,920.0,1.7391304347826086
rolled-in_scale_135.xml,rolled-in_scale_135.jpg,rolled-in_scale,32.0,40.0,93.0,172.0,61.0,132.0,8052.0,0.4621212121212121
rolled-in_scale_135.xml,rolled-in_scale_135.jpg,rolled-in_scale,105.0,65.0,167.0,99.0,62.0,34.0,2108.0,1.8235294117647058
rolled-in_scale_136.xml,rolled-in_scale_136.jpg,rolled-in_scale,57.0,70.0,138.0,122.0,81.0,52.0,4212.0,1.5576923076923077
rolled-in_scale_136.xml,rolled-in_scale_136.jpg,rolled-in_scale,119.0,153.0,179.0,194.0,60.0,41.0,2460.0,1.4634146341463414
rolled-in_scale_137.xml,rolled-in_scale_137.jpg,rolled-in_scale,50.0,74.0,95.0,106.0,45.0,32.0,1440.0,1.40625
rolled-in_scale_137.xml,rolled-in_scale_137.jpg,rolled-in_scale,99.0,158.0,145.0,200.0,46.0,42.0,1932.0,1.0952380952380953
rolled-in_scale_139.xml,rolled-in_scale_139.jpg,rolled-in_scale,101.0,81.0,181.0,141.0,80.0,60.0,4800.0,1.3333333333333333
rolled-in_scale_139.xml,rolled-in_scale_139.jpg,rolled-in_scale,114.0,148.0,144.0,200.0,30.0,52.0,1560.0,0.5769230769230769
rolled-in_scale_140.xml,rolled-in_scale_140.jpg,rolled-in_scale,57.0,88.0,143.0,200.0,86.0,112.0,9632.0,0.7678571428571429
rolled-in_scale_140.xml,rolled-in_scale_140.jpg,rolled-in_scale,164.0,19.0,186.0,58.0,22.0,39.0,858.0,0.5641025641025641
rolled-in_scale_141.xml,rolled-in_scale_141.jpg,rolled-in_scale,9.0,28.0,121.0,110.0,112.0,82.0,9184.0,1.3658536585365855
rolled-in_scale_141.xml,rolled-in_scale_141.jpg,rolled-in_scale,134.0,47.0,192.0,188.0,58.0,141.0,8178.0,0.41134751773049644
rolled-in_scale_142.xml,rolled-in_scale_142.jpg,rolled-in_scale,52.0,25.0,128.0,98.0,76.0,73.0,5548.0,1.0410958904109588
rolled-in_scale_143.xml,rolled-in_scale_143.jpg,rolled-in_scale,75.0,52.0,127.0,119.0,52.0,67.0,3484.0,0.7761194029850746
rolled-in_scale_143.xml,rolled-in_scale_143.jpg,rolled-in_scale,111.0,139.0,155.0,189.0,44.0,50.0,2200.0,0.88
rolled-in_scale_144.xml,rolled-in_scale_144.jpg,rolled-in_scale,102.0,67.0,176.0,140.0,74.0,73.0,5402.0,1.0136986301369864
rolled-in_scale_144.xml,rolled-in_scale_144.jpg,rolled-in_scale,49.0,105.0,94.0,186.0,45.0,81.0,3645.0,0.5555555555555556
rolled-in_scale_144.xml,rolled-in_scale_144.jpg,rolled-in_scale,67.0,18.0,111.0,78.0,44.0,60.0,2640.0,0.7333333333333333
rolled-in_scale_145.xml,rolled-in_scale_145.jpg,rolled-in_scale,33.0,144.0,101.0,200.0,68.0,56.0,3808.0,1.2142857142857142
rolled-in_scale_145.xml,rolled-in_scale_145.jpg,rolled-in_scale,37.0,13.0,81.0,80.0,44.0,67.0,2948.0,0.6567164179104478
rolled-in_scale_146.xml,rolled-in_scale_146.jpg,rolled-in_scale,92.0,13.0,130.0,76.0,38.0,63.0,2394.0,0.6031746031746031
rolled-in_scale_146.xml,rolled-in_scale_146.jpg,rolled-in_scale,112.0,128.0,179.0,185.0,67.0,57.0,3819.0,1.1754385964912282
rolled-in_scale_147.xml,rolled-in_scale_147.jpg,rolled-in_scale,84.0,10.0,144.0,68.0,60.0,58.0,3480.0,1.0344827586206897
rolled-in_scale_147.xml,rolled-in_scale_147.jpg,rolled-in_scale,79.0,86.0,142.0,155.0,63.0,69.0,4347.0,0.9130434782608695
rolled-in_scale_148.xml,rolled-in_scale_148.jpg,rolled-in_scale,122.0,63.0,178.0,131.0,56.0,68.0,3808.0,0.8235294117647058
rolled-in_scale_148.xml,rolled-in_scale_148.jpg,rolled-in_scale,77.0,9.0,121.0,59.0,44.0,50.0,2200.0,0.88
rolled-in_scale_149.xml,rolled-in_scale_149.jpg,rolled-in_scale,49.0,89.0,136.0,193.0,87.0,104.0,9048.0,0.8365384615384616
rolled-in_scale_149.xml,rolled-in_scale_149.jpg,rolled-in_scale,160.0,66.0,192.0,175.0,32.0,109.0,3488.0,0.29357798165137616
rolled-in_scale_149.xml,rolled-in_scale_149.jpg,rolled-in_scale,97.0,1.0,137.0,44.0,40.0,43.0,1720.0,0.9302325581395349
rolled-in_scale_15.xml,rolled-in_scale_15.jpg,rolled-in_scale,26.0,47.0,95.0,114.0,69.0,67.0,4623.0,1.0298507462686568
rolled-in_scale_150.xml,rolled-in_scale_150.jpg,rolled-in_scale,33.0,3.0,157.0,193.0,124.0,190.0,23560.0,0.6526315789473685
rolled-in_scale_150.xml,rolled-in_scale_150.jpg,rolled-in_scale,128.0,1.0,170.0,45.0,42.0,44.0,1848.0,0.9545454545454546
rolled-in_scale_151.xml,rolled-in_scale_151.jpg,rolled-in_scale,109.0,46.0,167.0,197.0,58.0,151.0,8758.0,0.3841059602649007
rolled-in_scale_151.xml,rolled-in_scale_151.jpg,rolled-in_scale,117.0,1.0,198.0,59.0,81.0,58.0,4698.0,1.396551724137931
rolled-in_scale_152.xml,rolled-in_scale_152.jpg,rolled-in_scale,2.0,1.0,54.0,197.0,52.0,196.0,10192.0,0.2653061224489796
rolled-in_scale_152.xml,rolled-in_scale_152.jpg,rolled-in_scale,49.0,6.0,131.0,63.0,82.0,57.0,4674.0,1.4385964912280702
rolled-in_scale_153.xml,rolled-in_scale_153.jpg,rolled-in_scale,71.0,3.0,129.0,197.0,58.0,194.0,11252.0,0.29896907216494845
rolled-in_scale_153.xml,rolled-in_scale_153.jpg,rolled-in_scale,121.0,4.0,192.0,72.0,71.0,68.0,4828.0,1.0441176470588236
rolled-in_scale_154.xml,rolled-in_scale_154.jpg,rolled-in_scale,123.0,58.0,195.0,113.0,72.0,55.0,3960.0,1.309090909090909
rolled-in_scale_155.xml,rolled-in_scale_155.jpg,rolled-in_scale,69.0,25.0,125.0,80.0,56.0,55.0,3080.0,1.018181818181818
rolled-in_scale_156.xml,rolled-in_scale_156.jpg,rolled-in_scale,20.0,28.0,68.0,182.0,48.0,154.0,7392.0,0.3116883116883117
rolled-in_scale_156.xml,rolled-in_scale_156.jpg,rolled-in_scale,97.0,85.0,147.0,140.0,50.0,55.0,2750.0,0.9090909090909091
rolled-in_scale_157.xml,rolled-in_scale_157.jpg,rolled-in_scale,95.0,22.0,145.0,52.0,50.0,30.0,1500.0,1.6666666666666667
rolled-in_scale_157.xml,rolled-in_scale_157.jpg,rolled-in_scale,59.0,83.0,136.0,182.0,77.0,99.0,7623.0,0.7777777777777778
rolled-in_scale_158.xml,rolled-in_scale_158.jpg,rolled-in_scale,15.0,120.0,81.0,192.0,66.0,72.0,4752.0,0.9166666666666666
rolled-in_scale_159.xml,rolled-in_scale_159.jpg,rolled-in_scale,31.0,59.0,74.0,161.0,43.0,102.0,4386.0,0.4215686274509804
rolled-in_scale_16.xml,rolled-in_scale_16.jpg,rolled-in_scale,56.0,94.0,109.0,192.0,53.0,98.0,5194.0,0.5408163265306123
rolled-in_scale_16.xml,rolled-in_scale_16.jpg,rolled-in_scale,157.0,66.0,183.0,94.0,26.0,28.0,728.0,0.9285714285714286
rolled-in_scale_160.xml,rolled-in_scale_160.jpg,rolled-in_scale,43.0,1.0,83.0,73.0,40.0,72.0,2880.0,0.5555555555555556
rolled-in_scale_160.xml,rolled-in_scale_160.jpg,rolled-in_scale,39.0,138.0,84.0,200.0,45.0,62.0,2790.0,0.7258064516129032
rolled-in_scale_160.xml,rolled-in_scale_160.jpg,rolled-in_scale,100.0,149.0,200.0,200.0,100.0,51.0,5100.0,1.9607843137254901
rolled-in_scale_161.xml,rolled-in_scale_161.jpg,rolled-in_scale,37.0,4.0,89.0,63.0,52.0,59.0,3068.0,0.8813559322033898
rolled-in_scale_161.xml,rolled-in_scale_161.jpg,rolled-in_scale,22.0,150.0,83.0,200.0,61.0,50.0,3050.0,1.22
rolled-in_scale_162.xml,rolled-in_scale_162.jpg,rolled-in_scale,10.0,130.0,97.0,192.0,87.0,62.0,5394.0,1.403225806451613
rolled-in_scale_162.xml,rolled-in_scale_162.jpg,rolled-in_scale,6.0,50.0,98.0,117.0,92.0,67.0,6164.0,1.373134328358209
rolled-in_scale_163.xml,rolled-in_scale_163.jpg,rolled-in_scale,23.0,40.0,94.0,125.0,71.0,85.0,6035.0,0.8352941176470589
rolled-in_scale_163.xml,rolled-in_scale_163.jpg,rolled-in_scale,56.0,143.0,127.0,200.0,71.0,57.0,4047.0,1.2456140350877194
rolled-in_scale_164.xml,rolled-in_scale_164.jpg,rolled-in_scale,57.0,52.0,112.0,138.0,55.0,86.0,4730.0,0.6395348837209303
rolled-in_scale_165.xml,rolled-in_scale_165.jpg,rolled-in_scale,24.0,52.0,109.0,139.0,85.0,87.0,7395.0,0.9770114942528736
rolled-in_scale_165.xml,rolled-in_scale_165.jpg,rolled-in_scale,135.0,122.0,181.0,195.0,46.0,73.0,3358.0,0.6301369863013698
rolled-in_scale_166.xml,rolled-in_scale_166.jpg,rolled-in_scale,13.0,109.0,125.0,191.0,112.0,82.0,9184.0,1.3658536585365855
rolled-in_scale_166.xml,rolled-in_scale_166.jpg,rolled-in_scale,91.0,12.0,169.0,70.0,78.0,58.0,4524.0,1.3448275862068966
rolled-in_scale_167.xml,rolled-in_scale_167.jpg,rolled-in_scale,4.0,19.0,72.0,75.0,68.0,56.0,3808.0,1.2142857142857142
rolled-in_scale_167.xml,rolled-in_scale_167.jpg,rolled-in_scale,64.0,73.0,123.0,145.0,59.0,72.0,4248.0,0.8194444444444444
rolled-in_scale_168.xml,rolled-in_scale_168.jpg,rolled-in_scale,42.0,52.0,122.0,149.0,80.0,97.0,7760.0,0.8247422680412371
rolled-in_scale_168.xml,rolled-in_scale_168.jpg,rolled-in_scale,165.0,116.0,200.0,167.0,35.0,51.0,1785.0,0.6862745098039216
rolled-in_scale_169.xml,rolled-in_scale_169.jpg,rolled-in_scale,35.0,1.0,147.0,52.0,112.0,51.0,5712.0,2.196078431372549
rolled-in_scale_169.xml,rolled-in_scale_169.jpg,rolled-in_scale,23.0,124.0,139.0,187.0,116.0,63.0,7308.0,1.8412698412698412
rolled-in_scale_17.xml,rolled-in_scale_17.jpg,rolled-in_scale,30.0,18.0,98.0,77.0,68.0,59.0,4012.0,1.152542372881356
rolled-in_scale_170.xml,rolled-in_scale_170.jpg,rolled-in_scale,1.0,101.0,129.0,198.0,128.0,97.0,12416.0,1.3195876288659794
rolled-in_scale_170.xml,rolled-in_scale_170.jpg,rolled-in_scale,31.0,27.0,129.0,87.0,98.0,60.0,5880.0,1.6333333333333333
rolled-in_scale_171.xml,rolled-in_scale_171.jpg,rolled-in_scale,47.0,89.0,158.0,197.0,111.0,108.0,11988.0,1.0277777777777777
rolled-in_scale_171.xml,rolled-in_scale_171.jpg,rolled-in_scale,39.0,27.0,158.0,94.0,119.0,67.0,7973.0,1.7761194029850746
rolled-in_scale_172.xml,rolled-in_scale_172.jpg,rolled-in_scale,67.0,3.0,175.0,113.0,108.0,110.0,11880.0,0.9818181818181818
rolled-in_scale_172.xml,rolled-in_scale_172.jpg,rolled-in_scale,130.0,164.0,200.0,194.0,70.0,30.0,2100.0,2.3333333333333335
rolled-in_scale_173.xml,rolled-in_scale_173.jpg,rolled-in_scale,8.0,75.0,114.0,198.0,106.0,123.0,13038.0,0.8617886178861789
rolled-in_scale_173.xml,rolled-in_scale_173.jpg,rolled-in_scale,1.0,1.0,71.0,31.0,70.0,30.0,2100.0,2.3333333333333335
rolled-in_scale_174.xml,rolled-in_scale_174.jpg,rolled-in_scale,31.0,26.0,123.0,193.0,92.0,167.0,15364.0,0.5508982035928144
rolled-in_scale_175.xml,rolled-in_scale_175.jpg,rolled-in_scale,101.0,33.0,188.0,193.0,87.0,160.0,13920.0,0.54375
rolled-in_scale_177.xml,rolled-in_scale_177.jpg,rolled-in_scale,28.0,1.0,90.0,101.0,62.0,100.0,6200.0,0.62
rolled-in_scale_177.xml,rolled-in_scale_177.jpg,rolled-in_scale,45.0,117.0,106.0,198.0,61.0,81.0,4941.0,0.7530864197530864
rolled-in_scale_177.xml,rolled-in_scale_177.jpg,rolled-in_scale,96.0,2.0,183.0,94.0,87.0,92.0,8004.0,0.9456521739130435
rolled-in_scale_178.xml,rolled-in_scale_178.jpg,rolled-in_scale,5.0,45.0,79.0,183.0,74.0,138.0,10212.0,0.5362318840579711
rolled-in_scale_178.xml,rolled-in_scale_178.jpg,rolled-in_scale,63.0,16.0,162.0,56.0,99.0,40.0,3960.0,2.475
rolled-in_scale_178.xml,rolled-in_scale_178.jpg,rolled-in_scale,1.0,1.0,59.0,56.0,58.0,55.0,3190.0,1.0545454545454545
rolled-in_scale_179.xml,rolled-in_scale_179.jpg,rolled-in_scale,2.0,72.0,81.0,112.0,79.0,40.0,3160.0,1.975
rolled-in_scale_179.xml,rolled-in_scale_179.jpg,rolled-in_scale,4.0,3.0,81.0,65.0,77.0,62.0,4774.0,1.2419354838709677
rolled-in_scale_18.xml,rolled-in_scale_18.jpg,rolled-in_scale,111.0,98.0,160.0,196.0,49.0,98.0,4802.0,0.5
rolled-in_scale_18.xml,rolled-in_scale_18.jpg,rolled-in_scale,133.0,1.0,179.0,45.0,46.0,44.0,2024.0,1.0454545454545454
rolled-in_scale_180.xml,rolled-in_scale_180.jpg,rolled-in_scale,13.0,1.0,78.0,64.0,65.0,63.0,4095.0,1.0317460317460319
rolled-in_scale_180.xml,rolled-in_scale_180.jpg,rolled-in_scale,144.0,68.0,193.0,155.0,49.0,87.0,4263.0,0.5632183908045977
rolled-in_scale_181.xml,rolled-in_scale_181.jpg,rolled-in_scale,62.0,57.0,128.0,170.0,66.0,113.0,7458.0,0.584070796460177
rolled-in_scale_182.xml,rolled-in_scale_182.jpg,rolled-in_scale,63.0,59.0,193.0,171.0,130.0,112.0,14560.0,1.1607142857142858
rolled-in_scale_183.xml,rolled-in_scale_183.jpg,rolled-in_scale,29.0,76.0,103.0,198.0,74.0,122.0,9028.0,0.6065573770491803
rolled-in_scale_183.xml,rolled-in_scale_183.jpg,rolled-in_scale,150.0,65.0,189.0,186.0,39.0,121.0,4719.0,0.32231404958677684
rolled-in_scale_183.xml,rolled-in_scale_183.jpg,rolled-in_scale,35.0,16.0,151.0,52.0,116.0,36.0,4176.0,3.2222222222222223
rolled-in_scale_184.xml,rolled-in_scale_184.jpg,rolled-in_scale,29.0,91.0,175.0,199.0,146.0,108.0,15768.0,1.3518518518518519
rolled-in_scale_184.xml,rolled-in_scale_184.jpg,rolled-in_scale,9.0,1.0,95.0,107.0,86.0,106.0,9116.0,0.8113207547169812
rolled-in_scale_184.xml,rolled-in_scale_184.jpg,rolled-in_scale,120.0,1.0,154.0,54.0,34.0,53.0,1802.0,0.6415094339622641
rolled-in_scale_185.xml,rolled-in_scale_185.jpg,rolled-in_scale,3.0,26.0,55.0,194.0,52.0,168.0,8736.0,0.30952380952380953
rolled-in_scale_185.xml,rolled-in_scale_185.jpg,rolled-in_scale,73.0,28.0,199.0,160.0,126.0,132.0,16632.0,0.9545454545454546
rolled-in_scale_186.xml,rolled-in_scale_186.jpg,rolled-in_scale,45.0,13.0,200.0,46.0,155.0,33.0,5115.0,4.696969696969697
rolled-in_scale_186.xml,rolled-in_scale_186.jpg,rolled-in_scale,23.0,85.0,181.0,190.0,158.0,105.0,16590.0,1.5047619047619047
rolled-in_scale_186.xml,rolled-in_scale_186.jpg,rolled-in_scale,1.0,118.0,76.0,160.0,75.0,42.0,3150.0,1.7857142857142858
rolled-in_scale_187.xml,rolled-in_scale_187.jpg,rolled-in_scale,32.0,22.0,133.0,70.0,101.0,48.0,4848.0,2.1041666666666665
rolled-in_scale_187.xml,rolled-in_scale_187.jpg,rolled-in_scale,75.0,111.0,199.0,196.0,124.0,85.0,10540.0,1.4588235294117646
rolled-in_scale_188.xml,rolled-in_scale_188.jpg,rolled-in_scale,31.0,52.0,105.0,199.0,74.0,147.0,10878.0,0.5034013605442177
rolled-in_scale_188.xml,rolled-in_scale_188.jpg,rolled-in_scale,52.0,13.0,104.0,48.0,52.0,35.0,1820.0,1.4857142857142858
rolled-in_scale_189.xml,rolled-in_scale_189.jpg,rolled-in_scale,116.0,38.0,184.0,194.0,68.0,156.0,10608.0,0.4358974358974359
rolled-in_scale_189.xml,rolled-in_scale_189.jpg,rolled-in_scale,49.0,37.0,105.0,149.0,56.0,112.0,6272.0,0.5
rolled-in_scale_19.xml,rolled-in_scale_19.jpg,rolled-in_scale,1.0,50.0,55.0,197.0,54.0,147.0,7938.0,0.3673469387755102
rolled-in_scale_19.xml,rolled-in_scale_19.jpg,rolled-in_scale,125.0,11.0,178.0,192.0,53.0,181.0,9593.0,0.292817679558011
rolled-in_scale_190.xml,rolled-in_scale_190.jpg,rolled-in_scale,1.0,77.0,45.0,155.0,44.0,78.0,3432.0,0.5641025641025641
rolled-in_scale_190.xml,rolled-in_scale_190.jpg,rolled-in_scale,89.0,99.0,185.0,193.0,96.0,94.0,9024.0,1.0212765957446808
rolled-in_scale_190.xml,rolled-in_scale_190.jpg,rolled-in_scale,62.0,1.0,177.0,42.0,115.0,41.0,4715.0,2.8048780487804876
rolled-in_scale_191.xml,rolled-in_scale_191.jpg,rolled-in_scale,102.0,86.0,189.0,160.0,87.0,74.0,6438.0,1.1756756756756757
rolled-in_scale_191.xml,rolled-in_scale_191.jpg,rolled-in_scale,1.0,40.0,46.0,112.0,45.0,72.0,3240.0,0.625
rolled-in_scale_192.xml,rolled-in_scale_192.jpg,rolled-in_scale,108.0,155.0,199.0,198.0,91.0,43.0,3913.0,2.116279069767442
rolled-in_scale_192.xml,rolled-in_scale_192.jpg,rolled-in_scale,25.0,14.0,98.0,140.0,73.0,126.0,9198.0,0.5793650793650794
rolled-in_scale_192.xml,rolled-in_scale_192.jpg,rolled-in_scale,62.0,31.0,157.0,129.0,95.0,98.0,9310.0,0.9693877551020408
rolled-in_scale_193.xml,rolled-in_scale_193.jpg,rolled-in_scale,19.0,27.0,90.0,200.0,71.0,173.0,12283.0,0.41040462427745666
rolled-in_scale_193.xml,rolled-in_scale_193.jpg,rolled-in_scale,94.0,145.0,160.0,195.0,66.0,50.0,3300.0,1.32
rolled-in_scale_193.xml,rolled-in_scale_193.jpg,rolled-in_scale,90.0,39.0,143.0,66.0,53.0,27.0,1431.0,1.962962962962963
rolled-in_scale_194.xml,rolled-in_scale_194.jpg,rolled-in_scale,7.0,35.0,138.0,89.0,131.0,54.0,7074.0,2.425925925925926
rolled-in_scale_194.xml,rolled-in_scale_194.jpg,rolled-in_scale,27.0,151.0,127.0,198.0,100.0,47.0,4700.0,2.127659574468085
rolled-in_scale_195.xml,rolled-in_scale_195.jpg,rolled-in_scale,71.0,36.0,141.0,119.0,70.0,83.0,5810.0,0.8433734939759037
rolled-in_scale_196.xml,rolled-in_scale_196.jpg,rolled-in_scale,25.0,28.0,86.0,200.0,61.0,172.0,10492.0,0.3546511627906977
rolled-in_scale_196.xml,rolled-in_scale_196.jpg,rolled-in_scale,34.0,1.0,70.0,78.0,36.0,77.0,2772.0,0.4675324675324675
rolled-in_scale_197.xml,rolled-in_scale_197.jpg,rolled-in_scale,19.0,94.0,67.0,161.0,48.0,67.0,3216.0,0.7164179104477612
rolled-in_scale_197.xml,rolled-in_scale_197.jpg,rolled-in_scale,21.0,179.0,68.0,199.0,47.0,20.0,940.0,2.35
rolled-in_scale_197.xml,rolled-in_scale_197.jpg,rolled-in_scale,87.0,122.0,159.0,200.0,72.0,78.0,5616.0,0.9230769230769231
rolled-in_scale_197.xml,rolled-in_scale_197.jpg,rolled-in_scale,100.0,1.0,157.0,40.0,57.0,39.0,2223.0,1.4615384615384615
rolled-in_scale_198.xml,rolled-in_scale_198.jpg,rolled-in_scale,49.0,1.0,161.0,75.0,112.0,74.0,8288.0,1.5135135135135136
rolled-in_scale_198.xml,rolled-in_scale_198.jpg,rolled-in_scale,29.0,124.0,127.0,199.0,98.0,75.0,7350.0,1.3066666666666666
rolled-in_scale_198.xml,rolled-in_scale_198.jpg,rolled-in_scale,130.0,139.0,190.0,198.0,60.0,59.0,3540.0,1.0169491525423728
rolled-in_scale_199.xml,rolled-in_scale_199.jpg,rolled-in_scale,4.0,3.0,90.0,79.0,86.0,76.0,6536.0,1.131578947368421
rolled-in_scale_199.xml,rolled-in_scale_199.jpg,rolled-in_scale,105.0,22.0,169.0,175.0,64.0,153.0,9792.0,0.41830065359477125
rolled-in_scale_199.xml,rolled-in_scale_199.jpg,rolled-in_scale,44.0,114.0,112.0,165.0,68.0,51.0,3468.0,1.3333333333333333
rolled-in_scale_2.xml,rolled-in_scale_2.jpg,rolled-in_scale,148.0,87.0,197.0,187.0,49.0,100.0,4900.0,0.49
rolled-in_scale_20.xml,rolled-in_scale_20.jpg,rolled-in_scale,28.0,104.0,77.0,183.0,49.0,79.0,3871.0,0.620253164556962
rolled-in_scale_20.xml,rolled-in_scale_20.jpg,rolled-in_scale,107.0,38.0,199.0,194.0,92.0,156.0,14352.0,0.5897435897435898
rolled-in_scale_20.xml,rolled-in_scale_20.jpg,rolled-in_scale,106.0,1.0,150.0,33.0,44.0,32.0,1408.0,1.375
rolled-in_scale_200.xml,rolled-in_scale_200.jpg,rolled-in_scale,61.0,97.0,164.0,199.0,103.0,102.0,10506.0,1.0098039215686274
rolled-in_scale_200.xml,rolled-in_scale_200.jpg,rolled-in_scale,117.0,110.0,177.0,158.0,60.0,48.0,2880.0,1.25
rolled-in_scale_201.xml,rolled-in_scale_201.jpg,rolled-in_scale,45.0,64.0,106.0,128.0,61.0,64.0,3904.0,0.953125
rolled-in_scale_201.xml,rolled-in_scale_201.jpg,rolled-in_scale,104.0,21.0,160.0,86.0,56.0,65.0,3640.0,0.8615384615384616
rolled-in_scale_202.xml,rolled-in_scale_202.jpg,rolled-in_scale,56.0,41.0,141.0,102.0,85.0,61.0,5185.0,1.3934426229508197
rolled-in_scale_202.xml,rolled-in_scale_202.jpg,rolled-in_scale,43.0,119.0,164.0,167.0,121.0,48.0,5808.0,2.5208333333333335
rolled-in_scale_203.xml,rolled-in_scale_203.jpg,rolled-in_scale,88.0,145.0,121.0,195.0,33.0,50.0,1650.0,0.66
rolled-in_scale_203.xml,rolled-in_scale_203.jpg,rolled-in_scale,113.0,84.0,149.0,115.0,36.0,31.0,1116.0,1.1612903225806452
rolled-in_scale_203.xml,rolled-in_scale_203.jpg,rolled-in_scale,21.0,93.0,77.0,138.0,56.0,45.0,2520.0,1.2444444444444445
rolled-in_scale_204.xml,rolled-in_scale_204.jpg,rolled-in_scale,102.0,60.0,168.0,192.0,66.0,132.0,8712.0,0.5
rolled-in_scale_204.xml,rolled-in_scale_204.jpg,rolled-in_scale,18.0,151.0,87.0,197.0,69.0,46.0,3174.0,1.5
rolled-in_scale_205.xml,rolled-in_scale_205.jpg,rolled-in_scale,61.0,47.0,132.0,199.0,71.0,152.0,10792.0,0.46710526315789475
rolled-in_scale_205.xml,rolled-in_scale_205.jpg,rolled-in_scale,129.0,148.0,199.0,195.0,70.0,47.0,3290.0,1.4893617021276595
rolled-in_scale_205.xml,rolled-in_scale_205.jpg,rolled-in_scale,127.0,43.0,181.0,70.0,54.0,27.0,1458.0,2.0
rolled-in_scale_206.xml,rolled-in_scale_206.jpg,rolled-in_scale,79.0,36.0,140.0,193.0,61.0,157.0,9577.0,0.3885350318471338
rolled-in_scale_207.xml,rolled-in_scale_207.jpg,rolled-in_scale,22.0,118.0,94.0,200.0,72.0,82.0,5904.0,0.8780487804878049
rolled-in_scale_207.xml,rolled-in_scale_207.jpg,rolled-in_scale,39.0,1.0,85.0,40.0,46.0,39.0,1794.0,1.1794871794871795
rolled-in_scale_208.xml,rolled-in_scale_208.jpg,rolled-in_scale,23.0,28.0,102.0,105.0,79.0,77.0,6083.0,1.025974025974026
rolled-in_scale_208.xml,rolled-in_scale_208.jpg,rolled-in_scale,115.0,51.0,178.0,194.0,63.0,143.0,9009.0,0.4405594405594406
rolled-in_scale_209.xml,rolled-in_scale_209.jpg,rolled-in_scale,40.0,18.0,132.0,72.0,92.0,54.0,4968.0,1.7037037037037037
rolled-in_scale_209.xml,rolled-in_scale_209.jpg,rolled-in_scale,35.0,76.0,156.0,197.0,121.0,121.0,14641.0,1.0
rolled-in_scale_21.xml,rolled-in_scale_21.jpg,rolled-in_scale,138.0,7.0,197.0,196.0,59.0,189.0,11151.0,0.31216931216931215
rolled-in_scale_21.xml,rolled-in_scale_21.jpg,rolled-in_scale,56.0,104.0,107.0,177.0,51.0,73.0,3723.0,0.6986301369863014
rolled-in_scale_21.xml,rolled-in_scale_21.jpg,rolled-in_scale,145.0,1.0,183.0,31.0,38.0,30.0,1140.0,1.2666666666666666
rolled-in_scale_210.xml,rolled-in_scale_210.jpg,rolled-in_scale,107.0,79.0,171.0,179.0,64.0,100.0,6400.0,0.64
rolled-in_scale_210.xml,rolled-in_scale_210.jpg,rolled-in_scale,42.0,38.0,90.0,98.0,48.0,60.0,2880.0,0.8
rolled-in_scale_210.xml,rolled-in_scale_210.jpg,rolled-in_scale,62.0,139.0,105.0,188.0,43.0,49.0,2107.0,0.8775510204081632
rolled-in_scale_211.xml,rolled-in_scale_211.jpg,rolled-in_scale,94.0,4.0,168.0,88.0,74.0,84.0,6216.0,0.8809523809523809
rolled-in_scale_211.xml,rolled-in_scale_211.jpg,rolled-in_scale,117.0,97.0,164.0,198.0,47.0,101.0,4747.0,0.46534653465346537
rolled-in_scale_212.xml,rolled-in_scale_212.jpg,rolled-in_scale,81.0,40.0,175.0,106.0,94.0,66.0,6204.0,1.4242424242424243
rolled-in_scale_212.xml,rolled-in_scale_212.jpg,rolled-in_scale,66.0,1.0,106.0,59.0,40.0,58.0,2320.0,0.6896551724137931
rolled-in_scale_212.xml,rolled-in_scale_212.jpg,rolled-in_scale,69.0,125.0,136.0,191.0,67.0,66.0,4422.0,1.0151515151515151
rolled-in_scale_213.xml,rolled-in_scale_213.jpg,rolled-in_scale,51.0,89.0,179.0,199.0,128.0,110.0,14080.0,1.1636363636363636
rolled-in_scale_214.xml,rolled-in_scale_214.jpg,rolled-in_scale,91.0,29.0,122.0,79.0,31.0,50.0,1550.0,0.62
rolled-in_scale_214.xml,rolled-in_scale_214.jpg,rolled-in_scale,74.0,164.0,117.0,198.0,43.0,34.0,1462.0,1.2647058823529411
rolled-in_scale_214.xml,rolled-in_scale_214.jpg,rolled-in_scale,165.0,41.0,189.0,121.0,24.0,80.0,1920.0,0.3
rolled-in_scale_214.xml,rolled-in_scale_214.jpg,rolled-in_scale,79.0,123.0,116.0,152.0,37.0,29.0,1073.0,1.2758620689655173
rolled-in_scale_215.xml,rolled-in_scale_215.jpg,rolled-in_scale,42.0,76.0,84.0,136.0,42.0,60.0,2520.0,0.7
rolled-in_scale_215.xml,rolled-in_scale_215.jpg,rolled-in_scale,112.0,35.0,157.0,194.0,45.0,159.0,7155.0,0.2830188679245283
rolled-in_scale_217.xml,rolled-in_scale_217.jpg,rolled-in_scale,13.0,31.0,68.0,83.0,55.0,52.0,2860.0,1.0576923076923077
rolled-in_scale_217.xml,rolled-in_scale_217.jpg,rolled-in_scale,29.0,126.0,71.0,168.0,42.0,42.0,1764.0,1.0
rolled-in_scale_218.xml,rolled-in_scale_218.jpg,rolled-in_scale,69.0,28.0,146.0,156.0,77.0,128.0,9856.0,0.6015625
rolled-in_scale_219.xml,rolled-in_scale_219.jpg,rolled-in_scale,98.0,41.0,190.0,121.0,92.0,80.0,7360.0,1.15
rolled-in_scale_219.xml,rolled-in_scale_219.jpg,rolled-in_scale,65.0,128.0,163.0,199.0,98.0,71.0,6958.0,1.380281690140845
rolled-in_scale_22.xml,rolled-in_scale_22.jpg,rolled-in_scale,104.0,75.0,151.0,168.0,47.0,93.0,4371.0,0.5053763440860215
rolled-in_scale_220.xml,rolled-in_scale_220.jpg,rolled-in_scale,19.0,125.0,131.0,192.0,112.0,67.0,7504.0,1.671641791044776
rolled-in_scale_221.xml,rolled-in_scale_221.jpg,rolled-in_scale,96.0,32.0,149.0,164.0,53.0,132.0,6996.0,0.4015151515151515
rolled-in_scale_222.xml,rolled-in_scale_222.jpg,rolled-in_scale,140.0,136.0,198.0,198.0,58.0,62.0,3596.0,0.9354838709677419
rolled-in_scale_222.xml,rolled-in_scale_222.jpg,rolled-in_scale,112.0,45.0,179.0,170.0,67.0,125.0,8375.0,0.536
rolled-in_scale_223.xml,rolled-in_scale_223.jpg,rolled-in_scale,62.0,4.0,96.0,32.0,34.0,28.0,952.0,1.2142857142857142
rolled-in_scale_223.xml,rolled-in_scale_223.jpg,rolled-in_scale,25.0,113.0,91.0,155.0,66.0,42.0,2772.0,1.5714285714285714
rolled-in_scale_224.xml,rolled-in_scale_224.jpg,rolled-in_scale,14.0,66.0,121.0,199.0,107.0,133.0,14231.0,0.8045112781954887
rolled-in_scale_224.xml,rolled-in_scale_224.jpg,rolled-in_scale,114.0,104.0,192.0,189.0,78.0,85.0,6630.0,0.9176470588235294
rolled-in_scale_224.xml,rolled-in_scale_224.jpg,rolled-in_scale,17.0,18.0,145.0,101.0,128.0,83.0,10624.0,1.5421686746987953
rolled-in_scale_225.xml,rolled-in_scale_225.jpg,rolled-in_scale,18.0,26.0,106.0,148.0,88.0,122.0,10736.0,0.7213114754098361
rolled-in_scale_225.xml,rolled-in_scale_225.jpg,rolled-in_scale,134.0,47.0,200.0,122.0,66.0,75.0,4950.0,0.88
rolled-in_scale_226.xml,rolled-in_scale_226.jpg,rolled-in_scale,71.0,1.0,150.0,55.0,79.0,54.0,4266.0,1.462962962962963
rolled-in_scale_226.xml,rolled-in_scale_226.jpg,rolled-in_scale,84.0,71.0,158.0,152.0,74.0,81.0,5994.0,0.9135802469135802
rolled-in_scale_227.xml,rolled-in_scale_227.jpg,rolled-in_scale,57.0,22.0,122.0,134.0,65.0,112.0,7280.0,0.5803571428571429
rolled-in_scale_227.xml,rolled-in_scale_227.jpg,rolled-in_scale,44.0,110.0,184.0,198.0,140.0,88.0,12320.0,1.5909090909090908
rolled-in_scale_228.xml,rolled-in_scale_228.jpg,rolled-in_scale,47.0,1.0,157.0,88.0,110.0,87.0,9570.0,1.264367816091954
rolled-in_scale_228.xml,rolled-in_scale_228.jpg,rolled-in_scale,60.0,102.0,176.0,199.0,116.0,97.0,11252.0,1.1958762886597938
rolled-in_scale_229.xml,rolled-in_scale_229.jpg,rolled-in_scale,93.0,43.0,199.0,200.0,106.0,157.0,16642.0,0.6751592356687898
rolled-in_scale_229.xml,rolled-in_scale_229.jpg,rolled-in_scale,90.0,15.0,177.0,90.0,87.0,75.0,6525.0,1.16
rolled-in_scale_23.xml,rolled-in_scale_23.jpg,rolled-in_scale,134.0,83.0,194.0,200.0,60.0,117.0,7020.0,0.5128205128205128
rolled-in_scale_23.xml,rolled-in_scale_23.jpg,rolled-in_scale,59.0,50.0,108.0,140.0,49.0,90.0,4410.0,0.5444444444444444
rolled-in_scale_230.xml,rolled-in_scale_230.jpg,rolled-in_scale,14.0,1.0,114.0,134.0,100.0,133.0,13300.0,0.7518796992481203
rolled-in_scale_230.xml,rolled-in_scale_230.jpg,rolled-in_scale,4.0,138.0,129.0,199.0,125.0,61.0,7625.0,2.0491803278688523
rolled-in_scale_231.xml,rolled-in_scale_231.jpg,rolled-in_scale,1.0,1.0,57.0,37.0,56.0,36.0,2016.0,1.5555555555555556
rolled-in_scale_231.xml,rolled-in_scale_231.jpg,rolled-in_scale,1.0,94.0,66.0,178.0,65.0,84.0,5460.0,0.7738095238095238
rolled-in_scale_231.xml,rolled-in_scale_231.jpg,rolled-in_scale,109.0,117.0,161.0,196.0,52.0,79.0,4108.0,0.6582278481012658
rolled-in_scale_232.xml,rolled-in_scale_232.jpg,rolled-in_scale,43.0,23.0,118.0,129.0,75.0,106.0,7950.0,0.7075471698113207
rolled-in_scale_233.xml,rolled-in_scale_233.jpg,rolled-in_scale,17.0,73.0,83.0,198.0,66.0,125.0,8250.0,0.528
rolled-in_scale_233.xml,rolled-in_scale_233.jpg,rolled-in_scale,20.0,27.0,83.0,53.0,63.0,26.0,1638.0,2.423076923076923
rolled-in_scale_234.xml,rolled-in_scale_234.jpg,rolled-in_scale,9.0,82.0,82.0,194.0,73.0,112.0,8176.0,0.6517857142857143
rolled-in_scale_234.xml,rolled-in_scale_234.jpg,rolled-in_scale,48.0,1.0,88.0,46.0,40.0,45.0,1800.0,0.8888888888888888
rolled-in_scale_235.xml,rolled-in_scale_235.jpg,rolled-in_scale,14.0,83.0,102.0,159.0,88.0,76.0,6688.0,1.1578947368421053
rolled-in_scale_235.xml,rolled-in_scale_235.jpg,rolled-in_scale,23.0,12.0,111.0,66.0,88.0,54.0,4752.0,1.6296296296296295
rolled-in_scale_236.xml,rolled-in_scale_236.jpg,rolled-in_scale,46.0,50.0,145.0,138.0,99.0,88.0,8712.0,1.125
rolled-in_scale_237.xml,rolled-in_scale_237.jpg,rolled-in_scale,83.0,24.0,163.0,66.0,80.0,42.0,3360.0,1.9047619047619047
rolled-in_scale_237.xml,rolled-in_scale_237.jpg,rolled-in_scale,84.0,71.0,175.0,179.0,91.0,108.0,9828.0,0.8425925925925926
rolled-in_scale_238.xml,rolled-in_scale_238.jpg,rolled-in_scale,29.0,27.0,153.0,171.0,124.0,144.0,17856.0,0.8611111111111112
rolled-in_scale_238.xml,rolled-in_scale_238.jpg,rolled-in_scale,38.0,138.0,128.0,195.0,90.0,57.0,5130.0,1.5789473684210527
rolled-in_scale_239.xml,rolled-in_scale_239.jpg,rolled-in_scale,68.0,76.0,128.0,147.0,60.0,71.0,4260.0,0.8450704225352113
rolled-in_scale_24.xml,rolled-in_scale_24.jpg,rolled-in_scale,31.0,1.0,79.0,50.0,48.0,49.0,2352.0,0.9795918367346939
rolled-in_scale_24.xml,rolled-in_scale_24.jpg,rolled-in_scale,3.0,101.0,72.0,191.0,69.0,90.0,6210.0,0.7666666666666667
rolled-in_scale_24.xml,rolled-in_scale_24.jpg,rolled-in_scale,160.0,59.0,187.0,89.0,27.0,30.0,810.0,0.9
rolled-in_scale_240.xml,rolled-in_scale_240.jpg,rolled-in_scale,58.0,24.0,139.0,162.0,81.0,138.0,11178.0,0.5869565217391305
rolled-in_scale_241.xml,rolled-in_scale_241.jpg,rolled-in_scale,62.0,3.0,156.0,100.0,94.0,97.0,9118.0,0.9690721649484536
rolled-in_scale_241.xml,rolled-in_scale_241.jpg,rolled-in_scale,53.0,104.0,155.0,196.0,102.0,92.0,9384.0,1.108695652173913
rolled-in_scale_242.xml,rolled-in_scale_242.jpg,rolled-in_scale,38.0,71.0,132.0,197.0,94.0,126.0,11844.0,0.746031746031746
rolled-in_scale_242.xml,rolled-in_scale_242.jpg,rolled-in_scale,16.0,11.0,125.0,116.0,109.0,105.0,11445.0,1.0380952380952382
rolled-in_scale_243.xml,rolled-in_scale_243.jpg,rolled-in_scale,58.0,26.0,129.0,192.0,71.0,166.0,11786.0,0.42771084337349397
rolled-in_scale_244.xml,rolled-in_scale_244.jpg,rolled-in_scale,25.0,30.0,83.0,136.0,58.0,106.0,6148.0,0.5471698113207547
rolled-in_scale_244.xml,rolled-in_scale_244.jpg,rolled-in_scale,103.0,80.0,176.0,198.0,73.0,118.0,8614.0,0.6186440677966102
rolled-in_scale_244.xml,rolled-in_scale_244.jpg,rolled-in_scale,99.0,2.0,178.0,120.0,79.0,118.0,9322.0,0.6694915254237288
rolled-in_scale_245.xml,rolled-in_scale_245.jpg,rolled-in_scale,6.0,80.0,138.0,199.0,132.0,119.0,15708.0,1.1092436974789917
rolled-in_scale_245.xml,rolled-in_scale_245.jpg,rolled-in_scale,32.0,31.0,152.0,106.0,120.0,75.0,9000.0,1.6
rolled-in_scale_246.xml,rolled-in_scale_246.jpg,rolled-in_scale,34.0,59.0,136.0,180.0,102.0,121.0,12342.0,0.8429752066115702
rolled-in_scale_246.xml,rolled-in_scale_246.jpg,rolled-in_scale,2.0,3.0,118.0,39.0,116.0,36.0,4176.0,3.2222222222222223
rolled-in_scale_247.xml,rolled-in_scale_247.jpg,rolled-in_scale,10.0,25.0,79.0,108.0,69.0,83.0,5727.0,0.8313253012048193
rolled-in_scale_247.xml,rolled-in_scale_247.jpg,rolled-in_scale,42.0,99.0,89.0,183.0,47.0,84.0,3948.0,0.5595238095238095
rolled-in_scale_247.xml,rolled-in_scale_247.jpg,rolled-in_scale,25.0,1.0,58.0,17.0,33.0,16.0,528.0,2.0625
rolled-in_scale_248.xml,rolled-in_scale_248.jpg,rolled-in_scale,56.0,2.0,113.0,66.0,57.0,64.0,3648.0,0.890625
rolled-in_scale_248.xml,rolled-in_scale_248.jpg,rolled-in_scale,44.0,73.0,161.0,198.0,117.0,125.0,14625.0,0.936
rolled-in_scale_249.xml,rolled-in_scale_249.jpg,rolled-in_scale,22.0,62.0,157.0,192.0,135.0,130.0,17550.0,1.0384615384615385
rolled-in_scale_25.xml,rolled-in_scale_25.jpg,rolled-in_scale,53.0,48.0,106.0,163.0,53.0,115.0,6095.0,0.4608695652173913
rolled-in_scale_25.xml,rolled-in_scale_25.jpg,rolled-in_scale,137.0,127.0,178.0,193.0,41.0,66.0,2706.0,0.6212121212121212
rolled-in_scale_250.xml,rolled-in_scale_250.jpg,rolled-in_scale,91.0,99.0,141.0,198.0,50.0,99.0,4950.0,0.5050505050505051
rolled-in_scale_250.xml,rolled-in_scale_250.jpg,rolled-in_scale,152.0,39.0,199.0,200.0,47.0,161.0,7567.0,0.2919254658385093
rolled-in_scale_250.xml,rolled-in_scale_250.jpg,rolled-in_scale,91.0,2.0,136.0,39.0,45.0,37.0,1665.0,1.2162162162162162
rolled-in_scale_251.xml,rolled-in_scale_251.jpg,rolled-in_scale,1.0,58.0,58.0,200.0,57.0,142.0,8094.0,0.4014084507042254
rolled-in_scale_251.xml,rolled-in_scale_251.jpg,rolled-in_scale,1.0,1.0,48.0,32.0,47.0,31.0,1457.0,1.5161290322580645
rolled-in_scale_252.xml,rolled-in_scale_252.jpg,rolled-in_scale,49.0,67.0,155.0,199.0,106.0,132.0,13992.0,0.803030303030303
rolled-in_scale_252.xml,rolled-in_scale_252.jpg,rolled-in_scale,60.0,2.0,123.0,61.0,63.0,59.0,3717.0,1.0677966101694916
rolled-in_scale_253.xml,rolled-in_scale_253.jpg,rolled-in_scale,1.0,6.0,122.0,125.0,121.0,119.0,14399.0,1.0168067226890756
rolled-in_scale_254.xml,rolled-in_scale_254.jpg,rolled-in_scale,55.0,110.0,146.0,198.0,91.0,88.0,8008.0,1.0340909090909092
rolled-in_scale_255.xml,rolled-in_scale_255.jpg,rolled-in_scale,1.0,42.0,69.0,197.0,68.0,155.0,10540.0,0.43870967741935485
rolled-in_scale_255.xml,rolled-in_scale_255.jpg,rolled-in_scale,72.0,27.0,113.0,129.0,41.0,102.0,4182.0,0.4019607843137255
rolled-in_scale_255.xml,rolled-in_scale_255.jpg,rolled-in_scale,5.0,5.0,69.0,68.0,64.0,63.0,4032.0,1.0158730158730158
rolled-in_scale_255.xml,rolled-in_scale_255.jpg,rolled-in_scale,153.0,50.0,195.0,83.0,42.0,33.0,1386.0,1.2727272727272727
rolled-in_scale_256.xml,rolled-in_scale_256.jpg,rolled-in_scale,19.0,45.0,111.0,199.0,92.0,154.0,14168.0,0.5974025974025974
rolled-in_scale_257.xml,rolled-in_scale_257.jpg,rolled-in_scale,1.0,37.0,68.0,200.0,67.0,163.0,10921.0,0.4110429447852761
rolled-in_scale_257.xml,rolled-in_scale_257.jpg,rolled-in_scale,100.0,107.0,156.0,198.0,56.0,91.0,5096.0,0.6153846153846154
rolled-in_scale_257.xml,rolled-in_scale_257.jpg,rolled-in_scale,101.0,31.0,166.0,109.0,65.0,78.0,5070.0,0.8333333333333334
rolled-in_scale_258.xml,rolled-in_scale_258.jpg,rolled-in_scale,8.0,59.0,143.0,200.0,135.0,141.0,19035.0,0.9574468085106383
rolled-in_scale_259.xml,rolled-in_scale_259.jpg,rolled-in_scale,3.0,61.0,125.0,199.0,122.0,138.0,16836.0,0.8840579710144928
rolled-in_scale_259.xml,rolled-in_scale_259.jpg,rolled-in_scale,68.0,97.0,200.0,190.0,132.0,93.0,12276.0,1.4193548387096775
rolled-in_scale_259.xml,rolled-in_scale_259.jpg,rolled-in_scale,52.0,1.0,111.0,36.0,59.0,35.0,2065.0,1.6857142857142857
rolled-in_scale_259.xml,rolled-in_scale_259.jpg,rolled-in_scale,104.0,1.0,182.0,40.0,78.0,39.0,3042.0,2.0
rolled-in_scale_26.xml,rolled-in_scale_26.jpg,rolled-in_scale,19.0,129.0,69.0,173.0,50.0,44.0,2200.0,1.1363636363636365
rolled-in_scale_26.xml,rolled-in_scale_26.jpg,rolled-in_scale,52.0,20.0,86.0,91.0,34.0,71.0,2414.0,0.4788732394366197
rolled-in_scale_26.xml,rolled-in_scale_26.jpg,rolled-in_scale,114.0,60.0,157.0,119.0,43.0,59.0,2537.0,0.7288135593220338
rolled-in_scale_260.xml,rolled-in_scale_260.jpg,rolled-in_scale,115.0,95.0,180.0,197.0,65.0,102.0,6630.0,0.6372549019607843
rolled-in_scale_260.xml,rolled-in_scale_260.jpg,rolled-in_scale,1.0,30.0,112.0,121.0,111.0,91.0,10101.0,1.2197802197802199
rolled-in_scale_260.xml,rolled-in_scale_260.jpg,rolled-in_scale,92.0,1.0,187.0,77.0,95.0,76.0,7220.0,1.25
rolled-in_scale_261.xml,rolled-in_scale_261.jpg,rolled-in_scale,6.0,7.0,107.0,131.0,101.0,124.0,12524.0,0.8145161290322581
rolled-in_scale_262.xml,rolled-in_scale_262.jpg,rolled-in_scale,12.0,45.0,121.0,180.0,109.0,135.0,14715.0,0.8074074074074075
rolled-in_scale_263.xml,rolled-in_scale_263.jpg,rolled-in_scale,61.0,83.0,172.0,196.0,111.0,113.0,12543.0,0.9823008849557522
rolled-in_scale_263.xml,rolled-in_scale_263.jpg,rolled-in_scale,35.0,2.0,181.0,94.0,146.0,92.0,13432.0,1.5869565217391304
rolled-in_scale_264.xml,rolled-in_scale_264.jpg,rolled-in_scale,32.0,73.0,140.0,180.0,108.0,107.0,11556.0,1.0093457943925233
rolled-in_scale_264.xml,rolled-in_scale_264.jpg,rolled-in_scale,46.0,3.0,152.0,64.0,106.0,61.0,6466.0,1.7377049180327868
rolled-in_scale_264.xml,rolled-in_scale_264.jpg,rolled-in_scale,146.0,56.0,197.0,189.0,51.0,133.0,6783.0,0.38345864661654133
rolled-in_scale_265.xml,rolled-in_scale_265.jpg,rolled-in_scale,1.0,33.0,54.0,184.0,53.0,151.0,8003.0,0.3509933774834437
rolled-in_scale_265.xml,rolled-in_scale_265.jpg,rolled-in_scale,134.0,91.0,194.0,166.0,60.0,75.0,4500.0,0.8
rolled-in_scale_266.xml,rolled-in_scale_266.jpg,rolled-in_scale,1.0,22.0,80.0,151.0,79.0,129.0,10191.0,0.6124031007751938
rolled-in_scale_266.xml,rolled-in_scale_266.jpg,rolled-in_scale,121.0,41.0,195.0,93.0,74.0,52.0,3848.0,1.4230769230769231
rolled-in_scale_267.xml,rolled-in_scale_267.jpg,rolled-in_scale,102.0,53.0,146.0,107.0,44.0,54.0,2376.0,0.8148148148148148
rolled-in_scale_267.xml,rolled-in_scale_267.jpg,rolled-in_scale,75.0,1.0,193.0,35.0,118.0,34.0,4012.0,3.4705882352941178
rolled-in_scale_267.xml,rolled-in_scale_267.jpg,rolled-in_scale,76.0,134.0,197.0,193.0,121.0,59.0,7139.0,2.0508474576271185
rolled-in_scale_268.xml,rolled-in_scale_268.jpg,rolled-in_scale,15.0,117.0,191.0,194.0,176.0,77.0,13552.0,2.2857142857142856
rolled-in_scale_268.xml,rolled-in_scale_268.jpg,rolled-in_scale,25.0,27.0,166.0,158.0,141.0,131.0,18471.0,1.0763358778625953
rolled-in_scale_269.xml,rolled-in_scale_269.jpg,rolled-in_scale,112.0,59.0,191.0,118.0,79.0,59.0,4661.0,1.3389830508474576
rolled-in_scale_27.xml,rolled-in_scale_27.jpg,rolled-in_scale,81.0,32.0,137.0,104.0,56.0,72.0,4032.0,0.7777777777777778
rolled-in_scale_270.xml,rolled-in_scale_270.jpg,rolled-in_scale,18.0,133.0,122.0,197.0,104.0,64.0,6656.0,1.625
rolled-in_scale_270.xml,rolled-in_scale_270.jpg,rolled-in_scale,23.0,5.0,114.0,73.0,91.0,68.0,6188.0,1.338235294117647
rolled-in_scale_270.xml,rolled-in_scale_270.jpg,rolled-in_scale,36.0,67.0,175.0,124.0,139.0,57.0,7923.0,2.43859649122807
rolled-in_scale_271.xml,rolled-in_scale_271.jpg,rolled-in_scale,33.0,1.0,101.0,39.0,68.0,38.0,2584.0,1.7894736842105263
rolled-in_scale_271.xml,rolled-in_scale_271.jpg,rolled-in_scale,70.0,122.0,127.0,172.0,57.0,50.0,2850.0,1.14
rolled-in_scale_272.xml,rolled-in_scale_272.jpg,rolled-in_scale,41.0,86.0,146.0,199.0,105.0,113.0,11865.0,0.9292035398230089
rolled-in_scale_272.xml,rolled-in_scale_272.jpg,rolled-in_scale,101.0,1.0,160.0,91.0,59.0,90.0,5310.0,0.6555555555555556
rolled-in_scale_273.xml,rolled-in_scale_273.jpg,rolled-in_scale,18.0,103.0,105.0,187.0,87.0,84.0,7308.0,1.0357142857142858
rolled-in_scale_273.xml,rolled-in_scale_273.jpg,rolled-in_scale,10.0,1.0,99.0,88.0,89.0,87.0,7743.0,1.0229885057471264
rolled-in_scale_274.xml,rolled-in_scale_274.jpg,rolled-in_scale,1.0,34.0,123.0,108.0,122.0,74.0,9028.0,1.6486486486486487
rolled-in_scale_274.xml,rolled-in_scale_274.jpg,rolled-in_scale,152.0,129.0,198.0,198.0,46.0,69.0,3174.0,0.6666666666666666
rolled-in_scale_274.xml,rolled-in_scale_274.jpg,rolled-in_scale,32.0,2.0,104.0,52.0,72.0,50.0,3600.0,1.44
rolled-in_scale_274.xml,rolled-in_scale_274.jpg,rolled-in_scale,3.0,84.0,114.0,163.0,111.0,79.0,8769.0,1.4050632911392404
rolled-in_scale_275.xml,rolled-in_scale_275.jpg,rolled-in_scale,56.0,139.0,115.0,199.0,59.0,60.0,3540.0,0.9833333333333333
rolled-in_scale_275.xml,rolled-in_scale_275.jpg,rolled-in_scale,144.0,116.0,199.0,192.0,55.0,76.0,4180.0,0.7236842105263158
rolled-in_scale_275.xml,rolled-in_scale_275.jpg,rolled-in_scale,43.0,6.0,116.0,114.0,73.0,108.0,7884.0,0.6759259259259259
rolled-in_scale_276.xml,rolled-in_scale_276.jpg,rolled-in_scale,78.0,1.0,133.0,47.0,55.0,46.0,2530.0,1.1956521739130435
rolled-in_scale_276.xml,rolled-in_scale_276.jpg,rolled-in_scale,1.0,32.0,49.0,76.0,48.0,44.0,2112.0,1.0909090909090908
rolled-in_scale_277.xml,rolled-in_scale_277.jpg,rolled-in_scale,1.0,130.0,67.0,196.0,66.0,66.0,4356.0,1.0
rolled-in_scale_277.xml,rolled-in_scale_277.jpg,rolled-in_scale,150.0,26.0,200.0,128.0,50.0,102.0,5100.0,0.49019607843137253
rolled-in_scale_277.xml,rolled-in_scale_277.jpg,rolled-in_scale,107.0,25.0,149.0,71.0,42.0,46.0,1932.0,0.9130434782608695
rolled-in_scale_278.xml,rolled-in_scale_278.jpg,rolled-in_scale,1.0,36.0,54.0,179.0,53.0,143.0,7579.0,0.3706293706293706
rolled-in_scale_278.xml,rolled-in_scale_278.jpg,rolled-in_scale,57.0,45.0,136.0,164.0,79.0,119.0,9401.0,0.6638655462184874
rolled-in_scale_278.xml,rolled-in_scale_278.jpg,rolled-in_scale,97.0,128.0,196.0,197.0,99.0,69.0,6831.0,1.434782608695652
rolled-in_scale_279.xml,rolled-in_scale_279.jpg,rolled-in_scale,33.0,60.0,115.0,195.0,82.0,135.0,11070.0,0.6074074074074074
rolled-in_scale_279.xml,rolled-in_scale_279.jpg,rolled-in_scale,30.0,5.0,135.0,59.0,105.0,54.0,5670.0,1.9444444444444444
rolled-in_scale_279.xml,rolled-in_scale_279.jpg,rolled-in_scale,120.0,38.0,189.0,150.0,69.0,112.0,7728.0,0.6160714285714286
rolled-in_scale_28.xml,rolled-in_scale_28.jpg,rolled-in_scale,90.0,67.0,150.0,136.0,60.0,69.0,4140.0,0.8695652173913043
rolled-in_scale_280.xml,rolled-in_scale_280.jpg,rolled-in_scale,65.0,113.0,162.0,198.0,97.0,85.0,8245.0,1.1411764705882352
rolled-in_scale_280.xml,rolled-in_scale_280.jpg,rolled-in_scale,80.0,28.0,150.0,91.0,70.0,63.0,4410.0,1.1111111111111112
rolled-in_scale_281.xml,rolled-in_scale_281.jpg,rolled-in_scale,96.0,69.0,151.0,198.0,55.0,129.0,7095.0,0.4263565891472868
rolled-in_scale_281.xml,rolled-in_scale_281.jpg,rolled-in_scale,96.0,1.0,142.0,62.0,46.0,61.0,2806.0,0.7540983606557377
rolled-in_scale_281.xml,rolled-in_scale_281.jpg,rolled-in_scale,120.0,166.0,166.0,200.0,46.0,34.0,1564.0,1.3529411764705883
rolled-in_scale_282.xml,rolled-in_scale_282.jpg,rolled-in_scale,31.0,91.0,161.0,200.0,130.0,109.0,14170.0,1.1926605504587156
rolled-in_scale_282.xml,rolled-in_scale_282.jpg,rolled-in_scale,109.0,1.0,161.0,50.0,52.0,49.0,2548.0,1.0612244897959184
rolled-in_scale_283.xml,rolled-in_scale_283.jpg,rolled-in_scale,102.0,85.0,170.0,197.0,68.0,112.0,7616.0,0.6071428571428571
rolled-in_scale_283.xml,rolled-in_scale_283.jpg,rolled-in_scale,30.0,3.0,176.0,87.0,146.0,84.0,12264.0,1.7380952380952381
rolled-in_scale_283.xml,rolled-in_scale_283.jpg,rolled-in_scale,30.0,141.0,75.0,196.0,45.0,55.0,2475.0,0.8181818181818182
rolled-in_scale_284.xml,rolled-in_scale_284.jpg,rolled-in_scale,55.0,98.0,131.0,199.0,76.0,101.0,7676.0,0.7524752475247525
rolled-in_scale_285.xml,rolled-in_scale_285.jpg,rolled-in_scale,35.0,1.0,171.0,58.0,136.0,57.0,7752.0,2.3859649122807016
rolled-in_scale_285.xml,rolled-in_scale_285.jpg,rolled-in_scale,40.0,61.0,158.0,191.0,118.0,130.0,15340.0,0.9076923076923077
rolled-in_scale_286.xml,rolled-in_scale_286.jpg,rolled-in_scale,36.0,103.0,152.0,171.0,116.0,68.0,7888.0,1.7058823529411764
rolled-in_scale_286.xml,rolled-in_scale_286.jpg,rolled-in_scale,30.0,15.0,150.0,95.0,120.0,80.0,9600.0,1.5
rolled-in_scale_287.xml,rolled-in_scale_287.jpg,rolled-in_scale,3.0,69.0,101.0,199.0,98.0,130.0,12740.0,0.7538461538461538
rolled-in_scale_287.xml,rolled-in_scale_287.jpg,rolled-in_scale,15.0,1.0,87.0,78.0,72.0,77.0,5544.0,0.935064935064935
rolled-in_scale_288.xml,rolled-in_scale_288.jpg,rolled-in_scale,45.0,13.0,151.0,198.0,106.0,185.0,19610.0,0.572972972972973
rolled-in_scale_288.xml,rolled-in_scale_288.jpg,rolled-in_scale,59.0,6.0,162.0,92.0,103.0,86.0,8858.0,1.197674418604651
rolled-in_scale_289.xml,rolled-in_scale_289.jpg,rolled-in_scale,68.0,61.0,195.0,178.0,127.0,117.0,14859.0,1.0854700854700854
rolled-in_scale_289.xml,rolled-in_scale_289.jpg,rolled-in_scale,86.0,1.0,183.0,83.0,97.0,82.0,7954.0,1.1829268292682926
rolled-in_scale_29.xml,rolled-in_scale_29.jpg,rolled-in_scale,36.0,74.0,72.0,123.0,36.0,49.0,1764.0,0.7346938775510204
rolled-in_scale_29.xml,rolled-in_scale_29.jpg,rolled-in_scale,90.0,134.0,131.0,163.0,41.0,29.0,1189.0,1.4137931034482758
rolled-in_scale_29.xml,rolled-in_scale_29.jpg,rolled-in_scale,128.0,2.0,192.0,37.0,64.0,35.0,2240.0,1.8285714285714285
rolled-in_scale_290.xml,rolled-in_scale_290.jpg,rolled-in_scale,1.0,1.0,126.0,77.0,125.0,76.0,9500.0,1.644736842105263
rolled-in_scale_290.xml,rolled-in_scale_290.jpg,rolled-in_scale,23.0,113.0,120.0,198.0,97.0,85.0,8245.0,1.1411764705882352
rolled-in_scale_291.xml,rolled-in_scale_291.jpg,rolled-in_scale,130.0,72.0,199.0,197.0,69.0,125.0,8625.0,0.552
rolled-in_scale_291.xml,rolled-in_scale_291.jpg,rolled-in_scale,85.0,1.0,187.0,28.0,102.0,27.0,2754.0,3.7777777777777777
rolled-in_scale_291.xml,rolled-in_scale_291.jpg,rolled-in_scale,80.0,48.0,143.0,92.0,63.0,44.0,2772.0,1.4318181818181819
rolled-in_scale_292.xml,rolled-in_scale_292.jpg,rolled-in_scale,24.0,124.0,162.0,200.0,138.0,76.0,10488.0,1.8157894736842106
rolled-in_scale_292.xml,rolled-in_scale_292.jpg,rolled-in_scale,70.0,41.0,143.0,132.0,73.0,91.0,6643.0,0.8021978021978022
rolled-in_scale_292.xml,rolled-in_scale_292.jpg,rolled-in_scale,95.0,1.0,146.0,51.0,51.0,50.0,2550.0,1.02
rolled-in_scale_292.xml,rolled-in_scale_292.jpg,rolled-in_scale,47.0,11.0,90.0,46.0,43.0,35.0,1505.0,1.2285714285714286
rolled-in_scale_293.xml,rolled-in_scale_293.jpg,rolled-in_scale,40.0,3.0,167.0,59.0,127.0,56.0,7112.0,2.267857142857143
rolled-in_scale_293.xml,rolled-in_scale_293.jpg,rolled-in_scale,39.0,110.0,164.0,191.0,125.0,81.0,10125.0,1.5432098765432098
rolled-in_scale_294.xml,rolled-in_scale_294.jpg,rolled-in_scale,29.0,21.0,112.0,179.0,83.0,158.0,13114.0,0.5253164556962026
rolled-in_scale_294.xml,rolled-in_scale_294.jpg,rolled-in_scale,116.0,98.0,163.0,199.0,47.0,101.0,4747.0,0.46534653465346537
rolled-in_scale_295.xml,rolled-in_scale_295.jpg,rolled-in_scale,52.0,109.0,167.0,198.0,115.0,89.0,10235.0,1.2921348314606742
rolled-in_scale_295.xml,rolled-in_scale_295.jpg,rolled-in_scale,109.0,1.0,163.0,96.0,54.0,95.0,5130.0,0.5684210526315789
rolled-in_scale_295.xml,rolled-in_scale_295.jpg,rolled-in_scale,32.0,2.0,97.0,106.0,65.0,104.0,6760.0,0.625
rolled-in_scale_296.xml,rolled-in_scale_296.jpg,rolled-in_scale,2.0,36.0,112.0,191.0,110.0,155.0,17050.0,0.7096774193548387
rolled-in_scale_297.xml,rolled-in_scale_297.jpg,rolled-in_scale,54.0,45.0,126.0,197.0,72.0,152.0,10944.0,0.47368421052631576
rolled-in_scale_297.xml,rolled-in_scale_297.jpg,rolled-in_scale,104.0,96.0,168.0,177.0,64.0,81.0,5184.0,0.7901234567901234
rolled-in_scale_298.xml,rolled-in_scale_298.jpg,rolled-in_scale,73.0,147.0,141.0,199.0,68.0,52.0,3536.0,1.3076923076923077
rolled-in_scale_299.xml,rolled-in_scale_299.jpg,rolled-in_scale,41.0,82.0,153.0,198.0,112.0,116.0,12992.0,0.9655172413793104
rolled-in_scale_299.xml,rolled-in_scale_299.jpg,rolled-in_scale,46.0,1.0,107.0,37.0,61.0,36.0,2196.0,1.6944444444444444
rolled-in_scale_3.xml,rolled-in_scale_3.jpg,rolled-in_scale,68.0,63.0,139.0,139.0,71.0,76.0,5396.0,0.9342105263157895
rolled-in_scale_3.xml,rolled-in_scale_3.jpg,rolled-in_scale,99.0,1.0,145.0,39.0,46.0,38.0,1748.0,1.2105263157894737
rolled-in_scale_30.xml,rolled-in_scale_30.jpg,rolled-in_scale,43.0,84.0,81.0,112.0,38.0,28.0,1064.0,1.3571428571428572
rolled-in_scale_30.xml,rolled-in_scale_30.jpg,rolled-in_scale,52.0,20.0,149.0,47.0,97.0,27.0,2619.0,3.5925925925925926
rolled-in_scale_300.xml,rolled-in_scale_300.jpg,rolled-in_scale,53.0,126.0,125.0,200.0,72.0,74.0,5328.0,0.972972972972973
rolled-in_scale_300.xml,rolled-in_scale_300.jpg,rolled-in_scale,63.0,11.0,108.0,77.0,45.0,66.0,2970.0,0.6818181818181818
rolled-in_scale_31.xml,rolled-in_scale_31.jpg,rolled-in_scale,81.0,128.0,151.0,191.0,70.0,63.0,4410.0,1.1111111111111112
rolled-in_scale_32.xml,rolled-in_scale_32.jpg,rolled-in_scale,85.0,37.0,137.0,103.0,52.0,66.0,3432.0,0.7878787878787878
rolled-in_scale_33.xml,rolled-in_scale_33.jpg,rolled-in_scale,119.0,31.0,172.0,123.0,53.0,92.0,4876.0,0.5760869565217391
rolled-in_scale_34.xml,rolled-in_scale_34.jpg,rolled-in_scale,43.0,18.0,91.0,70.0,48.0,52.0,2496.0,0.9230769230769231
rolled-in_scale_35.xml,rolled-in_scale_35.jpg,rolled-in_scale,126.0,8.0,181.0,58.0,55.0,50.0,2750.0,1.1
rolled-in_scale_35.xml,rolled-in_scale_35.jpg,rolled-in_scale,117.0,77.0,166.0,127.0,49.0,50.0,2450.0,0.98
rolled-in_scale_35.xml,rolled-in_scale_35.jpg,rolled-in_scale,123.0,165.0,193.0,199.0,70.0,34.0,2380.0,2.0588235294117645
rolled-in_scale_36.xml,rolled-in_scale_36.jpg,rolled-in_scale,92.0,9.0,140.0,56.0,48.0,47.0,2256.0,1.0212765957446808
rolled-in_scale_36.xml,rolled-in_scale_36.jpg,rolled-in_scale,84.0,163.0,154.0,199.0,70.0,36.0,2520.0,1.9444444444444444
rolled-in_scale_36.xml,rolled-in_scale_36.jpg,rolled-in_scale,76.0,69.0,136.0,134.0,60.0,65.0,3900.0,0.9230769230769231
rolled-in_scale_36.xml,rolled-in_scale_36.jpg,rolled-in_scale,65.0,30.0,124.0,91.0,59.0,61.0,3599.0,0.9672131147540983
rolled-in_scale_37.xml,rolled-in_scale_37.jpg,rolled-in_scale,32.0,13.0,82.0,99.0,50.0,86.0,4300.0,0.5813953488372093
rolled-in_scale_37.xml,rolled-in_scale_37.jpg,rolled-in_scale,46.0,164.0,119.0,199.0,73.0,35.0,2555.0,2.085714285714286
rolled-in_scale_37.xml,rolled-in_scale_37.jpg,rolled-in_scale,37.0,74.0,94.0,132.0,57.0,58.0,3306.0,0.9827586206896551
rolled-in_scale_37.xml,rolled-in_scale_37.jpg,rolled-in_scale,55.0,21.0,106.0,61.0,51.0,40.0,2040.0,1.275
rolled-in_scale_38.xml,rolled-in_scale_38.jpg,rolled-in_scale,117.0,94.0,191.0,189.0,74.0,95.0,7030.0,0.7789473684210526
rolled-in_scale_38.xml,rolled-in_scale_38.jpg,rolled-in_scale,116.0,16.0,191.0,48.0,75.0,32.0,2400.0,2.34375
rolled-in_scale_39.xml,rolled-in_scale_39.jpg,rolled-in_scale,68.0,96.0,136.0,190.0,68.0,94.0,6392.0,0.723404255319149
rolled-in_scale_39.xml,rolled-in_scale_39.jpg,rolled-in_scale,57.0,7.0,110.0,52.0,53.0,45.0,2385.0,1.1777777777777778
rolled-in_scale_39.xml,rolled-in_scale_39.jpg,rolled-in_scale,46.0,148.0,156.0,186.0,110.0,38.0,4180.0,2.8947368421052633
rolled-in_scale_4.xml,rolled-in_scale_4.jpg,rolled-in_scale,40.0,132.0,138.0,199.0,98.0,67.0,6566.0,1.462686567164179
rolled-in_scale_4.xml,rolled-in_scale_4.jpg,rolled-in_scale,81.0,1.0,125.0,92.0,44.0,91.0,4004.0,0.4835164835164835
rolled-in_scale_40.xml,rolled-in_scale_40.jpg,rolled-in_scale,12.0,10.0,60.0,63.0,48.0,53.0,2544.0,0.9056603773584906
rolled-in_scale_40.xml,rolled-in_scale_40.jpg,rolled-in_scale,132.0,20.0,187.0,64.0,55.0,44.0,2420.0,1.25
rolled-in_scale_40.xml,rolled-in_scale_40.jpg,rolled-in_scale,1.0,101.0,83.0,140.0,82.0,39.0,3198.0,2.1025641025641026
rolled-in_scale_40.xml,rolled-in_scale_40.jpg,rolled-in_scale,3.0,159.0,80.0,191.0,77.0,32.0,2464.0,2.40625
rolled-in_scale_41.xml,rolled-in_scale_41.jpg,rolled-in_scale,128.0,66.0,197.0,199.0,69.0,133.0,9177.0,0.518796992481203
rolled-in_scale_41.xml,rolled-in_scale_41.jpg,rolled-in_scale,120.0,1.0,192.0,34.0,72.0,33.0,2376.0,2.1818181818181817
rolled-in_scale_42.xml,rolled-in_scale_42.jpg,rolled-in_scale,82.0,77.0,155.0,198.0,73.0,121.0,8833.0,0.6033057851239669
rolled-in_scale_42.xml,rolled-in_scale_42.jpg,rolled-in_scale,71.0,8.0,138.0,36.0,67.0,28.0,1876.0,2.392857142857143
rolled-in_scale_43.xml,rolled-in_scale_43.jpg,rolled-in_scale,37.0,92.0,109.0,197.0,72.0,105.0,7560.0,0.6857142857142857
rolled-in_scale_43.xml,rolled-in_scale_43.jpg,rolled-in_scale,20.0,7.0,94.0,40.0,74.0,33.0,2442.0,2.242424242424242
rolled-in_scale_43.xml,rolled-in_scale_43.jpg,rolled-in_scale,23.0,14.0,88.0,96.0,65.0,82.0,5330.0,0.7926829268292683
rolled-in_scale_44.xml,rolled-in_scale_44.jpg,rolled-in_scale,121.0,119.0,168.0,199.0,47.0,80.0,3760.0,0.5875
rolled-in_scale_44.xml,rolled-in_scale_44.jpg,rolled-in_scale,143.0,9.0,186.0,64.0,43.0,55.0,2365.0,0.7818181818181819
rolled-in_scale_45.xml,rolled-in_scale_45.jpg,rolled-in_scale,119.0,68.0,170.0,131.0,51.0,63.0,3213.0,0.8095238095238095
rolled-in_scale_45.xml,rolled-in_scale_45.jpg,rolled-in_scale,126.0,144.0,168.0,199.0,42.0,55.0,2310.0,0.7636363636363637
rolled-in_scale_46.xml,rolled-in_scale_46.jpg,rolled-in_scale,18.0,111.0,67.0,200.0,49.0,89.0,4361.0,0.550561797752809
rolled-in_scale_46.xml,rolled-in_scale_46.jpg,rolled-in_scale,41.0,1.0,85.0,58.0,44.0,57.0,2508.0,0.7719298245614035
rolled-in_scale_47.xml,rolled-in_scale_47.jpg,rolled-in_scale,48.0,17.0,99.0,91.0,51.0,74.0,3774.0,0.6891891891891891
rolled-in_scale_47.xml,rolled-in_scale_47.jpg,rolled-in_scale,33.0,103.0,109.0,199.0,76.0,96.0,7296.0,0.7916666666666666
rolled-in_scale_48.xml,rolled-in_scale_48.jpg,rolled-in_scale,133.0,127.0,200.0,197.0,67.0,70.0,4690.0,0.9571428571428572
rolled-in_scale_48.xml,rolled-in_scale_48.jpg,rolled-in_scale,136.0,29.0,175.0,74.0,39.0,45.0,1755.0,0.8666666666666667
rolled-in_scale_48.xml,rolled-in_scale_48.jpg,rolled-in_scale,110.0,62.0,200.0,135.0,90.0,73.0,6570.0,1.2328767123287672
rolled-in_scale_49.xml,rolled-in_scale_49.jpg,rolled-in_scale,14.0,65.0,153.0,123.0,139.0,58.0,8062.0,2.396551724137931
rolled-in_scale_49.xml,rolled-in_scale_49.jpg,rolled-in_scale,84.0,24.0,119.0,62.0,35.0,38.0,1330.0,0.9210526315789473
rolled-in_scale_49.xml,rolled-in_scale_49.jpg,rolled-in_scale,37.0,125.0,150.0,187.0,113.0,62.0,7006.0,1.8225806451612903
rolled-in_scale_5.xml,rolled-in_scale_5.jpg,rolled-in_scale,32.0,102.0,120.0,189.0,88.0,87.0,7656.0,1.0114942528735633
rolled-in_scale_5.xml,rolled-in_scale_5.jpg,rolled-in_scale,52.0,25.0,105.0,92.0,53.0,67.0,3551.0,0.7910447761194029
rolled-in_scale_50.xml,rolled-in_scale_50.jpg,rolled-in_scale,73.0,60.0,163.0,127.0,90.0,67.0,6030.0,1.3432835820895523
rolled-in_scale_50.xml,rolled-in_scale_50.jpg,rolled-in_scale,59.0,1.0,158.0,58.0,99.0,57.0,5643.0,1.736842105263158
rolled-in_scale_50.xml,rolled-in_scale_50.jpg,rolled-in_scale,2.0,3.0,52.0,53.0,50.0,50.0,2500.0,1.0
rolled-in_scale_50.xml,rolled-in_scale_50.jpg,rolled-in_scale,89.0,162.0,139.0,199.0,50.0,37.0,1850.0,1.3513513513513513
rolled-in_scale_51.xml,rolled-in_scale_51.jpg,rolled-in_scale,132.0,3.0,200.0,86.0,68.0,83.0,5644.0,0.8192771084337349
rolled-in_scale_51.xml,rolled-in_scale_51.jpg,rolled-in_scale,1.0,161.0,81.0,200.0,80.0,39.0,3120.0,2.051282051282051
rolled-in_scale_51.xml,rolled-in_scale_51.jpg,rolled-in_scale,133.0,126.0,199.0,156.0,66.0,30.0,1980.0,2.2
rolled-in_scale_52.xml,rolled-in_scale_52.jpg,rolled-in_scale,159.0,7.0,200.0,83.0,41.0,76.0,3116.0,0.5394736842105263
rolled-in_scale_52.xml,rolled-in_scale_52.jpg,rolled-in_scale,24.0,84.0,124.0,140.0,100.0,56.0,5600.0,1.7857142857142858
rolled-in_scale_52.xml,rolled-in_scale_52.jpg,rolled-in_scale,140.0,80.0,199.0,197.0,59.0,117.0,6903.0,0.5042735042735043
rolled-in_scale_53.xml,rolled-in_scale_53.jpg,rolled-in_scale,130.0,36.0,187.0,177.0,57.0,141.0,8037.0,0.40425531914893614
rolled-in_scale_53.xml,rolled-in_scale_53.jpg,rolled-in_scale,117.0,1.0,194.0,33.0,77.0,32.0,2464.0,2.40625
rolled-in_scale_54.xml,rolled-in_scale_54.jpg,rolled-in_scale,74.0,14.0,138.0,179.0,64.0,165.0,10560.0,0.3878787878787879
rolled-in_scale_55.xml,rolled-in_scale_55.jpg,rolled-in_scale,6.0,22.0,66.0,177.0,60.0,155.0,9300.0,0.3870967741935484
rolled-in_scale_55.xml,rolled-in_scale_55.jpg,rolled-in_scale,145.0,12.0,175.0,60.0,30.0,48.0,1440.0,0.625
rolled-in_scale_56.xml,rolled-in_scale_56.jpg,rolled-in_scale,87.0,13.0,152.0,68.0,65.0,55.0,3575.0,1.1818181818181819
rolled-in_scale_56.xml,rolled-in_scale_56.jpg,rolled-in_scale,82.0,122.0,148.0,182.0,66.0,60.0,3960.0,1.1
rolled-in_scale_57.xml,rolled-in_scale_57.jpg,rolled-in_scale,29.0,145.0,196.0,194.0,167.0,49.0,8183.0,3.4081632653061225
rolled-in_scale_57.xml,rolled-in_scale_57.jpg,rolled-in_scale,46.0,42.0,83.0,126.0,37.0,84.0,3108.0,0.44047619047619047
rolled-in_scale_58.xml,rolled-in_scale_58.jpg,rolled-in_scale,84.0,57.0,132.0,184.0,48.0,127.0,6096.0,0.3779527559055118
rolled-in_scale_59.xml,rolled-in_scale_59.jpg,rolled-in_scale,76.0,56.0,175.0,158.0,99.0,102.0,10098.0,0.9705882352941176
rolled-in_scale_6.xml,rolled-in_scale_6.jpg,rolled-in_scale,23.0,15.0,114.0,94.0,91.0,79.0,7189.0,1.1518987341772151
rolled-in_scale_6.xml,rolled-in_scale_6.jpg,rolled-in_scale,47.0,89.0,116.0,161.0,69.0,72.0,4968.0,0.9583333333333334
rolled-in_scale_6.xml,rolled-in_scale_6.jpg,rolled-in_scale,45.0,148.0,90.0,199.0,45.0,51.0,2295.0,0.8823529411764706
rolled-in_scale_60.xml,rolled-in_scale_60.jpg,rolled-in_scale,42.0,10.0,155.0,107.0,113.0,97.0,10961.0,1.1649484536082475
rolled-in_scale_60.xml,rolled-in_scale_60.jpg,rolled-in_scale,53.0,145.0,134.0,200.0,81.0,55.0,4455.0,1.4727272727272727
rolled-in_scale_61.xml,rolled-in_scale_61.jpg,rolled-in_scale,74.0,56.0,138.0,199.0,64.0,143.0,9152.0,0.44755244755244755
rolled-in_scale_62.xml,rolled-in_scale_62.jpg,rolled-in_scale,94.0,60.0,148.0,121.0,54.0,61.0,3294.0,0.8852459016393442
rolled-in_scale_62.xml,rolled-in_scale_62.jpg,rolled-in_scale,128.0,1.0,173.0,27.0,45.0,26.0,1170.0,1.7307692307692308
rolled-in_scale_62.xml,rolled-in_scale_62.jpg,rolled-in_scale,132.0,147.0,181.0,200.0,49.0,53.0,2597.0,0.9245283018867925
rolled-in_scale_63.xml,rolled-in_scale_63.jpg,rolled-in_scale,54.0,9.0,108.0,66.0,54.0,57.0,3078.0,0.9473684210526315
rolled-in_scale_63.xml,rolled-in_scale_63.jpg,rolled-in_scale,100.0,69.0,158.0,148.0,58.0,79.0,4582.0,0.7341772151898734
rolled-in_scale_64.xml,rolled-in_scale_64.jpg,rolled-in_scale,86.0,1.0,198.0,64.0,112.0,63.0,7056.0,1.7777777777777777
rolled-in_scale_64.xml,rolled-in_scale_64.jpg,rolled-in_scale,90.0,92.0,167.0,147.0,77.0,55.0,4235.0,1.4
rolled-in_scale_65.xml,rolled-in_scale_65.jpg,rolled-in_scale,48.0,1.0,157.0,67.0,109.0,66.0,7194.0,1.6515151515151516
rolled-in_scale_65.xml,rolled-in_scale_65.jpg,rolled-in_scale,46.0,88.0,132.0,150.0,86.0,62.0,5332.0,1.3870967741935485
rolled-in_scale_66.xml,rolled-in_scale_66.jpg,rolled-in_scale,1.0,3.0,102.0,69.0,101.0,66.0,6666.0,1.5303030303030303
rolled-in_scale_66.xml,rolled-in_scale_66.jpg,rolled-in_scale,1.0,88.0,70.0,145.0,69.0,57.0,3933.0,1.2105263157894737
rolled-in_scale_67.xml,rolled-in_scale_67.jpg,rolled-in_scale,47.0,47.0,124.0,103.0,77.0,56.0,4312.0,1.375
rolled-in_scale_67.xml,rolled-in_scale_67.jpg,rolled-in_scale,32.0,1.0,162.0,35.0,130.0,34.0,4420.0,3.823529411764706
rolled-in_scale_67.xml,rolled-in_scale_67.jpg,rolled-in_scale,166.0,152.0,198.0,198.0,32.0,46.0,1472.0,0.6956521739130435
rolled-in_scale_68.xml,rolled-in_scale_68.jpg,rolled-in_scale,82.0,113.0,200.0,200.0,118.0,87.0,10266.0,1.3563218390804597
rolled-in_scale_69.xml,rolled-in_scale_69.jpg,rolled-in_scale,32.0,91.0,157.0,186.0,125.0,95.0,11875.0,1.3157894736842106
rolled-in_scale_69.xml,rolled-in_scale_69.jpg,rolled-in_scale,48.0,177.0,164.0,200.0,116.0,23.0,2668.0,5.043478260869565
rolled-in_scale_7.xml,rolled-in_scale_7.jpg,rolled-in_scale,68.0,86.0,127.0,160.0,59.0,74.0,4366.0,0.7972972972972973
rolled-in_scale_7.xml,rolled-in_scale_7.jpg,rolled-in_scale,95.0,62.0,139.0,82.0,44.0,20.0,880.0,2.2
rolled-in_scale_70.xml,rolled-in_scale_70.jpg,rolled-in_scale,2.0,76.0,103.0,200.0,101.0,124.0,12524.0,0.8145161290322581
rolled-in_scale_70.xml,rolled-in_scale_70.jpg,rolled-in_scale,145.0,58.0,182.0,110.0,37.0,52.0,1924.0,0.7115384615384616
rolled-in_scale_70.xml,rolled-in_scale_70.jpg,rolled-in_scale,141.0,169.0,197.0,195.0,56.0,26.0,1456.0,2.1538461538461537
rolled-in_scale_71.xml,rolled-in_scale_71.jpg,rolled-in_scale,81.0,1.0,187.0,82.0,106.0,81.0,8586.0,1.308641975308642
rolled-in_scale_71.xml,rolled-in_scale_71.jpg,rolled-in_scale,79.0,142.0,135.0,171.0,56.0,29.0,1624.0,1.9310344827586208
rolled-in_scale_72.xml,rolled-in_scale_72.jpg,rolled-in_scale,10.0,21.0,110.0,108.0,100.0,87.0,8700.0,1.1494252873563218
rolled-in_scale_72.xml,rolled-in_scale_72.jpg,rolled-in_scale,9.0,169.0,59.0,200.0,50.0,31.0,1550.0,1.6129032258064515
rolled-in_scale_72.xml,rolled-in_scale_72.jpg,rolled-in_scale,153.0,79.0,199.0,105.0,46.0,26.0,1196.0,1.7692307692307692
rolled-in_scale_73.xml,rolled-in_scale_73.jpg,rolled-in_scale,104.0,27.0,147.0,65.0,43.0,38.0,1634.0,1.131578947368421
rolled-in_scale_73.xml,rolled-in_scale_73.jpg,rolled-in_scale,126.0,83.0,178.0,181.0,52.0,98.0,5096.0,0.5306122448979592
rolled-in_scale_74.xml,rolled-in_scale_74.jpg,rolled-in_scale,61.0,61.0,108.0,118.0,47.0,57.0,2679.0,0.8245614035087719
rolled-in_scale_74.xml,rolled-in_scale_74.jpg,rolled-in_scale,91.0,110.0,158.0,184.0,67.0,74.0,4958.0,0.9054054054054054
rolled-in_scale_75.xml,rolled-in_scale_75.jpg,rolled-in_scale,44.0,86.0,172.0,159.0,128.0,73.0,9344.0,1.7534246575342465
rolled-in_scale_75.xml,rolled-in_scale_75.jpg,rolled-in_scale,37.0,11.0,97.0,97.0,60.0,86.0,5160.0,0.6976744186046512
rolled-in_scale_76.xml,rolled-in_scale_76.jpg,rolled-in_scale,94.0,80.0,199.0,138.0,105.0,58.0,6090.0,1.8103448275862069
rolled-in_scale_76.xml,rolled-in_scale_76.jpg,rolled-in_scale,93.0,9.0,199.0,71.0,106.0,62.0,6572.0,1.7096774193548387
rolled-in_scale_77.xml,rolled-in_scale_77.jpg,rolled-in_scale,91.0,3.0,159.0,49.0,68.0,46.0,3128.0,1.4782608695652173
rolled-in_scale_77.xml,rolled-in_scale_77.jpg,rolled-in_scale,57.0,71.0,156.0,198.0,99.0,127.0,12573.0,0.7795275590551181
rolled-in_scale_78.xml,rolled-in_scale_78.jpg,rolled-in_scale,83.0,11.0,179.0,69.0,96.0,58.0,5568.0,1.6551724137931034
rolled-in_scale_78.xml,rolled-in_scale_78.jpg,rolled-in_scale,95.0,80.0,178.0,197.0,83.0,117.0,9711.0,0.7094017094017094
rolled-in_scale_79.xml,rolled-in_scale_79.jpg,rolled-in_scale,30.0,27.0,138.0,96.0,108.0,69.0,7452.0,1.565217391304348
rolled-in_scale_79.xml,rolled-in_scale_79.jpg,rolled-in_scale,36.0,108.0,140.0,172.0,104.0,64.0,6656.0,1.625
rolled-in_scale_8.xml,rolled-in_scale_8.jpg,rolled-in_scale,28.0,124.0,166.0,186.0,138.0,62.0,8556.0,2.225806451612903
rolled-in_scale_8.xml,rolled-in_scale_8.jpg,rolled-in_scale,96.0,25.0,149.0,107.0,53.0,82.0,4346.0,0.6463414634146342
rolled-in_scale_81.xml,rolled-in_scale_81.jpg,rolled-in_scale,65.0,11.0,146.0,95.0,81.0,84.0,6804.0,0.9642857142857143
rolled-in_scale_81.xml,rolled-in_scale_81.jpg,rolled-in_scale,56.0,104.0,151.0,172.0,95.0,68.0,6460.0,1.3970588235294117
rolled-in_scale_81.xml,rolled-in_scale_81.jpg,rolled-in_scale,21.0,178.0,117.0,199.0,96.0,21.0,2016.0,4.571428571428571
rolled-in_scale_82.xml,rolled-in_scale_82.jpg,rolled-in_scale,68.0,7.0,145.0,70.0,77.0,63.0,4851.0,1.2222222222222223
rolled-in_scale_82.xml,rolled-in_scale_82.jpg,rolled-in_scale,54.0,82.0,157.0,174.0,103.0,92.0,9476.0,1.1195652173913044
rolled-in_scale_83.xml,rolled-in_scale_83.jpg,rolled-in_scale,114.0,1.0,186.0,34.0,72.0,33.0,2376.0,2.1818181818181817
rolled-in_scale_83.xml,rolled-in_scale_83.jpg,rolled-in_scale,49.0,40.0,142.0,89.0,93.0,49.0,4557.0,1.8979591836734695
rolled-in_scale_83.xml,rolled-in_scale_83.jpg,rolled-in_scale,118.0,79.0,196.0,196.0,78.0,117.0,9126.0,0.6666666666666666
rolled-in_scale_84.xml,rolled-in_scale_84.jpg,rolled-in_scale,133.0,70.0,180.0,163.0,47.0,93.0,4371.0,0.5053763440860215
rolled-in_scale_84.xml,rolled-in_scale_84.jpg,rolled-in_scale,81.0,175.0,165.0,199.0,84.0,24.0,2016.0,3.5
rolled-in_scale_85.xml,rolled-in_scale_85.jpg,rolled-in_scale,138.0,10.0,189.0,65.0,51.0,55.0,2805.0,0.9272727272727272
rolled-in_scale_85.xml,rolled-in_scale_85.jpg,rolled-in_scale,130.0,96.0,186.0,200.0,56.0,104.0,5824.0,0.5384615384615384
rolled-in_scale_86.xml,rolled-in_scale_86.jpg,rolled-in_scale,72.0,14.0,177.0,65.0,105.0,51.0,5355.0,2.0588235294117645
rolled-in_scale_86.xml,rolled-in_scale_86.jpg,rolled-in_scale,61.0,100.0,180.0,199.0,119.0,99.0,11781.0,1.202020202020202
rolled-in_scale_87.xml,rolled-in_scale_87.jpg,rolled-in_scale,117.0,67.0,197.0,178.0,80.0,111.0,8880.0,0.7207207207207207
rolled-in_scale_87.xml,rolled-in_scale_87.jpg,rolled-in_scale,117.0,1.0,158.0,35.0,41.0,34.0,1394.0,1.2058823529411764
rolled-in_scale_88.xml,rolled-in_scale_88.jpg,rolled-in_scale,41.0,27.0,114.0,152.0,73.0,125.0,9125.0,0.584
rolled-in_scale_88.xml,rolled-in_scale_88.jpg,rolled-in_scale,107.0,40.0,166.0,166.0,59.0,126.0,7434.0,0.46825396825396826
rolled-in_scale_89.xml,rolled-in_scale_89.jpg,rolled-in_scale,9.0,2.0,93.0,103.0,84.0,101.0,8484.0,0.8316831683168316
rolled-in_scale_89.xml,rolled-in_scale_89.jpg,rolled-in_scale,75.0,1.0,133.0,113.0,58.0,112.0,6496.0,0.5178571428571429
rolled-in_scale_9.xml,rolled-in_scale_9.jpg,rolled-in_scale,74.0,42.0,174.0,102.0,100.0,60.0,6000.0,1.6666666666666667
rolled-in_scale_90.xml,rolled-in_scale_90.jpg,rolled-in_scale,87.0,1.0,198.0,48.0,111.0,47.0,5217.0,2.3617021276595747
rolled-in_scale_90.xml,rolled-in_scale_90.jpg,rolled-in_scale,74.0,139.0,199.0,197.0,125.0,58.0,7250.0,2.1551724137931036
rolled-in_scale_91.xml,rolled-in_scale_91.jpg,rolled-in_scale,3.0,111.0,120.0,187.0,117.0,76.0,8892.0,1.5394736842105263
rolled-in_scale_91.xml,rolled-in_scale_91.jpg,rolled-in_scale,26.0,1.0,138.0,31.0,112.0,30.0,3360.0,3.7333333333333334
rolled-in_scale_92.xml,rolled-in_scale_92.jpg,rolled-in_scale,99.0,32.0,163.0,180.0,64.0,148.0,9472.0,0.43243243243243246
rolled-in_scale_93.xml,rolled-in_scale_93.jpg,rolled-in_scale,84.0,100.0,163.0,200.0,79.0,100.0,7900.0,0.79
rolled-in_scale_93.xml,rolled-in_scale_93.jpg,rolled-in_scale,57.0,54.0,178.0,149.0,121.0,95.0,11495.0,1.2736842105263158
rolled-in_scale_94.xml,rolled-in_scale_94.jpg,rolled-in_scale,86.0,9.0,154.0,162.0,68.0,153.0,10404.0,0.4444444444444444
rolled-in_scale_95.xml,rolled-in_scale_95.jpg,rolled-in_scale,52.0,105.0,172.0,161.0,120.0,56.0,6720.0,2.142857142857143
rolled-in_scale_95.xml,rolled-in_scale_95.jpg,rolled-in_scale,70.0,16.0,114.0,36.0,44.0,20.0,880.0,2.2
rolled-in_scale_96.xml,rolled-in_scale_96.jpg,rolled-in_scale,66.0,14.0,183.0,61.0,117.0,47.0,5499.0,2.4893617021276597
rolled-in_scale_96.xml,rolled-in_scale_96.jpg,rolled-in_scale,45.0,107.0,107.0,200.0,62.0,93.0,5766.0,0.6666666666666666
rolled-in_scale_97.xml,rolled-in_scale_97.jpg,rolled-in_scale,62.0,134.0,151.0,186.0,89.0,52.0,4628.0,1.7115384615384615
rolled-in_scale_97.xml,rolled-in_scale_97.jpg,rolled-in_scale,81.0,12.0,140.0,103.0,59.0,91.0,5369.0,0.6483516483516484
rolled-in_scale_98.xml,rolled-in_scale_98.jpg,rolled-in_scale,9.0,12.0,84.0,93.0,75.0,81.0,6075.0,0.9259259259259259
rolled-in_scale_98.xml,rolled-in_scale_98.jpg,rolled-in_scale,122.0,49.0,196.0,200.0,74.0,151.0,11174.0,0.4900662251655629
rolled-in_scale_98.xml,rolled-in_scale_98.jpg,rolled-in_scale,17.0,160.0,82.0,196.0,65.0,36.0,2340.0,1.8055555555555556
rolled-in_scale_99.xml,rolled-in_scale_99.jpg,rolled-in_scale,21.0,77.0,68.0,117.0,47.0,40.0,1880.0,1.175
rolled-in_scale_99.xml,rolled-in_scale_99.jpg,rolled-in_scale,125.0,33.0,195.0,196.0,70.0,163.0,11410.0,0.4294478527607362
scratches_1.xml,scratches_1.jpg,scratches,26.0,12.0,43.0,171.0,17.0,159.0,2703.0,0.1069182389937107
scratches_1.xml,scratches_1.jpg,scratches,8.0,184.0,17.0,196.0,9.0,12.0,108.0,0.75
scratches_10.xml,scratches_10.jpg,scratches,74.0,1.0,119.0,124.0,45.0,123.0,5535.0,0.36585365853658536
scratches_10.xml,scratches_10.jpg,scratches,139.0,1.0,154.0,196.0,15.0,195.0,2925.0,0.07692307692307693
scratches_10.xml,scratches_10.jpg,scratches,84.0,77.0,111.0,150.0,27.0,73.0,1971.0,0.3698630136986301
scratches_100.xml,scratches_100.jpg,scratches,1.0,94.0,200.0,122.0,199.0,28.0,5572.0,7.107142857142857
scratches_101.xml,scratches_101.jpg,scratches,1.0,67.0,199.0,96.0,198.0,29.0,5742.0,6.827586206896552
scratches_102.xml,scratches_102.jpg,scratches,1.0,61.0,200.0,89.0,199.0,28.0,5572.0,7.107142857142857
scratches_103.xml,scratches_103.jpg,scratches,1.0,84.0,172.0,109.0,171.0,25.0,4275.0,6.84
scratches_104.xml,scratches_104.jpg,scratches,1.0,22.0,199.0,54.0,198.0,32.0,6336.0,6.1875
scratches_105.xml,scratches_105.jpg,scratches,1.0,32.0,199.0,58.0,198.0,26.0,5148.0,7.615384615384615
scratches_106.xml,scratches_106.jpg,scratches,2.0,27.0,199.0,53.0,197.0,26.0,5122.0,7.576923076923077
scratches_107.xml,scratches_107.jpg,scratches,1.0,22.0,199.0,50.0,198.0,28.0,5544.0,7.071428571428571
scratches_108.xml,scratches_108.jpg,scratches,42.0,1.0,76.0,199.0,34.0,198.0,6732.0,0.1717171717171717
scratches_108.xml,scratches_108.jpg,inclusion,133.0,129.0,150.0,193.0,17.0,64.0,1088.0,0.265625
scratches_108.xml,scratches_108.jpg,inclusion,159.0,134.0,178.0,184.0,19.0,50.0,950.0,0.38
scratches_108.xml,scratches_108.jpg,inclusion,7.0,145.0,20.0,179.0,13.0,34.0,442.0,0.38235294117647056
scratches_109.xml,scratches_109.jpg,scratches,120.0,1.0,155.0,199.0,35.0,198.0,6930.0,0.17676767676767677
scratches_109.xml,scratches_109.jpg,inclusion,22.0,102.0,38.0,177.0,16.0,75.0,1200.0,0.21333333333333335
scratches_109.xml,scratches_109.jpg,inclusion,69.0,29.0,82.0,65.0,13.0,36.0,468.0,0.3611111111111111
scratches_109.xml,scratches_109.jpg,inclusion,83.0,139.0,95.0,178.0,12.0,39.0,468.0,0.3076923076923077
scratches_109.xml,scratches_109.jpg,inclusion,42.0,152.0,70.0,200.0,28.0,48.0,1344.0,0.5833333333333334
scratches_11.xml,scratches_11.jpg,scratches,5.0,1.0,43.0,147.0,38.0,146.0,5548.0,0.2602739726027397
scratches_11.xml,scratches_11.jpg,scratches,64.0,13.0,81.0,199.0,17.0,186.0,3162.0,0.0913978494623656
scratches_110.xml,scratches_110.jpg,scratches,16.0,1.0,61.0,198.0,45.0,197.0,8865.0,0.22842639593908629
scratches_110.xml,scratches_110.jpg,inclusion,108.0,19.0,126.0,105.0,18.0,86.0,1548.0,0.20930232558139536
scratches_110.xml,scratches_110.jpg,inclusion,134.0,26.0,153.0,70.0,19.0,44.0,836.0,0.4318181818181818
scratches_111.xml,scratches_111.jpg,scratches,50.0,1.0,95.0,199.0,45.0,198.0,8910.0,0.22727272727272727
scratches_111.xml,scratches_111.jpg,inclusion,18.0,1.0,29.0,27.0,11.0,26.0,286.0,0.4230769230769231
scratches_111.xml,scratches_111.jpg,inclusion,144.0,1.0,161.0,71.0,17.0,70.0,1190.0,0.24285714285714285
scratches_111.xml,scratches_111.jpg,inclusion,170.0,1.0,187.0,39.0,17.0,38.0,646.0,0.4473684210526316
scratches_112.xml,scratches_112.jpg,scratches,1.0,1.0,39.0,199.0,38.0,198.0,7524.0,0.1919191919191919
scratches_113.xml,scratches_113.jpg,scratches,69.0,1.0,97.0,199.0,28.0,198.0,5544.0,0.1414141414141414
scratches_113.xml,scratches_113.jpg,scratches,53.0,1.0,69.0,200.0,16.0,199.0,3184.0,0.08040201005025126
scratches_113.xml,scratches_113.jpg,inclusion,161.0,170.0,172.0,193.0,11.0,23.0,253.0,0.4782608695652174
scratches_114.xml,scratches_114.jpg,scratches,133.0,1.0,144.0,199.0,11.0,198.0,2178.0,0.05555555555555555
scratches_114.xml,scratches_114.jpg,scratches,46.0,91.0,59.0,200.0,13.0,109.0,1417.0,0.11926605504587157
scratches_114.xml,scratches_114.jpg,scratches,142.0,1.0,178.0,199.0,36.0,198.0,7128.0,0.18181818181818182
scratches_115.xml,scratches_115.jpg,scratches,47.0,1.0,75.0,199.0,28.0,198.0,5544.0,0.1414141414141414
scratches_115.xml,scratches_115.jpg,scratches,29.0,1.0,44.0,199.0,15.0,198.0,2970.0,0.07575757575757576
scratches_115.xml,scratches_115.jpg,inclusion,138.0,86.0,151.0,121.0,13.0,35.0,455.0,0.37142857142857144
scratches_116.xml,scratches_116.jpg,scratches,84.0,1.0,95.0,199.0,11.0,198.0,2178.0,0.05555555555555555
scratches_116.xml,scratches_116.jpg,scratches,104.0,1.0,131.0,199.0,27.0,198.0,5346.0,0.13636363636363635
scratches_117.xml,scratches_117.jpg,scratches,24.0,40.0,34.0,199.0,10.0,159.0,1590.0,0.06289308176100629
scratches_117.xml,scratches_117.jpg,scratches,108.0,1.0,122.0,199.0,14.0,198.0,2772.0,0.0707070707070707
scratches_117.xml,scratches_117.jpg,scratches,129.0,1.0,154.0,199.0,25.0,198.0,4950.0,0.12626262626262627
scratches_118.xml,scratches_118.jpg,scratches,45.0,1.0,58.0,184.0,13.0,183.0,2379.0,0.07103825136612021
scratches_118.xml,scratches_118.jpg,scratches,64.0,1.0,92.0,200.0,28.0,199.0,5572.0,0.1407035175879397
scratches_118.xml,scratches_118.jpg,inclusion,172.0,116.0,185.0,150.0,13.0,34.0,442.0,0.38235294117647056
scratches_119.xml,scratches_119.jpg,scratches,82.0,1.0,93.0,188.0,11.0,187.0,2057.0,0.058823529411764705
scratches_119.xml,scratches_119.jpg,scratches,99.0,1.0,132.0,200.0,33.0,199.0,6567.0,0.1658291457286432
scratches_12.xml,scratches_12.jpg,scratches,20.0,61.0,35.0,185.0,15.0,124.0,1860.0,0.12096774193548387
scratches_12.xml,scratches_12.jpg,scratches,23.0,1.0,36.0,46.0,13.0,45.0,585.0,0.28888888888888886
scratches_120.xml,scratches_120.jpg,scratches,82.0,1.0,94.0,75.0,12.0,74.0,888.0,0.16216216216216217
scratches_120.xml,scratches_120.jpg,scratches,82.0,140.0,94.0,200.0,12.0,60.0,720.0,0.2
scratches_120.xml,scratches_120.jpg,scratches,102.0,1.0,134.0,199.0,32.0,198.0,6336.0,0.16161616161616163
scratches_120.xml,scratches_120.jpg,inclusion,11.0,118.0,22.0,149.0,11.0,31.0,341.0,0.3548387096774194
scratches_121.xml,scratches_121.jpg,scratches,11.0,1.0,42.0,199.0,31.0,198.0,6138.0,0.15656565656565657
scratches_121.xml,scratches_121.jpg,scratches,139.0,7.0,164.0,143.0,25.0,136.0,3400.0,0.18382352941176472
scratches_121.xml,scratches_121.jpg,inclusion,170.0,16.0,199.0,109.0,29.0,93.0,2697.0,0.3118279569892473
scratches_122.xml,scratches_122.jpg,scratches,16.0,1.0,64.0,198.0,48.0,197.0,9456.0,0.2436548223350254
scratches_122.xml,scratches_122.jpg,inclusion,171.0,137.0,196.0,170.0,25.0,33.0,825.0,0.7575757575757576
scratches_123.xml,scratches_123.jpg,scratches,81.0,1.0,129.0,159.0,48.0,158.0,7584.0,0.3037974683544304
scratches_123.xml,scratches_123.jpg,scratches,55.0,1.0,67.0,164.0,12.0,163.0,1956.0,0.0736196319018405
scratches_123.xml,scratches_123.jpg,scratches,27.0,1.0,43.0,163.0,16.0,162.0,2592.0,0.09876543209876543
scratches_124.xml,scratches_124.jpg,scratches,53.0,1.0,67.0,93.0,14.0,92.0,1288.0,0.15217391304347827
scratches_124.xml,scratches_124.jpg,scratches,145.0,1.0,155.0,69.0,10.0,68.0,680.0,0.14705882352941177
scratches_125.xml,scratches_125.jpg,scratches,20.0,52.0,196.0,156.0,176.0,104.0,18304.0,1.6923076923076923
scratches_126.xml,scratches_126.jpg,scratches,4.0,14.0,186.0,96.0,182.0,82.0,14924.0,2.2195121951219514
scratches_127.xml,scratches_127.jpg,scratches,123.0,1.0,143.0,198.0,20.0,197.0,3940.0,0.10152284263959391
scratches_127.xml,scratches_127.jpg,inclusion,165.0,1.0,200.0,200.0,35.0,199.0,6965.0,0.17587939698492464
scratches_128.xml,scratches_128.jpg,scratches,45.0,1.0,66.0,194.0,21.0,193.0,4053.0,0.10880829015544041
scratches_128.xml,scratches_128.jpg,inclusion,83.0,1.0,185.0,196.0,102.0,195.0,19890.0,0.5230769230769231
scratches_129.xml,scratches_129.jpg,scratches,88.0,1.0,108.0,199.0,20.0,198.0,3960.0,0.10101010101010101
scratches_129.xml,scratches_129.jpg,inclusion,126.0,1.0,198.0,197.0,72.0,196.0,14112.0,0.3673469387755102
scratches_13.xml,scratches_13.jpg,scratches,94.0,57.0,110.0,86.0,16.0,29.0,464.0,0.5517241379310345
scratches_13.xml,scratches_13.jpg,scratches,173.0,110.0,197.0,197.0,24.0,87.0,2088.0,0.27586206896551724
scratches_130.xml,scratches_130.jpg,scratches,54.0,15.0,71.0,198.0,17.0,183.0,3111.0,0.09289617486338798
scratches_130.xml,scratches_130.jpg,inclusion,96.0,1.0,175.0,197.0,79.0,196.0,15484.0,0.4030612244897959
scratches_130.xml,scratches_130.jpg,inclusion,15.0,24.0,45.0,101.0,30.0,77.0,2310.0,0.38961038961038963
scratches_131.xml,scratches_131.jpg,scratches,67.0,12.0,94.0,156.0,27.0,144.0,3888.0,0.1875
scratches_131.xml,scratches_131.jpg,scratches,140.0,6.0,155.0,198.0,15.0,192.0,2880.0,0.078125
scratches_131.xml,scratches_131.jpg,inclusion,98.0,34.0,129.0,107.0,31.0,73.0,2263.0,0.4246575342465753
scratches_131.xml,scratches_131.jpg,inclusion,171.0,34.0,200.0,200.0,29.0,166.0,4814.0,0.1746987951807229
scratches_132.xml,scratches_132.jpg,scratches,103.0,1.0,120.0,96.0,17.0,95.0,1615.0,0.17894736842105263
scratches_132.xml,scratches_132.jpg,scratches,2.0,100.0,196.0,194.0,194.0,94.0,18236.0,2.0638297872340425
scratches_132.xml,scratches_132.jpg,inclusion,133.0,1.0,200.0,198.0,67.0,197.0,13199.0,0.3401015228426396
scratches_133.xml,scratches_133.jpg,scratches,62.0,1.0,107.0,199.0,45.0,198.0,8910.0,0.22727272727272727
scratches_134.xml,scratches_134.jpg,scratches,25.0,1.0,68.0,198.0,43.0,197.0,8471.0,0.2182741116751269
scratches_135.xml,scratches_135.jpg,scratches,128.0,1.0,166.0,199.0,38.0,198.0,7524.0,0.1919191919191919
scratches_135.xml,scratches_135.jpg,inclusion,35.0,28.0,51.0,63.0,16.0,35.0,560.0,0.45714285714285713
scratches_136.xml,scratches_136.jpg,scratches,49.0,1.0,87.0,199.0,38.0,198.0,7524.0,0.1919191919191919
scratches_137.xml,scratches_137.jpg,scratches,89.0,1.0,125.0,197.0,36.0,196.0,7056.0,0.1836734693877551
scratches_137.xml,scratches_137.jpg,inclusion,38.0,124.0,52.0,164.0,14.0,40.0,560.0,0.35
scratches_138.xml,scratches_138.jpg,scratches,143.0,1.0,178.0,199.0,35.0,198.0,6930.0,0.17676767676767677
scratches_138.xml,scratches_138.jpg,inclusion,92.0,120.0,105.0,158.0,13.0,38.0,494.0,0.34210526315789475
scratches_139.xml,scratches_139.jpg,scratches,17.0,1.0,55.0,199.0,38.0,198.0,7524.0,0.1919191919191919
scratches_139.xml,scratches_139.jpg,inclusion,107.0,112.0,127.0,200.0,20.0,88.0,1760.0,0.22727272727272727
scratches_139.xml,scratches_139.jpg,inclusion,133.0,116.0,153.0,173.0,20.0,57.0,1140.0,0.3508771929824561
scratches_14.xml,scratches_14.jpg,scratches,32.0,15.0,47.0,43.0,15.0,28.0,420.0,0.5357142857142857
scratches_14.xml,scratches_14.jpg,scratches,111.0,58.0,142.0,153.0,31.0,95.0,2945.0,0.3263157894736842
scratches_140.xml,scratches_140.jpg,scratches,87.0,1.0,128.0,199.0,41.0,198.0,8118.0,0.20707070707070707
scratches_140.xml,scratches_140.jpg,inclusion,52.0,83.0,66.0,120.0,14.0,37.0,518.0,0.3783783783783784
scratches_140.xml,scratches_140.jpg,inclusion,19.0,112.0,39.0,189.0,20.0,77.0,1540.0,0.2597402597402597
scratches_140.xml,scratches_140.jpg,inclusion,179.0,71.0,195.0,156.0,16.0,85.0,1360.0,0.18823529411764706
scratches_141.xml,scratches_141.jpg,scratches,132.0,1.0,178.0,199.0,46.0,198.0,9108.0,0.23232323232323232
scratches_141.xml,scratches_141.jpg,inclusion,62.0,50.0,85.0,116.0,23.0,66.0,1518.0,0.3484848484848485
scratches_141.xml,scratches_141.jpg,inclusion,96.0,17.0,108.0,50.0,12.0,33.0,396.0,0.36363636363636365
scratches_141.xml,scratches_141.jpg,inclusion,38.0,1.0,58.0,49.0,20.0,48.0,960.0,0.4166666666666667
scratches_141.xml,scratches_141.jpg,inclusion,18.0,64.0,45.0,109.0,27.0,45.0,1215.0,0.6
scratches_142.xml,scratches_142.jpg,scratches,81.0,1.0,97.0,198.0,16.0,197.0,3152.0,0.08121827411167512
scratches_142.xml,scratches_142.jpg,scratches,92.0,1.0,127.0,199.0,35.0,198.0,6930.0,0.17676767676767677
scratches_143.xml,scratches_143.jpg,scratches,14.0,1.0,28.0,199.0,14.0,198.0,2772.0,0.0707070707070707
scratches_143.xml,scratches_143.jpg,scratches,33.0,1.0,60.0,199.0,27.0,198.0,5346.0,0.13636363636363635
scratches_143.xml,scratches_143.jpg,inclusion,123.0,152.0,135.0,180.0,12.0,28.0,336.0,0.42857142857142855
scratches_144.xml,scratches_144.jpg,scratches,49.0,73.0,62.0,198.0,13.0,125.0,1625.0,0.104
scratches_144.xml,scratches_144.jpg,scratches,132.0,1.0,148.0,199.0,16.0,198.0,3168.0,0.08080808080808081
scratches_144.xml,scratches_144.jpg,scratches,154.0,1.0,178.0,199.0,24.0,198.0,4752.0,0.12121212121212122
scratches_145.xml,scratches_145.jpg,scratches,73.0,1.0,89.0,199.0,16.0,198.0,3168.0,0.08080808080808081
scratches_145.xml,scratches_145.jpg,scratches,94.0,1.0,121.0,200.0,27.0,199.0,5373.0,0.135678391959799
scratches_146.xml,scratches_146.jpg,scratches,47.0,1.0,60.0,150.0,13.0,149.0,1937.0,0.087248322147651
scratches_146.xml,scratches_146.jpg,scratches,66.0,1.0,95.0,199.0,29.0,198.0,5742.0,0.14646464646464646
scratches_146.xml,scratches_146.jpg,inclusion,176.0,82.0,188.0,111.0,12.0,29.0,348.0,0.41379310344827586
scratches_147.xml,scratches_147.jpg,scratches,67.0,1.0,78.0,131.0,11.0,130.0,1430.0,0.08461538461538462
scratches_147.xml,scratches_147.jpg,scratches,81.0,1.0,115.0,199.0,34.0,198.0,6732.0,0.1717171717171717
scratches_148.xml,scratches_148.jpg,scratches,129.0,1.0,144.0,150.0,15.0,149.0,2235.0,0.10067114093959731
scratches_148.xml,scratches_148.jpg,scratches,149.0,1.0,182.0,199.0,33.0,198.0,6534.0,0.16666666666666666
scratches_149.xml,scratches_149.jpg,scratches,74.0,1.0,121.0,195.0,47.0,194.0,9118.0,0.2422680412371134
scratches_15.xml,scratches_15.jpg,scratches,36.0,36.0,67.0,107.0,31.0,71.0,2201.0,0.43661971830985913
scratches_15.xml,scratches_15.jpg,scratches,125.0,28.0,136.0,68.0,11.0,40.0,440.0,0.275
scratches_15.xml,scratches_15.jpg,scratches,119.0,127.0,133.0,198.0,14.0,71.0,994.0,0.19718309859154928
scratches_15.xml,scratches_15.jpg,scratches,46.0,77.0,63.0,127.0,17.0,50.0,850.0,0.34
scratches_150.xml,scratches_150.jpg,scratches,126.0,1.0,144.0,199.0,18.0,198.0,3564.0,0.09090909090909091
scratches_151.xml,scratches_151.jpg,scratches,15.0,113.0,31.0,200.0,16.0,87.0,1392.0,0.1839080459770115
scratches_151.xml,scratches_151.jpg,scratches,97.0,1.0,124.0,199.0,27.0,198.0,5346.0,0.13636363636363635
scratches_152.xml,scratches_152.jpg,scratches,26.0,1.0,53.0,200.0,27.0,199.0,5373.0,0.135678391959799
scratches_153.xml,scratches_153.jpg,scratches,114.0,106.0,127.0,199.0,13.0,93.0,1209.0,0.13978494623655913
scratches_153.xml,scratches_153.jpg,scratches,83.0,108.0,96.0,198.0,13.0,90.0,1170.0,0.14444444444444443
scratches_154.xml,scratches_154.jpg,scratches,56.0,97.0,77.0,200.0,21.0,103.0,2163.0,0.20388349514563106
scratches_154.xml,scratches_154.jpg,scratches,98.0,14.0,115.0,105.0,17.0,91.0,1547.0,0.18681318681318682
scratches_154.xml,scratches_154.jpg,scratches,126.0,10.0,148.0,186.0,22.0,176.0,3872.0,0.125
scratches_155.xml,scratches_155.jpg,scratches,26.0,32.0,41.0,124.0,15.0,92.0,1380.0,0.16304347826086957
scratches_155.xml,scratches_155.jpg,scratches,56.0,26.0,73.0,199.0,17.0,173.0,2941.0,0.09826589595375723
scratches_155.xml,scratches_155.jpg,scratches,133.0,1.0,163.0,199.0,30.0,198.0,5940.0,0.15151515151515152
scratches_156.xml,scratches_156.jpg,scratches,46.0,1.0,81.0,200.0,35.0,199.0,6965.0,0.17587939698492464
scratches_156.xml,scratches_156.jpg,scratches,102.0,65.0,117.0,200.0,15.0,135.0,2025.0,0.1111111111111111
scratches_157.xml,scratches_157.jpg,scratches,46.0,1.0,79.0,199.0,33.0,198.0,6534.0,0.16666666666666666
scratches_157.xml,scratches_157.jpg,scratches,99.0,1.0,115.0,199.0,16.0,198.0,3168.0,0.08080808080808081
scratches_158.xml,scratches_158.jpg,scratches,46.0,1.0,67.0,199.0,21.0,198.0,4158.0,0.10606060606060606
scratches_158.xml,scratches_158.jpg,scratches,87.0,70.0,104.0,200.0,17.0,130.0,2210.0,0.13076923076923078
scratches_158.xml,scratches_158.jpg,scratches,118.0,1.0,135.0,160.0,17.0,159.0,2703.0,0.1069182389937107
scratches_159.xml,scratches_159.jpg,scratches,127.0,1.0,158.0,182.0,31.0,181.0,5611.0,0.1712707182320442
scratches_159.xml,scratches_159.jpg,scratches,168.0,1.0,190.0,134.0,22.0,133.0,2926.0,0.16541353383458646
scratches_16.xml,scratches_16.jpg,scratches,31.0,30.0,42.0,66.0,11.0,36.0,396.0,0.3055555555555556
scratches_16.xml,scratches_16.jpg,scratches,25.0,126.0,41.0,199.0,16.0,73.0,1168.0,0.2191780821917808
scratches_160.xml,scratches_160.jpg,scratches,30.0,1.0,66.0,133.0,36.0,132.0,4752.0,0.2727272727272727
scratches_160.xml,scratches_160.jpg,scratches,71.0,1.0,101.0,105.0,30.0,104.0,3120.0,0.28846153846153844
scratches_160.xml,scratches_160.jpg,scratches,94.0,78.0,113.0,200.0,19.0,122.0,2318.0,0.1557377049180328
scratches_161.xml,scratches_161.jpg,scratches,40.0,1.0,57.0,137.0,17.0,136.0,2312.0,0.125
scratches_161.xml,scratches_161.jpg,scratches,131.0,27.0,160.0,200.0,29.0,173.0,5017.0,0.1676300578034682
scratches_162.xml,scratches_162.jpg,scratches,34.0,1.0,62.0,198.0,28.0,197.0,5516.0,0.14213197969543148
scratches_162.xml,scratches_162.jpg,scratches,77.0,28.0,108.0,187.0,31.0,159.0,4929.0,0.1949685534591195
scratches_163.xml,scratches_163.jpg,scratches,1.0,1.0,17.0,198.0,16.0,197.0,3152.0,0.08121827411167512
scratches_163.xml,scratches_163.jpg,scratches,39.0,77.0,52.0,199.0,13.0,122.0,1586.0,0.10655737704918032
scratches_163.xml,scratches_163.jpg,scratches,71.0,1.0,86.0,165.0,15.0,164.0,2460.0,0.09146341463414634
scratches_163.xml,scratches_163.jpg,scratches,149.0,2.0,182.0,198.0,33.0,196.0,6468.0,0.1683673469387755
scratches_164.xml,scratches_164.jpg,scratches,14.0,10.0,29.0,183.0,15.0,173.0,2595.0,0.08670520231213873
scratches_164.xml,scratches_164.jpg,scratches,88.0,1.0,127.0,197.0,39.0,196.0,7644.0,0.1989795918367347
scratches_164.xml,scratches_164.jpg,scratches,140.0,1.0,161.0,196.0,21.0,195.0,4095.0,0.1076923076923077
scratches_165.xml,scratches_165.jpg,scratches,61.0,1.0,97.0,166.0,36.0,165.0,5940.0,0.21818181818181817
scratches_165.xml,scratches_165.jpg,scratches,109.0,1.0,129.0,198.0,20.0,197.0,3940.0,0.10152284263959391
scratches_166.xml,scratches_166.jpg,scratches,24.0,1.0,56.0,199.0,32.0,198.0,6336.0,0.16161616161616163
scratches_166.xml,scratches_166.jpg,scratches,75.0,1.0,94.0,199.0,19.0,198.0,3762.0,0.09595959595959595
scratches_166.xml,scratches_166.jpg,scratches,160.0,107.0,171.0,198.0,11.0,91.0,1001.0,0.12087912087912088
scratches_166.xml,scratches_166.jpg,scratches,180.0,1.0,193.0,99.0,13.0,98.0,1274.0,0.1326530612244898
scratches_167.xml,scratches_167.jpg,scratches,84.0,1.0,98.0,197.0,14.0,196.0,2744.0,0.07142857142857142
scratches_167.xml,scratches_167.jpg,scratches,128.0,1.0,144.0,198.0,16.0,197.0,3152.0,0.08121827411167512
scratches_168.xml,scratches_168.jpg,scratches,117.0,1.0,146.0,86.0,29.0,85.0,2465.0,0.3411764705882353
scratches_168.xml,scratches_168.jpg,scratches,65.0,16.0,81.0,107.0,16.0,91.0,1456.0,0.17582417582417584
scratches_168.xml,scratches_168.jpg,scratches,54.0,129.0,101.0,198.0,47.0,69.0,3243.0,0.6811594202898551
scratches_169.xml,scratches_169.jpg,scratches,128.0,4.0,147.0,199.0,19.0,195.0,3705.0,0.09743589743589744
scratches_17.xml,scratches_17.jpg,scratches,153.0,87.0,167.0,176.0,14.0,89.0,1246.0,0.15730337078651685
scratches_170.xml,scratches_170.jpg,scratches,88.0,1.0,106.0,200.0,18.0,199.0,3582.0,0.09045226130653267
scratches_171.xml,scratches_171.jpg,scratches,85.0,1.0,100.0,97.0,15.0,96.0,1440.0,0.15625
scratches_171.xml,scratches_171.jpg,scratches,84.0,126.0,103.0,200.0,19.0,74.0,1406.0,0.25675675675675674
scratches_172.xml,scratches_172.jpg,scratches,28.0,16.0,52.0,153.0,24.0,137.0,3288.0,0.17518248175182483
scratches_172.xml,scratches_172.jpg,scratches,143.0,10.0,168.0,198.0,25.0,188.0,4700.0,0.13297872340425532
scratches_173.xml,scratches_173.jpg,scratches,74.0,1.0,95.0,159.0,21.0,158.0,3318.0,0.13291139240506328
scratches_174.xml,scratches_174.jpg,scratches,20.0,1.0,37.0,199.0,17.0,198.0,3366.0,0.08585858585858586
scratches_174.xml,scratches_174.jpg,scratches,121.0,15.0,138.0,200.0,17.0,185.0,3145.0,0.0918918918918919
scratches_174.xml,scratches_174.jpg,scratches,168.0,23.0,180.0,200.0,12.0,177.0,2124.0,0.06779661016949153
scratches_175.xml,scratches_175.jpg,scratches,116.0,1.0,142.0,200.0,26.0,199.0,5174.0,0.1306532663316583
scratches_175.xml,scratches_175.jpg,scratches,165.0,58.0,177.0,199.0,12.0,141.0,1692.0,0.0851063829787234
scratches_176.xml,scratches_176.jpg,scratches,101.0,1.0,129.0,199.0,28.0,198.0,5544.0,0.1414141414141414
scratches_176.xml,scratches_176.jpg,scratches,151.0,28.0,163.0,199.0,12.0,171.0,2052.0,0.07017543859649122
scratches_177.xml,scratches_177.jpg,scratches,41.0,1.0,70.0,199.0,29.0,198.0,5742.0,0.14646464646464646
scratches_177.xml,scratches_177.jpg,scratches,91.0,1.0,106.0,199.0,15.0,198.0,2970.0,0.07575757575757576
scratches_178.xml,scratches_178.jpg,scratches,93.0,1.0,120.0,199.0,27.0,198.0,5346.0,0.13636363636363635
scratches_179.xml,scratches_179.jpg,scratches,56.0,1.0,88.0,199.0,32.0,198.0,6336.0,0.16161616161616163
scratches_18.xml,scratches_18.jpg,scratches,46.0,22.0,58.0,128.0,12.0,106.0,1272.0,0.11320754716981132
scratches_180.xml,scratches_180.jpg,scratches,129.0,1.0,160.0,199.0,31.0,198.0,6138.0,0.15656565656565657
scratches_181.xml,scratches_181.jpg,scratches,85.0,1.0,116.0,199.0,31.0,198.0,6138.0,0.15656565656565657
scratches_182.xml,scratches_182.jpg,scratches,54.0,1.0,86.0,199.0,32.0,198.0,6336.0,0.16161616161616163
scratches_183.xml,scratches_183.jpg,scratches,32.0,1.0,62.0,200.0,30.0,199.0,5970.0,0.1507537688442211
scratches_183.xml,scratches_183.jpg,scratches,174.0,3.0,191.0,92.0,17.0,89.0,1513.0,0.19101123595505617
scratches_184.xml,scratches_184.jpg,scratches,146.0,1.0,173.0,199.0,27.0,198.0,5346.0,0.13636363636363635
scratches_185.xml,scratches_185.jpg,scratches,89.0,1.0,116.0,200.0,27.0,199.0,5373.0,0.135678391959799
scratches_186.xml,scratches_186.jpg,scratches,18.0,1.0,50.0,200.0,32.0,199.0,6368.0,0.16080402010050251
scratches_186.xml,scratches_186.jpg,scratches,142.0,86.0,186.0,143.0,44.0,57.0,2508.0,0.7719298245614035
scratches_186.xml,scratches_186.jpg,scratches,154.0,1.0,179.0,176.0,25.0,175.0,4375.0,0.14285714285714285
scratches_187.xml,scratches_187.jpg,scratches,24.0,1.0,60.0,199.0,36.0,198.0,7128.0,0.18181818181818182
scratches_188.xml,scratches_188.jpg,scratches,100.0,1.0,131.0,199.0,31.0,198.0,6138.0,0.15656565656565657
scratches_188.xml,scratches_188.jpg,scratches,73.0,7.0,98.0,60.0,25.0,53.0,1325.0,0.4716981132075472
scratches_189.xml,scratches_189.jpg,scratches,145.0,1.0,180.0,199.0,35.0,198.0,6930.0,0.17676767676767677
scratches_189.xml,scratches_189.jpg,scratches,122.0,28.0,145.0,76.0,23.0,48.0,1104.0,0.4791666666666667
scratches_19.xml,scratches_19.jpg,scratches,163.0,16.0,178.0,175.0,15.0,159.0,2385.0,0.09433962264150944
scratches_190.xml,scratches_190.jpg,scratches,154.0,1.0,183.0,198.0,29.0,197.0,5713.0,0.14720812182741116
scratches_191.xml,scratches_191.jpg,scratches,21.0,1.0,45.0,200.0,24.0,199.0,4776.0,0.12060301507537688
scratches_192.xml,scratches_192.jpg,scratches,100.0,1.0,119.0,196.0,19.0,195.0,3705.0,0.09743589743589744
scratches_193.xml,scratches_193.jpg,scratches,121.0,1.0,139.0,134.0,18.0,133.0,2394.0,0.13533834586466165
scratches_194.xml,scratches_194.jpg,scratches,23.0,1.0,41.0,170.0,18.0,169.0,3042.0,0.10650887573964497
scratches_194.xml,scratches_194.jpg,scratches,109.0,30.0,129.0,129.0,20.0,99.0,1980.0,0.20202020202020202
scratches_196.xml,scratches_196.jpg,scratches,24.0,1.0,37.0,200.0,13.0,199.0,2587.0,0.06532663316582915
scratches_197.xml,scratches_197.jpg,scratches,113.0,1.0,127.0,198.0,14.0,197.0,2758.0,0.07106598984771574
scratches_197.xml,scratches_197.jpg,scratches,33.0,1.0,45.0,198.0,12.0,197.0,2364.0,0.06091370558375635
scratches_198.xml,scratches_198.jpg,scratches,31.0,48.0,42.0,199.0,11.0,151.0,1661.0,0.0728476821192053
scratches_198.xml,scratches_198.jpg,scratches,108.0,1.0,123.0,200.0,15.0,199.0,2985.0,0.07537688442211055
scratches_198.xml,scratches_198.jpg,scratches,31.0,1.0,44.0,59.0,13.0,58.0,754.0,0.22413793103448276
scratches_199.xml,scratches_199.jpg,scratches,69.0,13.0,85.0,197.0,16.0,184.0,2944.0,0.08695652173913043
scratches_199.xml,scratches_199.jpg,scratches,142.0,1.0,159.0,154.0,17.0,153.0,2601.0,0.1111111111111111
scratches_2.xml,scratches_2.jpg,scratches,92.0,24.0,106.0,176.0,14.0,152.0,2128.0,0.09210526315789473
scratches_20.xml,scratches_20.jpg,scratches,28.0,76.0,45.0,200.0,17.0,124.0,2108.0,0.13709677419354838
scratches_200.xml,scratches_200.jpg,scratches,119.0,6.0,137.0,200.0,18.0,194.0,3492.0,0.09278350515463918
scratches_201.xml,scratches_201.jpg,scratches,79.0,1.0,97.0,199.0,18.0,198.0,3564.0,0.09090909090909091
scratches_202.xml,scratches_202.jpg,scratches,52.0,41.0,62.0,117.0,10.0,76.0,760.0,0.13157894736842105
scratches_202.xml,scratches_202.jpg,scratches,71.0,126.0,81.0,199.0,10.0,73.0,730.0,0.136986301369863
scratches_203.xml,scratches_203.jpg,scratches,64.0,2.0,77.0,200.0,13.0,198.0,2574.0,0.06565656565656566
scratches_204.xml,scratches_204.jpg,scratches,61.0,1.0,81.0,196.0,20.0,195.0,3900.0,0.10256410256410256
scratches_205.xml,scratches_205.jpg,scratches,135.0,29.0,148.0,196.0,13.0,167.0,2171.0,0.07784431137724551
scratches_205.xml,scratches_205.jpg,scratches,32.0,1.0,47.0,177.0,15.0,176.0,2640.0,0.08522727272727272
scratches_206.xml,scratches_206.jpg,scratches,109.0,3.0,128.0,130.0,19.0,127.0,2413.0,0.14960629921259844
scratches_206.xml,scratches_206.jpg,scratches,137.0,50.0,154.0,198.0,17.0,148.0,2516.0,0.11486486486486487
scratches_207.xml,scratches_207.jpg,scratches,51.0,1.0,70.0,82.0,19.0,81.0,1539.0,0.2345679012345679
scratches_207.xml,scratches_207.jpg,scratches,78.0,2.0,96.0,199.0,18.0,197.0,3546.0,0.09137055837563451
scratches_208.xml,scratches_208.jpg,scratches,115.0,1.0,131.0,196.0,16.0,195.0,3120.0,0.08205128205128205
scratches_209.xml,scratches_209.jpg,scratches,53.0,1.0,69.0,132.0,16.0,131.0,2096.0,0.12213740458015267
scratches_209.xml,scratches_209.jpg,scratches,114.0,1.0,144.0,147.0,30.0,146.0,4380.0,0.2054794520547945
scratches_209.xml,scratches_209.jpg,inclusion,115.0,47.0,199.0,94.0,84.0,47.0,3948.0,1.7872340425531914
scratches_21.xml,scratches_21.jpg,scratches,92.0,23.0,109.0,199.0,17.0,176.0,2992.0,0.09659090909090909
scratches_21.xml,scratches_21.jpg,scratches,52.0,144.0,94.0,199.0,42.0,55.0,2310.0,0.7636363636363637
scratches_210.xml,scratches_210.jpg,scratches,63.0,1.0,83.0,197.0,20.0,196.0,3920.0,0.10204081632653061
scratches_210.xml,scratches_210.jpg,scratches,130.0,1.0,161.0,198.0,31.0,197.0,6107.0,0.15736040609137056
scratches_210.xml,scratches_210.jpg,inclusion,145.0,28.0,200.0,51.0,55.0,23.0,1265.0,2.391304347826087
scratches_210.xml,scratches_210.jpg,inclusion,137.0,141.0,200.0,164.0,63.0,23.0,1449.0,2.739130434782609
scratches_210.xml,scratches_210.jpg,inclusion,163.0,116.0,200.0,137.0,37.0,21.0,777.0,1.7619047619047619
scratches_211.xml,scratches_211.jpg,scratches,64.0,1.0,80.0,198.0,16.0,197.0,3152.0,0.08121827411167512
scratches_211.xml,scratches_211.jpg,scratches,138.0,1.0,170.0,196.0,32.0,195.0,6240.0,0.1641025641025641
scratches_211.xml,scratches_211.jpg,inclusion,152.0,152.0,198.0,182.0,46.0,30.0,1380.0,1.5333333333333334
scratches_212.xml,scratches_212.jpg,scratches,16.0,1.0,29.0,200.0,13.0,199.0,2587.0,0.06532663316582915
scratches_212.xml,scratches_212.jpg,scratches,133.0,1.0,151.0,200.0,18.0,199.0,3582.0,0.09045226130653267
scratches_213.xml,scratches_213.jpg,scratches,44.0,2.0,68.0,199.0,24.0,197.0,4728.0,0.1218274111675127
scratches_213.xml,scratches_213.jpg,scratches,127.0,1.0,154.0,200.0,27.0,199.0,5373.0,0.135678391959799
scratches_214.xml,scratches_214.jpg,scratches,14.0,43.0,32.0,198.0,18.0,155.0,2790.0,0.11612903225806452
scratches_214.xml,scratches_214.jpg,scratches,128.0,1.0,154.0,200.0,26.0,199.0,5174.0,0.1306532663316583
scratches_215.xml,scratches_215.jpg,scratches,28.0,1.0,53.0,199.0,25.0,198.0,4950.0,0.12626262626262627
scratches_215.xml,scratches_215.jpg,scratches,114.0,48.0,141.0,200.0,27.0,152.0,4104.0,0.17763157894736842
scratches_216.xml,scratches_216.jpg,scratches,14.0,51.0,32.0,182.0,18.0,131.0,2358.0,0.13740458015267176
scratches_216.xml,scratches_216.jpg,scratches,42.0,100.0,65.0,198.0,23.0,98.0,2254.0,0.23469387755102042
scratches_216.xml,scratches_216.jpg,scratches,155.0,2.0,182.0,198.0,27.0,196.0,5292.0,0.1377551020408163
scratches_216.xml,scratches_216.jpg,inclusion,1.0,1.0,52.0,34.0,51.0,33.0,1683.0,1.5454545454545454
scratches_216.xml,scratches_216.jpg,inclusion,1.0,56.0,34.0,76.0,33.0,20.0,660.0,1.65
scratches_217.xml,scratches_217.jpg,scratches,32.0,1.0,64.0,198.0,32.0,197.0,6304.0,0.16243654822335024
scratches_217.xml,scratches_217.jpg,scratches,101.0,1.0,116.0,54.0,15.0,53.0,795.0,0.2830188679245283
scratches_217.xml,scratches_217.jpg,scratches,128.0,139.0,148.0,199.0,20.0,60.0,1200.0,0.3333333333333333
scratches_218.xml,scratches_218.jpg,scratches,57.0,55.0,88.0,198.0,31.0,143.0,4433.0,0.21678321678321677
scratches_218.xml,scratches_218.jpg,scratches,48.0,1.0,62.0,66.0,14.0,65.0,910.0,0.2153846153846154
scratches_218.xml,scratches_218.jpg,scratches,125.0,59.0,142.0,159.0,17.0,100.0,1700.0,0.17
scratches_218.xml,scratches_218.jpg,scratches,12.0,64.0,26.0,163.0,14.0,99.0,1386.0,0.1414141414141414
scratches_219.xml,scratches_219.jpg,scratches,83.0,4.0,99.0,117.0,16.0,113.0,1808.0,0.1415929203539823
scratches_219.xml,scratches_219.jpg,scratches,160.0,111.0,178.0,199.0,18.0,88.0,1584.0,0.20454545454545456
scratches_219.xml,scratches_219.jpg,scratches,48.0,114.0,62.0,197.0,14.0,83.0,1162.0,0.1686746987951807
scratches_219.xml,scratches_219.jpg,scratches,107.0,75.0,129.0,198.0,22.0,123.0,2706.0,0.17886178861788618
scratches_22.xml,scratches_22.jpg,scratches,21.0,1.0,34.0,76.0,13.0,75.0,975.0,0.17333333333333334
scratches_22.xml,scratches_22.jpg,scratches,19.0,100.0,33.0,197.0,14.0,97.0,1358.0,0.14432989690721648
scratches_22.xml,scratches_22.jpg,scratches,1.0,14.0,23.0,51.0,22.0,37.0,814.0,0.5945945945945946
scratches_220.xml,scratches_220.jpg,scratches,141.0,1.0,165.0,116.0,24.0,115.0,2760.0,0.20869565217391303
scratches_220.xml,scratches_220.jpg,scratches,105.0,1.0,135.0,112.0,30.0,111.0,3330.0,0.2702702702702703
scratches_220.xml,scratches_220.jpg,scratches,79.0,16.0,93.0,193.0,14.0,177.0,2478.0,0.07909604519774012
scratches_221.xml,scratches_221.jpg,scratches,17.0,1.0,47.0,144.0,30.0,143.0,4290.0,0.2097902097902098
scratches_221.xml,scratches_221.jpg,scratches,156.0,31.0,174.0,180.0,18.0,149.0,2682.0,0.12080536912751678
scratches_221.xml,scratches_221.jpg,scratches,85.0,1.0,110.0,148.0,25.0,147.0,3675.0,0.17006802721088435
scratches_222.xml,scratches_222.jpg,scratches,39.0,101.0,58.0,200.0,19.0,99.0,1881.0,0.1919191919191919
scratches_222.xml,scratches_222.jpg,scratches,98.0,2.0,117.0,147.0,19.0,145.0,2755.0,0.1310344827586207
scratches_222.xml,scratches_222.jpg,scratches,28.0,21.0,45.0,86.0,17.0,65.0,1105.0,0.26153846153846155
scratches_222.xml,scratches_222.jpg,inclusion,155.0,2.0,186.0,197.0,31.0,195.0,6045.0,0.15897435897435896
scratches_222.xml,scratches_222.jpg,inclusion,137.0,70.0,149.0,200.0,12.0,130.0,1560.0,0.09230769230769231
scratches_223.xml,scratches_223.jpg,scratches,59.0,8.0,81.0,105.0,22.0,97.0,2134.0,0.2268041237113402
scratches_223.xml,scratches_223.jpg,scratches,127.0,108.0,144.0,200.0,17.0,92.0,1564.0,0.18478260869565216
scratches_223.xml,scratches_223.jpg,inclusion,160.0,5.0,195.0,196.0,35.0,191.0,6685.0,0.18324607329842932
scratches_224.xml,scratches_224.jpg,scratches,40.0,27.0,55.0,172.0,15.0,145.0,2175.0,0.10344827586206896
scratches_224.xml,scratches_224.jpg,scratches,134.0,37.0,145.0,200.0,11.0,163.0,1793.0,0.06748466257668712
scratches_224.xml,scratches_224.jpg,scratches,105.0,58.0,117.0,199.0,12.0,141.0,1692.0,0.0851063829787234
scratches_224.xml,scratches_224.jpg,inclusion,99.0,1.0,123.0,66.0,24.0,65.0,1560.0,0.36923076923076925
scratches_225.xml,scratches_225.jpg,scratches,53.0,52.0,70.0,155.0,17.0,103.0,1751.0,0.1650485436893204
scratches_225.xml,scratches_225.jpg,scratches,173.0,1.0,186.0,86.0,13.0,85.0,1105.0,0.15294117647058825
scratches_225.xml,scratches_225.jpg,scratches,162.0,137.0,182.0,198.0,20.0,61.0,1220.0,0.32786885245901637
scratches_225.xml,scratches_225.jpg,scratches,1.0,3.0,16.0,184.0,15.0,181.0,2715.0,0.08287292817679558
scratches_225.xml,scratches_225.jpg,inclusion,174.0,179.0,199.0,200.0,25.0,21.0,525.0,1.1904761904761905
scratches_226.xml,scratches_226.jpg,scratches,71.0,11.0,84.0,199.0,13.0,188.0,2444.0,0.06914893617021277
scratches_226.xml,scratches_226.jpg,scratches,38.0,4.0,56.0,184.0,18.0,180.0,3240.0,0.1
scratches_226.xml,scratches_226.jpg,inclusion,12.0,1.0,25.0,91.0,13.0,90.0,1170.0,0.14444444444444443
scratches_226.xml,scratches_226.jpg,inclusion,1.0,100.0,53.0,164.0,52.0,64.0,3328.0,0.8125
scratches_227.xml,scratches_227.jpg,scratches,74.0,33.0,100.0,200.0,26.0,167.0,4342.0,0.15568862275449102
scratches_228.xml,scratches_228.jpg,scratches,21.0,7.0,37.0,200.0,16.0,193.0,3088.0,0.08290155440414508
scratches_228.xml,scratches_228.jpg,pitted_surface,67.0,55.0,131.0,187.0,64.0,132.0,8448.0,0.48484848484848486
scratches_228.xml,scratches_228.jpg,patches,167.0,89.0,200.0,122.0,33.0,33.0,1089.0,1.0
scratches_229.xml,scratches_229.jpg,scratches,71.0,55.0,87.0,200.0,16.0,145.0,2320.0,0.1103448275862069
scratches_229.xml,scratches_229.jpg,inclusion,95.0,1.0,114.0,41.0,19.0,40.0,760.0,0.475
scratches_23.xml,scratches_23.jpg,scratches,128.0,1.0,141.0,56.0,13.0,55.0,715.0,0.23636363636363636
scratches_23.xml,scratches_23.jpg,scratches,122.0,90.0,140.0,199.0,18.0,109.0,1962.0,0.1651376146788991
scratches_23.xml,scratches_23.jpg,scratches,38.0,2.0,124.0,198.0,86.0,196.0,16856.0,0.4387755102040816
scratches_230.xml,scratches_230.jpg,scratches,108.0,4.0,125.0,199.0,17.0,195.0,3315.0,0.08717948717948718
scratches_230.xml,scratches_230.jpg,scratches,45.0,3.0,60.0,199.0,15.0,196.0,2940.0,0.07653061224489796
scratches_230.xml,scratches_230.jpg,scratches,80.0,2.0,96.0,168.0,16.0,166.0,2656.0,0.0963855421686747
scratches_230.xml,scratches_230.jpg,scratches,161.0,10.0,177.0,168.0,16.0,158.0,2528.0,0.10126582278481013
scratches_230.xml,scratches_230.jpg,inclusion,1.0,77.0,118.0,130.0,117.0,53.0,6201.0,2.207547169811321
scratches_231.xml,scratches_231.jpg,scratches,13.0,1.0,45.0,195.0,32.0,194.0,6208.0,0.16494845360824742
scratches_231.xml,scratches_231.jpg,scratches,145.0,3.0,160.0,200.0,15.0,197.0,2955.0,0.07614213197969544
scratches_231.xml,scratches_231.jpg,scratches,185.0,1.0,194.0,199.0,9.0,198.0,1782.0,0.045454545454545456
scratches_231.xml,scratches_231.jpg,inclusion,12.0,120.0,100.0,151.0,88.0,31.0,2728.0,2.838709677419355
scratches_232.xml,scratches_232.jpg,scratches,143.0,74.0,160.0,179.0,17.0,105.0,1785.0,0.1619047619047619
scratches_232.xml,scratches_232.jpg,scratches,37.0,69.0,170.0,82.0,133.0,13.0,1729.0,10.23076923076923
scratches_233.xml,scratches_233.jpg,scratches,3.0,61.0,200.0,80.0,197.0,19.0,3743.0,10.368421052631579
scratches_233.xml,scratches_233.jpg,scratches,1.0,144.0,70.0,156.0,69.0,12.0,828.0,5.75
scratches_233.xml,scratches_233.jpg,scratches,81.0,126.0,155.0,135.0,74.0,9.0,666.0,8.222222222222221
scratches_233.xml,scratches_233.jpg,inclusion,79.0,152.0,91.0,189.0,12.0,37.0,444.0,0.32432432432432434
scratches_234.xml,scratches_234.jpg,scratches,1.0,68.0,179.0,85.0,178.0,17.0,3026.0,10.470588235294118
scratches_234.xml,scratches_234.jpg,scratches,15.0,137.0,198.0,158.0,183.0,21.0,3843.0,8.714285714285714
scratches_235.xml,scratches_235.jpg,scratches,1.0,79.0,198.0,94.0,197.0,15.0,2955.0,13.133333333333333
scratches_236.xml,scratches_236.jpg,scratches,44.0,90.0,189.0,106.0,145.0,16.0,2320.0,9.0625
scratches_236.xml,scratches_236.jpg,scratches,150.0,48.0,190.0,71.0,40.0,23.0,920.0,1.7391304347826086
scratches_236.xml,scratches_236.jpg,scratches,1.0,117.0,124.0,135.0,123.0,18.0,2214.0,6.833333333333333
scratches_236.xml,scratches_236.jpg,inclusion,155.0,25.0,165.0,110.0,10.0,85.0,850.0,0.11764705882352941
scratches_237.xml,scratches_237.jpg,scratches,26.0,158.0,199.0,176.0,173.0,18.0,3114.0,9.61111111111111
scratches_237.xml,scratches_237.jpg,scratches,1.0,37.0,196.0,52.0,195.0,15.0,2925.0,13.0
scratches_238.xml,scratches_238.jpg,scratches,1.0,22.0,112.0,37.0,111.0,15.0,1665.0,7.4
scratches_238.xml,scratches_238.jpg,scratches,1.0,133.0,199.0,167.0,198.0,34.0,6732.0,5.823529411764706
scratches_239.xml,scratches_239.jpg,scratches,55.0,152.0,157.0,169.0,102.0,17.0,1734.0,6.0
scratches_239.xml,scratches_239.jpg,scratches,4.0,87.0,197.0,116.0,193.0,29.0,5597.0,6.655172413793103
scratches_239.xml,scratches_239.jpg,scratches,152.0,76.0,200.0,89.0,48.0,13.0,624.0,3.6923076923076925
scratches_24.xml,scratches_24.jpg,scratches,17.0,1.0,56.0,198.0,39.0,197.0,7683.0,0.19796954314720813
scratches_240.xml,scratches_240.jpg,scratches,53.0,132.0,199.0,160.0,146.0,28.0,4088.0,5.214285714285714
scratches_240.xml,scratches_240.jpg,scratches,61.0,102.0,199.0,128.0,138.0,26.0,3588.0,5.3076923076923075
scratches_240.xml,scratches_240.jpg,scratches,13.0,75.0,156.0,88.0,143.0,13.0,1859.0,11.0
scratches_240.xml,scratches_240.jpg,scratches,123.0,166.0,195.0,176.0,72.0,10.0,720.0,7.2
scratches_241.xml,scratches_241.jpg,scratches,1.0,25.0,199.0,50.0,198.0,25.0,4950.0,7.92
scratches_241.xml,scratches_241.jpg,scratches,1.0,106.0,161.0,136.0,160.0,30.0,4800.0,5.333333333333333
scratches_242.xml,scratches_242.jpg,scratches,7.0,35.0,108.0,52.0,101.0,17.0,1717.0,5.9411764705882355
scratches_242.xml,scratches_242.jpg,scratches,82.0,156.0,199.0,171.0,117.0,15.0,1755.0,7.8
scratches_242.xml,scratches_242.jpg,inclusion,2.0,169.0,27.0,195.0,25.0,26.0,650.0,0.9615384615384616
scratches_243.xml,scratches_243.jpg,scratches,49.0,12.0,200.0,39.0,151.0,27.0,4077.0,5.592592592592593
scratches_243.xml,scratches_243.jpg,scratches,24.0,147.0,179.0,165.0,155.0,18.0,2790.0,8.61111111111111
scratches_243.xml,scratches_243.jpg,scratches,53.0,78.0,200.0,103.0,147.0,25.0,3675.0,5.88
scratches_243.xml,scratches_243.jpg,scratches,123.0,45.0,198.0,59.0,75.0,14.0,1050.0,5.357142857142857
scratches_244.xml,scratches_244.jpg,scratches,2.0,42.0,199.0,61.0,197.0,19.0,3743.0,10.368421052631579
scratches_244.xml,scratches_244.jpg,scratches,24.0,16.0,200.0,34.0,176.0,18.0,3168.0,9.777777777777779
scratches_244.xml,scratches_244.jpg,scratches,84.0,88.0,196.0,111.0,112.0,23.0,2576.0,4.869565217391305
scratches_244.xml,scratches_244.jpg,inclusion,118.0,3.0,174.0,56.0,56.0,53.0,2968.0,1.0566037735849056
scratches_245.xml,scratches_245.jpg,scratches,1.0,70.0,99.0,81.0,98.0,11.0,1078.0,8.909090909090908
scratches_245.xml,scratches_245.jpg,scratches,3.0,18.0,198.0,31.0,195.0,13.0,2535.0,15.0
scratches_246.xml,scratches_246.jpg,scratches,2.0,157.0,180.0,171.0,178.0,14.0,2492.0,12.714285714285714
scratches_247.xml,scratches_247.jpg,scratches,15.0,142.0,111.0,158.0,96.0,16.0,1536.0,6.0
scratches_247.xml,scratches_247.jpg,scratches,117.0,37.0,133.0,169.0,16.0,132.0,2112.0,0.12121212121212122
scratches_248.xml,scratches_248.jpg,scratches,36.0,176.0,146.0,195.0,110.0,19.0,2090.0,5.7894736842105265
scratches_248.xml,scratches_248.jpg,scratches,75.0,21.0,197.0,36.0,122.0,15.0,1830.0,8.133333333333333
scratches_249.xml,scratches_249.jpg,scratches,27.0,92.0,199.0,112.0,172.0,20.0,3440.0,8.6
scratches_25.xml,scratches_25.jpg,scratches,35.0,1.0,97.0,198.0,62.0,197.0,12214.0,0.3147208121827411
scratches_25.xml,scratches_25.jpg,scratches,112.0,5.0,151.0,198.0,39.0,193.0,7527.0,0.20207253886010362
scratches_250.xml,scratches_250.jpg,scratches,2.0,82.0,199.0,107.0,197.0,25.0,4925.0,7.88
scratches_250.xml,scratches_250.jpg,scratches,33.0,175.0,180.0,197.0,147.0,22.0,3234.0,6.681818181818182
scratches_251.xml,scratches_251.jpg,scratches,1.0,155.0,192.0,188.0,191.0,33.0,6303.0,5.787878787878788
scratches_251.xml,scratches_251.jpg,scratches,74.0,128.0,190.0,151.0,116.0,23.0,2668.0,5.043478260869565
scratches_252.xml,scratches_252.jpg,scratches,1.0,78.0,199.0,111.0,198.0,33.0,6534.0,6.0
scratches_252.xml,scratches_252.jpg,scratches,18.0,42.0,197.0,73.0,179.0,31.0,5549.0,5.774193548387097
scratches_253.xml,scratches_253.jpg,scratches,1.0,135.0,199.0,167.0,198.0,32.0,6336.0,6.1875
scratches_253.xml,scratches_253.jpg,scratches,85.0,101.0,198.0,131.0,113.0,30.0,3390.0,3.7666666666666666
scratches_254.xml,scratches_254.jpg,scratches,4.0,131.0,199.0,153.0,195.0,22.0,4290.0,8.863636363636363
scratches_255.xml,scratches_255.jpg,scratches,1.0,138.0,199.0,166.0,198.0,28.0,5544.0,7.071428571428571
scratches_256.xml,scratches_256.jpg,scratches,1.0,90.0,199.0,124.0,198.0,34.0,6732.0,5.823529411764706
scratches_257.xml,scratches_257.jpg,scratches,1.0,45.0,200.0,77.0,199.0,32.0,6368.0,6.21875
scratches_258.xml,scratches_258.jpg,scratches,1.0,128.0,200.0,161.0,199.0,33.0,6567.0,6.03030303030303
scratches_259.xml,scratches_259.jpg,scratches,1.0,85.0,200.0,121.0,199.0,36.0,7164.0,5.527777777777778
scratches_26.xml,scratches_26.jpg,scratches,19.0,1.0,60.0,133.0,41.0,132.0,5412.0,0.3106060606060606
scratches_26.xml,scratches_26.jpg,scratches,41.0,149.0,59.0,199.0,18.0,50.0,900.0,0.36
scratches_260.xml,scratches_260.jpg,scratches,1.0,24.0,200.0,50.0,199.0,26.0,5174.0,7.653846153846154
scratches_260.xml,scratches_260.jpg,scratches,96.0,73.0,199.0,85.0,103.0,12.0,1236.0,8.583333333333334
scratches_260.xml,scratches_260.jpg,scratches,3.0,168.0,196.0,196.0,193.0,28.0,5404.0,6.892857142857143
scratches_261.xml,scratches_261.jpg,scratches,1.0,151.0,199.0,180.0,198.0,29.0,5742.0,6.827586206896552
scratches_262.xml,scratches_262.jpg,scratches,1.0,111.0,195.0,139.0,194.0,28.0,5432.0,6.928571428571429
scratches_262.xml,scratches_262.jpg,scratches,1.0,159.0,177.0,173.0,176.0,14.0,2464.0,12.571428571428571
scratches_263.xml,scratches_263.jpg,scratches,1.0,25.0,198.0,50.0,197.0,25.0,4925.0,7.88
scratches_263.xml,scratches_263.jpg,scratches,1.0,71.0,171.0,87.0,170.0,16.0,2720.0,10.625
scratches_265.xml,scratches_265.jpg,scratches,1.0,166.0,181.0,194.0,180.0,28.0,5040.0,6.428571428571429
scratches_265.xml,scratches_265.jpg,scratches,2.0,120.0,200.0,151.0,198.0,31.0,6138.0,6.387096774193548
scratches_266.xml,scratches_266.jpg,scratches,1.0,181.0,87.0,193.0,86.0,12.0,1032.0,7.166666666666667
scratches_266.xml,scratches_266.jpg,scratches,1.0,139.0,198.0,159.0,197.0,20.0,3940.0,9.85
scratches_267.xml,scratches_267.jpg,scratches,1.0,141.0,119.0,160.0,118.0,19.0,2242.0,6.2105263157894735
scratches_267.xml,scratches_267.jpg,scratches,113.0,181.0,198.0,196.0,85.0,15.0,1275.0,5.666666666666667
scratches_268.xml,scratches_268.jpg,scratches,1.0,122.0,93.0,133.0,92.0,11.0,1012.0,8.363636363636363
scratches_268.xml,scratches_268.jpg,scratches,1.0,149.0,197.0,165.0,196.0,16.0,3136.0,12.25
scratches_269.xml,scratches_269.jpg,scratches,1.0,54.0,152.0,71.0,151.0,17.0,2567.0,8.882352941176471
scratches_269.xml,scratches_269.jpg,scratches,112.0,95.0,197.0,107.0,85.0,12.0,1020.0,7.083333333333333
scratches_269.xml,scratches_269.jpg,scratches,1.0,118.0,198.0,142.0,197.0,24.0,4728.0,8.208333333333334
scratches_27.xml,scratches_27.jpg,scratches,13.0,1.0,59.0,199.0,46.0,198.0,9108.0,0.23232323232323232
scratches_27.xml,scratches_27.jpg,scratches,61.0,92.0,90.0,157.0,29.0,65.0,1885.0,0.4461538461538462
scratches_27.xml,scratches_27.jpg,scratches,103.0,6.0,143.0,144.0,40.0,138.0,5520.0,0.2898550724637681
scratches_27.xml,scratches_27.jpg,scratches,127.0,146.0,144.0,199.0,17.0,53.0,901.0,0.32075471698113206
scratches_270.xml,scratches_270.jpg,scratches,1.0,59.0,198.0,77.0,197.0,18.0,3546.0,10.944444444444445
scratches_270.xml,scratches_270.jpg,scratches,1.0,116.0,198.0,142.0,197.0,26.0,5122.0,7.576923076923077
scratches_271.xml,scratches_271.jpg,scratches,1.0,44.0,198.0,65.0,197.0,21.0,4137.0,9.380952380952381
scratches_271.xml,scratches_271.jpg,scratches,88.0,114.0,200.0,128.0,112.0,14.0,1568.0,8.0
scratches_271.xml,scratches_271.jpg,scratches,1.0,82.0,111.0,94.0,110.0,12.0,1320.0,9.166666666666666
scratches_271.xml,scratches_271.jpg,scratches,1.0,87.0,198.0,116.0,197.0,29.0,5713.0,6.793103448275862
scratches_272.xml,scratches_272.jpg,scratches,64.0,41.0,199.0,68.0,135.0,27.0,3645.0,5.0
scratches_272.xml,scratches_272.jpg,scratches,24.0,82.0,199.0,115.0,175.0,33.0,5775.0,5.303030303030303
scratches_273.xml,scratches_273.jpg,scratches,1.0,18.0,199.0,62.0,198.0,44.0,8712.0,4.5
scratches_273.xml,scratches_273.jpg,scratches,44.0,134.0,199.0,166.0,155.0,32.0,4960.0,4.84375
scratches_273.xml,scratches_273.jpg,scratches,1.0,182.0,199.0,198.0,198.0,16.0,3168.0,12.375
scratches_274.xml,scratches_274.jpg,scratches,1.0,38.0,199.0,68.0,198.0,30.0,5940.0,6.6
scratches_274.xml,scratches_274.jpg,scratches,1.0,133.0,198.0,163.0,197.0,30.0,5910.0,6.566666666666666
scratches_274.xml,scratches_274.jpg,scratches,1.0,187.0,199.0,198.0,198.0,11.0,2178.0,18.0
scratches_275.xml,scratches_275.jpg,scratches,1.0,16.0,150.0,33.0,149.0,17.0,2533.0,8.764705882352942
scratches_275.xml,scratches_275.jpg,scratches,123.0,57.0,199.0,69.0,76.0,12.0,912.0,6.333333333333333
scratches_275.xml,scratches_275.jpg,scratches,1.0,86.0,200.0,101.0,199.0,15.0,2985.0,13.266666666666667
scratches_275.xml,scratches_275.jpg,scratches,1.0,166.0,199.0,198.0,198.0,32.0,6336.0,6.1875
scratches_276.xml,scratches_276.jpg,scratches,1.0,56.0,94.0,70.0,93.0,14.0,1302.0,6.642857142857143
scratches_276.xml,scratches_276.jpg,scratches,1.0,136.0,199.0,164.0,198.0,28.0,5544.0,7.071428571428571
scratches_277.xml,scratches_277.jpg,scratches,1.0,21.0,200.0,49.0,199.0,28.0,5572.0,7.107142857142857
scratches_277.xml,scratches_277.jpg,scratches,2.0,55.0,115.0,70.0,113.0,15.0,1695.0,7.533333333333333
scratches_278.xml,scratches_278.jpg,scratches,1.0,7.0,199.0,37.0,198.0,30.0,5940.0,6.6
scratches_278.xml,scratches_278.jpg,scratches,1.0,158.0,62.0,176.0,61.0,18.0,1098.0,3.388888888888889
scratches_278.xml,scratches_278.jpg,scratches,1.0,60.0,170.0,75.0,169.0,15.0,2535.0,11.266666666666667
scratches_279.xml,scratches_279.jpg,scratches,1.0,49.0,199.0,75.0,198.0,26.0,5148.0,7.615384615384615
scratches_279.xml,scratches_279.jpg,scratches,1.0,98.0,199.0,116.0,198.0,18.0,3564.0,11.0
scratches_28.xml,scratches_28.jpg,scratches,8.0,14.0,24.0,98.0,16.0,84.0,1344.0,0.19047619047619047
scratches_28.xml,scratches_28.jpg,scratches,9.0,144.0,22.0,199.0,13.0,55.0,715.0,0.23636363636363636
scratches_280.xml,scratches_280.jpg,scratches,1.0,33.0,198.0,65.0,197.0,32.0,6304.0,6.15625
scratches_280.xml,scratches_280.jpg,scratches,1.0,83.0,199.0,99.0,198.0,16.0,3168.0,12.375
scratches_281.xml,scratches_281.jpg,scratches,40.0,16.0,199.0,41.0,159.0,25.0,3975.0,6.36
scratches_282.xml,scratches_282.jpg,scratches,4.0,154.0,199.0,176.0,195.0,22.0,4290.0,8.863636363636363
scratches_283.xml,scratches_283.jpg,scratches,1.0,130.0,171.0,153.0,170.0,23.0,3910.0,7.391304347826087
scratches_283.xml,scratches_283.jpg,scratches,12.0,11.0,188.0,37.0,176.0,26.0,4576.0,6.769230769230769
scratches_284.xml,scratches_284.jpg,scratches,1.0,100.0,123.0,124.0,122.0,24.0,2928.0,5.083333333333333
scratches_284.xml,scratches_284.jpg,scratches,151.0,108.0,199.0,124.0,48.0,16.0,768.0,3.0
scratches_285.xml,scratches_285.jpg,scratches,1.0,47.0,141.0,68.0,140.0,21.0,2940.0,6.666666666666667
scratches_285.xml,scratches_285.jpg,scratches,140.0,50.0,199.0,70.0,59.0,20.0,1180.0,2.95
scratches_287.xml,scratches_287.jpg,scratches,156.0,1.0,187.0,199.0,31.0,198.0,6138.0,0.15656565656565657
scratches_288.xml,scratches_288.jpg,scratches,62.0,1.0,87.0,197.0,25.0,196.0,4900.0,0.12755102040816327
scratches_289.xml,scratches_289.jpg,scratches,114.0,2.0,132.0,198.0,18.0,196.0,3528.0,0.09183673469387756
scratches_29.xml,scratches_29.jpg,scratches,52.0,61.0,80.0,158.0,28.0,97.0,2716.0,0.28865979381443296
scratches_29.xml,scratches_29.jpg,scratches,93.0,119.0,109.0,199.0,16.0,80.0,1280.0,0.2
scratches_29.xml,scratches_29.jpg,scratches,94.0,1.0,111.0,70.0,17.0,69.0,1173.0,0.2463768115942029
scratches_290.xml,scratches_290.jpg,scratches,10.0,28.0,159.0,43.0,149.0,15.0,2235.0,9.933333333333334
scratches_290.xml,scratches_290.jpg,scratches,24.0,62.0,192.0,79.0,168.0,17.0,2856.0,9.882352941176471
scratches_290.xml,scratches_290.jpg,inclusion,1.0,157.0,57.0,177.0,56.0,20.0,1120.0,2.8
scratches_291.xml,scratches_291.jpg,scratches,1.0,127.0,196.0,150.0,195.0,23.0,4485.0,8.478260869565217
scratches_292.xml,scratches_292.jpg,scratches,1.0,101.0,200.0,152.0,199.0,51.0,10149.0,3.9019607843137254
scratches_292.xml,scratches_292.jpg,scratches,1.0,163.0,194.0,177.0,193.0,14.0,2702.0,13.785714285714286
scratches_293.xml,scratches_293.jpg,scratches,77.0,173.0,194.0,189.0,117.0,16.0,1872.0,7.3125
scratches_293.xml,scratches_293.jpg,scratches,20.0,87.0,104.0,114.0,84.0,27.0,2268.0,3.111111111111111
scratches_294.xml,scratches_294.jpg,scratches,1.0,7.0,199.0,69.0,198.0,62.0,12276.0,3.193548387096774
scratches_294.xml,scratches_294.jpg,scratches,2.0,80.0,128.0,120.0,126.0,40.0,5040.0,3.15
scratches_294.xml,scratches_294.jpg,scratches,1.0,108.0,194.0,123.0,193.0,15.0,2895.0,12.866666666666667
scratches_295.xml,scratches_295.jpg,scratches,1.0,10.0,199.0,49.0,198.0,39.0,7722.0,5.076923076923077
scratches_295.xml,scratches_295.jpg,scratches,45.0,55.0,108.0,84.0,63.0,29.0,1827.0,2.1724137931034484
scratches_295.xml,scratches_295.jpg,scratches,63.0,98.0,197.0,136.0,134.0,38.0,5092.0,3.526315789473684
scratches_295.xml,scratches_295.jpg,scratches,1.0,121.0,59.0,138.0,58.0,17.0,986.0,3.411764705882353
scratches_296.xml,scratches_296.jpg,scratches,25.0,96.0,139.0,128.0,114.0,32.0,3648.0,3.5625
scratches_296.xml,scratches_296.jpg,scratches,112.0,141.0,200.0,156.0,88.0,15.0,1320.0,5.866666666666666
scratches_296.xml,scratches_296.jpg,scratches,1.0,141.0,76.0,153.0,75.0,12.0,900.0,6.25
scratches_296.xml,scratches_296.jpg,scratches,1.0,1.0,199.0,21.0,198.0,20.0,3960.0,9.9
scratches_296.xml,scratches_296.jpg,scratches,150.0,26.0,200.0,51.0,50.0,25.0,1250.0,2.0
scratches_297.xml,scratches_297.jpg,scratches,132.0,122.0,199.0,138.0,67.0,16.0,1072.0,4.1875
scratches_297.xml,scratches_297.jpg,scratches,13.0,121.0,99.0,135.0,86.0,14.0,1204.0,6.142857142857143
scratches_298.xml,scratches_298.jpg,scratches,6.0,7.0,199.0,44.0,193.0,37.0,7141.0,5.216216216216216
scratches_299.xml,scratches_299.jpg,scratches,2.0,135.0,200.0,186.0,198.0,51.0,10098.0,3.8823529411764706
scratches_3.xml,scratches_3.jpg,scratches,148.0,165.0,176.0,199.0,28.0,34.0,952.0,0.8235294117647058
scratches_3.xml,scratches_3.jpg,scratches,167.0,40.0,179.0,121.0,12.0,81.0,972.0,0.14814814814814814
scratches_30.xml,scratches_30.jpg,scratches,14.0,1.0,34.0,73.0,20.0,72.0,1440.0,0.2777777777777778
scratches_30.xml,scratches_30.jpg,scratches,61.0,1.0,77.0,26.0,16.0,25.0,400.0,0.64
scratches_30.xml,scratches_30.jpg,scratches,129.0,18.0,143.0,97.0,14.0,79.0,1106.0,0.17721518987341772
scratches_30.xml,scratches_30.jpg,scratches,88.0,91.0,114.0,190.0,26.0,99.0,2574.0,0.26262626262626265
scratches_30.xml,scratches_30.jpg,scratches,130.0,149.0,142.0,198.0,12.0,49.0,588.0,0.24489795918367346
scratches_31.xml,scratches_31.jpg,scratches,126.0,1.0,140.0,80.0,14.0,79.0,1106.0,0.17721518987341772
scratches_31.xml,scratches_31.jpg,scratches,123.0,115.0,137.0,199.0,14.0,84.0,1176.0,0.16666666666666666
scratches_32.xml,scratches_32.jpg,scratches,31.0,1.0,44.0,42.0,13.0,41.0,533.0,0.3170731707317073
scratches_32.xml,scratches_32.jpg,scratches,27.0,68.0,42.0,187.0,15.0,119.0,1785.0,0.12605042016806722
scratches_32.xml,scratches_32.jpg,scratches,177.0,61.0,193.0,180.0,16.0,119.0,1904.0,0.13445378151260504
scratches_32.xml,scratches_32.jpg,inclusion,105.0,84.0,120.0,116.0,15.0,32.0,480.0,0.46875
scratches_33.xml,scratches_33.jpg,scratches,107.0,30.0,124.0,150.0,17.0,120.0,2040.0,0.14166666666666666
scratches_33.xml,scratches_33.jpg,inclusion,38.0,47.0,52.0,80.0,14.0,33.0,462.0,0.42424242424242425
scratches_34.xml,scratches_34.jpg,scratches,135.0,37.0,160.0,198.0,25.0,161.0,4025.0,0.15527950310559005
scratches_35.xml,scratches_35.jpg,scratches,104.0,10.0,128.0,199.0,24.0,189.0,4536.0,0.12698412698412698
scratches_36.xml,scratches_36.jpg,scratches,38.0,10.0,62.0,199.0,24.0,189.0,4536.0,0.12698412698412698
scratches_37.xml,scratches_37.jpg,scratches,156.0,1.0,183.0,200.0,27.0,199.0,5373.0,0.135678391959799
scratches_38.xml,scratches_38.jpg,scratches,96.0,1.0,122.0,199.0,26.0,198.0,5148.0,0.13131313131313133
scratches_39.xml,scratches_39.jpg,scratches,12.0,1.0,39.0,199.0,27.0,198.0,5346.0,0.13636363636363635
scratches_4.xml,scratches_4.jpg,scratches,157.0,62.0,199.0,199.0,42.0,137.0,5754.0,0.30656934306569344
scratches_40.xml,scratches_40.jpg,scratches,121.0,1.0,144.0,199.0,23.0,198.0,4554.0,0.11616161616161616
scratches_41.xml,scratches_41.jpg,scratches,28.0,1.0,55.0,199.0,27.0,198.0,5346.0,0.13636363636363635
scratches_42.xml,scratches_42.jpg,scratches,93.0,1.0,122.0,182.0,29.0,181.0,5249.0,0.16022099447513813
scratches_43.xml,scratches_43.jpg,scratches,79.0,14.0,95.0,188.0,16.0,174.0,2784.0,0.09195402298850575
scratches_44.xml,scratches_44.jpg,scratches,93.0,8.0,111.0,190.0,18.0,182.0,3276.0,0.0989010989010989
scratches_45.xml,scratches_45.jpg,scratches,1.0,78.0,199.0,100.0,198.0,22.0,4356.0,9.0
scratches_46.xml,scratches_46.jpg,scratches,1.0,149.0,194.0,169.0,193.0,20.0,3860.0,9.65
scratches_47.xml,scratches_47.jpg,scratches,28.0,44.0,52.0,199.0,24.0,155.0,3720.0,0.15483870967741936
scratches_48.xml,scratches_48.jpg,scratches,157.0,44.0,181.0,198.0,24.0,154.0,3696.0,0.15584415584415584
scratches_48.xml,scratches_48.jpg,inclusion,36.0,1.0,53.0,43.0,17.0,42.0,714.0,0.40476190476190477
scratches_49.xml,scratches_49.jpg,scratches,80.0,32.0,107.0,199.0,27.0,167.0,4509.0,0.16167664670658682
scratches_5.xml,scratches_5.jpg,scratches,140.0,40.0,198.0,199.0,58.0,159.0,9222.0,0.36477987421383645
scratches_50.xml,scratches_50.jpg,scratches,34.0,1.0,67.0,198.0,33.0,197.0,6501.0,0.16751269035532995
scratches_51.xml,scratches_51.jpg,scratches,134.0,1.0,163.0,198.0,29.0,197.0,5713.0,0.14720812182741116
scratches_52.xml,scratches_52.jpg,scratches,97.0,1.0,130.0,199.0,33.0,198.0,6534.0,0.16666666666666666
scratches_53.xml,scratches_53.jpg,scratches,144.0,1.0,184.0,198.0,40.0,197.0,7880.0,0.20304568527918782
scratches_54.xml,scratches_54.jpg,scratches,32.0,1.0,76.0,199.0,44.0,198.0,8712.0,0.2222222222222222
scratches_55.xml,scratches_55.jpg,scratches,86.0,1.0,126.0,199.0,40.0,198.0,7920.0,0.20202020202020202
scratches_56.xml,scratches_56.jpg,scratches,131.0,1.0,168.0,198.0,37.0,197.0,7289.0,0.18781725888324874
scratches_57.xml,scratches_57.jpg,scratches,70.0,1.0,102.0,156.0,32.0,155.0,4960.0,0.2064516129032258
scratches_58.xml,scratches_58.jpg,scratches,18.0,1.0,50.0,181.0,32.0,180.0,5760.0,0.17777777777777778
scratches_59.xml,scratches_59.jpg,scratches,1.0,85.0,198.0,119.0,197.0,34.0,6698.0,5.794117647058823
scratches_6.xml,scratches_6.jpg,scratches,89.0,17.0,153.0,198.0,64.0,181.0,11584.0,0.35359116022099446
scratches_6.xml,scratches_6.jpg,scratches,151.0,46.0,164.0,137.0,13.0,91.0,1183.0,0.14285714285714285
scratches_6.xml,scratches_6.jpg,scratches,151.0,140.0,161.0,200.0,10.0,60.0,600.0,0.16666666666666666
scratches_60.xml,scratches_60.jpg,scratches,1.0,165.0,198.0,195.0,197.0,30.0,5910.0,6.566666666666666
scratches_61.xml,scratches_61.jpg,scratches,1.0,25.0,190.0,57.0,189.0,32.0,6048.0,5.90625
scratches_62.xml,scratches_62.jpg,scratches,21.0,25.0,199.0,54.0,178.0,29.0,5162.0,6.137931034482759
scratches_63.xml,scratches_63.jpg,scratches,1.0,119.0,177.0,152.0,176.0,33.0,5808.0,5.333333333333333
scratches_64.xml,scratches_64.jpg,scratches,1.0,27.0,197.0,60.0,196.0,33.0,6468.0,5.9393939393939394
scratches_65.xml,scratches_65.jpg,scratches,2.0,129.0,199.0,157.0,197.0,28.0,5516.0,7.035714285714286
scratches_66.xml,scratches_66.jpg,scratches,77.0,1.0,97.0,198.0,20.0,197.0,3940.0,0.10152284263959391
scratches_66.xml,scratches_66.jpg,scratches,103.0,1.0,123.0,198.0,20.0,197.0,3940.0,0.10152284263959391
scratches_66.xml,scratches_66.jpg,scratches,130.0,13.0,145.0,120.0,15.0,107.0,1605.0,0.14018691588785046
scratches_67.xml,scratches_67.jpg,scratches,33.0,1.0,52.0,198.0,19.0,197.0,3743.0,0.09644670050761421
scratches_67.xml,scratches_67.jpg,scratches,57.0,23.0,71.0,198.0,14.0,175.0,2450.0,0.08
scratches_68.xml,scratches_68.jpg,scratches,5.0,30.0,27.0,198.0,22.0,168.0,3696.0,0.13095238095238096
scratches_68.xml,scratches_68.jpg,scratches,32.0,44.0,51.0,162.0,19.0,118.0,2242.0,0.16101694915254236
scratches_68.xml,scratches_68.jpg,scratches,108.0,62.0,123.0,195.0,15.0,133.0,1995.0,0.11278195488721804
scratches_69.xml,scratches_69.jpg,scratches,148.0,1.0,163.0,198.0,15.0,197.0,2955.0,0.07614213197969544
scratches_69.xml,scratches_69.jpg,inclusion,85.0,18.0,107.0,105.0,22.0,87.0,1914.0,0.25287356321839083
scratches_7.xml,scratches_7.jpg,scratches,17.0,3.0,82.0,198.0,65.0,195.0,12675.0,0.3333333333333333
scratches_7.xml,scratches_7.jpg,scratches,80.0,40.0,93.0,110.0,13.0,70.0,910.0,0.18571428571428572
scratches_7.xml,scratches_7.jpg,scratches,78.0,129.0,92.0,199.0,14.0,70.0,980.0,0.2
scratches_7.xml,scratches_7.jpg,inclusion,127.0,1.0,148.0,47.0,21.0,46.0,966.0,0.45652173913043476
scratches_70.xml,scratches_70.jpg,scratches,126.0,5.0,145.0,191.0,19.0,186.0,3534.0,0.10215053763440861
scratches_70.xml,scratches_70.jpg,scratches,164.0,1.0,176.0,191.0,12.0,190.0,2280.0,0.06315789473684211
scratches_71.xml,scratches_71.jpg,scratches,84.0,4.0,98.0,199.0,14.0,195.0,2730.0,0.07179487179487179
scratches_72.xml,scratches_72.jpg,scratches,18.0,4.0,32.0,197.0,14.0,193.0,2702.0,0.07253886010362694
scratches_73.xml,scratches_73.jpg,scratches,165.0,1.0,177.0,185.0,12.0,184.0,2208.0,0.06521739130434782
scratches_74.xml,scratches_74.jpg,scratches,143.0,123.0,160.0,196.0,17.0,73.0,1241.0,0.2328767123287671
scratches_74.xml,scratches_74.jpg,scratches,174.0,65.0,188.0,196.0,14.0,131.0,1834.0,0.10687022900763359
scratches_75.xml,scratches_75.jpg,scratches,34.0,91.0,53.0,192.0,19.0,101.0,1919.0,0.18811881188118812
scratches_75.xml,scratches_75.jpg,scratches,66.0,37.0,79.0,184.0,13.0,147.0,1911.0,0.08843537414965986
scratches_75.xml,scratches_75.jpg,scratches,130.0,8.0,141.0,186.0,11.0,178.0,1958.0,0.06179775280898876
scratches_76.xml,scratches_76.jpg,scratches,160.0,34.0,173.0,199.0,13.0,165.0,2145.0,0.07878787878787878
scratches_77.xml,scratches_77.jpg,scratches,169.0,1.0,184.0,198.0,15.0,197.0,2955.0,0.07614213197969544
scratches_77.xml,scratches_77.jpg,scratches,104.0,40.0,115.0,198.0,11.0,158.0,1738.0,0.06962025316455696
scratches_78.xml,scratches_78.jpg,scratches,101.0,10.0,116.0,199.0,15.0,189.0,2835.0,0.07936507936507936
scratches_78.xml,scratches_78.jpg,scratches,151.0,16.0,162.0,199.0,11.0,183.0,2013.0,0.060109289617486336
scratches_78.xml,scratches_78.jpg,scratches,37.0,57.0,47.0,197.0,10.0,140.0,1400.0,0.07142857142857142
scratches_79.xml,scratches_79.jpg,scratches,51.0,6.0,69.0,200.0,18.0,194.0,3492.0,0.09278350515463918
scratches_79.xml,scratches_79.jpg,scratches,101.0,22.0,115.0,200.0,14.0,178.0,2492.0,0.07865168539325842
scratches_8.xml,scratches_8.jpg,scratches,158.0,1.0,199.0,147.0,41.0,146.0,5986.0,0.2808219178082192
scratches_8.xml,scratches_8.jpg,scratches,169.0,107.0,189.0,170.0,20.0,63.0,1260.0,0.31746031746031744
scratches_80.xml,scratches_80.jpg,scratches,139.0,1.0,152.0,199.0,13.0,198.0,2574.0,0.06565656565656566
scratches_81.xml,scratches_81.jpg,scratches,75.0,1.0,89.0,195.0,14.0,194.0,2716.0,0.07216494845360824
scratches_81.xml,scratches_81.jpg,scratches,142.0,1.0,156.0,170.0,14.0,169.0,2366.0,0.08284023668639054
scratches_82.xml,scratches_82.jpg,scratches,24.0,3.0,36.0,179.0,12.0,176.0,2112.0,0.06818181818181818
scratches_82.xml,scratches_82.jpg,scratches,90.0,1.0,105.0,167.0,15.0,166.0,2490.0,0.09036144578313253
scratches_82.xml,scratches_82.jpg,scratches,140.0,1.0,151.0,176.0,11.0,175.0,1925.0,0.06285714285714286
scratches_83.xml,scratches_83.jpg,scratches,23.0,1.0,37.0,128.0,14.0,127.0,1778.0,0.11023622047244094
scratches_83.xml,scratches_83.jpg,scratches,74.0,1.0,84.0,141.0,10.0,140.0,1400.0,0.07142857142857142
scratches_84.xml,scratches_84.jpg,scratches,142.0,19.0,153.0,196.0,11.0,177.0,1947.0,0.062146892655367235
scratches_85.xml,scratches_85.jpg,scratches,103.0,15.0,118.0,197.0,15.0,182.0,2730.0,0.08241758241758242
scratches_85.xml,scratches_85.jpg,scratches,172.0,33.0,180.0,198.0,8.0,165.0,1320.0,0.048484848484848485
scratches_87.xml,scratches_87.jpg,scratches,150.0,1.0,164.0,193.0,14.0,192.0,2688.0,0.07291666666666667
scratches_88.xml,scratches_88.jpg,scratches,103.0,1.0,116.0,186.0,13.0,185.0,2405.0,0.07027027027027027
scratches_88.xml,scratches_88.jpg,scratches,172.0,1.0,181.0,193.0,9.0,192.0,1728.0,0.046875
scratches_89.xml,scratches_89.jpg,scratches,65.0,4.0,76.0,175.0,11.0,171.0,1881.0,0.06432748538011696
scratches_89.xml,scratches_89.jpg,scratches,97.0,1.0,108.0,161.0,11.0,160.0,1760.0,0.06875
scratches_9.xml,scratches_9.jpg,scratches,132.0,1.0,180.0,170.0,48.0,169.0,8112.0,0.28402366863905326
scratches_9.xml,scratches_9.jpg,scratches,142.0,121.0,164.0,199.0,22.0,78.0,1716.0,0.28205128205128205
scratches_90.xml,scratches_90.jpg,scratches,170.0,52.0,191.0,199.0,21.0,147.0,3087.0,0.14285714285714285
scratches_90.xml,scratches_90.jpg,scratches,142.0,113.0,154.0,198.0,12.0,85.0,1020.0,0.1411764705882353
scratches_91.xml,scratches_91.jpg,scratches,84.0,19.0,107.0,199.0,23.0,180.0,4140.0,0.12777777777777777
scratches_92.xml,scratches_92.jpg,scratches,35.0,2.0,52.0,199.0,17.0,197.0,3349.0,0.08629441624365482
scratches_92.xml,scratches_92.jpg,scratches,60.0,31.0,90.0,192.0,30.0,161.0,4830.0,0.18633540372670807
scratches_92.xml,scratches_92.jpg,inclusion,173.0,169.0,190.0,200.0,17.0,31.0,527.0,0.5483870967741935
scratches_93.xml,scratches_93.jpg,scratches,28.0,88.0,41.0,197.0,13.0,109.0,1417.0,0.11926605504587157
scratches_93.xml,scratches_93.jpg,scratches,61.0,52.0,80.0,196.0,19.0,144.0,2736.0,0.13194444444444445
scratches_94.xml,scratches_94.jpg,scratches,93.0,1.0,115.0,199.0,22.0,198.0,4356.0,0.1111111111111111
scratches_94.xml,scratches_94.jpg,scratches,22.0,97.0,42.0,199.0,20.0,102.0,2040.0,0.19607843137254902
scratches_94.xml,scratches_94.jpg,scratches,120.0,35.0,145.0,173.0,25.0,138.0,3450.0,0.18115942028985507
scratches_94.xml,scratches_94.jpg,inclusion,71.0,95.0,85.0,121.0,14.0,26.0,364.0,0.5384615384615384
scratches_94.xml,scratches_94.jpg,inclusion,72.0,144.0,84.0,172.0,12.0,28.0,336.0,0.42857142857142855
scratches_95.xml,scratches_95.jpg,scratches,21.0,36.0,35.0,198.0,14.0,162.0,2268.0,0.08641975308641975
scratches_96.xml,scratches_96.jpg,scratches,154.0,1.0,177.0,150.0,23.0,149.0,3427.0,0.15436241610738255
scratches_97.xml,scratches_97.jpg,scratches,79.0,49.0,93.0,200.0,14.0,151.0,2114.0,0.09271523178807947
scratches_97.xml,scratches_97.jpg,scratches,112.0,9.0,129.0,194.0,17.0,185.0,3145.0,0.0918918918918919
scratches_97.xml,scratches_97.jpg,inclusion,42.0,97.0,56.0,142.0,14.0,45.0,630.0,0.3111111111111111
scratches_98.xml,scratches_98.jpg,scratches,6.0,130.0,199.0,146.0,193.0,16.0,3088.0,12.0625
scratches_99.xml,scratches_99.jpg,scratches,1.0,136.0,199.0,163.0,198.0,27.0,5346.0,7.333333333333333
